{"type":"FeatureCollection","features":[{"type":"Feature","properties":{"NAMEUNIT":"Ústí nad Labem","COUNTRY":"Czech Republic","boundary_level":"admin1"},"geometry":{"type":"Polygon","coordinates":[[[14.35657,51.032338],[14.397808,51.013115],[14.462094,51.019652],[14.482144,51.037196],[14.502918,51.008516],[14.574335,50.975494],[14.575575,50.95069],[14.550357,50.912087],[14.629215,50.920717],[14.634589,50.9094],[14.604976,50.844581],[14.559514,50.833155],[14.537849,50.790132],[14.513592,50.786968],[14.448838,50.822212],[14.410342,50.740452],[14.340381,50.677171],[14.39628,50.554827],[14.467537,50.517331],[14.475271,50.494391],[14.451563,50.44938],[14.393379,50.423233],[14.357827,50.427265],[14.370066,50.375431],[14.349126,50.349284],[14.279934,50.343285],[14.237571,50.325202],[14.0042,50.331816],[13.981656,50.29177],[13.942588,50.287376],[13.854126,50.244222],[13.816465,50.250165],[13.72117,50.218338],[13.662503,50.217514],[13.529502,50.168724],[13.454092,50.106925],[13.370596,50.077493],[13.316477,50.087721],[13.24678,50.133018],[13.272246,50.160044],[13.231575,50.218283],[13.231421,50.304888],[13.219644,50.333211],[13.114285,50.352283],[13.076558,50.380287],[13.011233,50.385143],[12.960631,50.409234],[12.996602,50.433667],[13.009624,50.492681],[13.160106,50.497022],[13.19907,50.525341],[13.232349,50.58203],[13.284646,50.568956],[13.305627,50.575777],[13.321853,50.60239],[13.368775,50.628332],[13.407016,50.601305],[13.447944,50.597274],[13.498173,50.629159],[13.493315,50.643215],[13.523288,50.66218],[13.51564,50.691016],[13.556567,50.706725],[13.834535,50.723675],[13.882181,50.742744],[13.87908,50.763518],[13.892516,50.780416],[13.923315,50.779951],[13.959592,50.802068],[14.034936,50.802585],[14.190792,50.847905],[14.232133,50.879376],[14.346545,50.880203],[14.375897,50.895964],[14.381892,50.920872],[14.292802,50.95348],[14.303757,50.969707],[14.238335,50.982471],[14.287531,51.036834],[14.35657,51.032338]]]}},{"type":"Feature","properties":{"NAMEUNIT":"Sajonia","COUNTRY":"Germany","boundary_level":"admin1"},"geometry":{"type":"Polygon","coordinates":[[[14.386749,51.01327],[14.35657,51.032338],[14.287531,51.036834],[14.238335,50.982471],[14.303757,50.969707],[14.292802,50.95348],[14.381892,50.920872],[14.375897,50.895964],[14.346545,50.880203],[14.232133,50.879376],[14.190792,50.847905],[14.034936,50.802585],[13.959592,50.802068],[13.923315,50.779951],[13.892516,50.780416],[13.87908,50.763518],[13.882181,50.742744],[13.834535,50.723675],[13.556567,50.706725],[13.51564,50.691016],[13.523288,50.66218],[13.493315,50.643215],[13.498173,50.629159],[13.447944,50.597274],[13.407016,50.601305],[13.368775,50.628332],[13.321853,50.60239],[13.305627,50.575777],[13.284646,50.568956],[13.232349,50.58203],[13.19907,50.525341],[13.160106,50.497022],[13.009624,50.492681],[12.996602,50.433667],[12.952573,50.40416],[12.918363,50.4054],[12.817388,50.44302],[12.737909,50.431548],[12.691814,50.394651],[12.510223,50.38876],[12.475083,50.369433],[12.466815,50.34189],[12.398189,50.315173],[12.336487,50.258587],[12.308685,50.217091],[12.314369,50.167327],[12.300417,50.160815],[12.273235,50.172339],[12.254321,50.217401],[12.22993,50.234816],[12.239645,50.256572],[12.178047,50.268767],[12.168538,50.302977],[11.989429,50.349175],[11.981212,50.385323],[11.940543,50.414546],[11.897393,50.423408],[11.947519,50.462243],[11.925815,50.488391],[11.934032,50.506271],[11.989429,50.546114],[12.048547,50.531567],[12.081154,50.561255],[12.145388,50.562547],[12.158721,50.603733],[12.186936,50.626367],[12.252927,50.626316],[12.301503,50.65156],[12.321812,50.674013],[12.278817,50.679698],[12.268895,50.718248],[12.241248,50.722176],[12.249206,50.742588],[12.289049,50.76331],[12.256803,50.782327],[12.258043,50.792507],[12.370542,50.825994],[12.424389,50.82434],[12.507847,50.88152],[12.61089,50.870125],[12.646908,50.892398],[12.602208,50.952472],[12.532393,50.979679],[12.491414,51.028462],[12.483662,51.058331],[12.328943,51.087838],[12.222644,51.088975],[12.179495,51.136827],[12.184146,51.164061],[12.153295,51.170004],[12.168022,51.197444],[12.164612,51.226512],[12.141668,51.252944],[12.132314,51.291753],[12.146008,51.313612],[12.181665,51.324774],[12.186316,51.343507],[12.15624,51.446111],[12.190708,51.47014],[12.195359,51.528741],[12.235357,51.56215],[12.29773,51.551221],[12.43059,51.57246],[12.45245,51.603776],[12.662101,51.60145],[12.715328,51.638192],[12.781577,51.627004],[12.862037,51.668319],[12.891027,51.670076],[12.914695,51.649897],[12.977844,51.627702],[13.015258,51.635091],[13.169202,51.570599],[13.165326,51.545304],[13.196022,51.528638],[13.210336,51.496495],[13.189045,51.476186],[13.199949,51.458048],[13.193231,51.422598],[13.173853,51.406837],[13.184085,51.386528],[13.21938,51.402935],[13.252194,51.385236],[13.410789,51.421409],[13.533882,51.363739],[13.766478,51.347977],[13.970341,51.359191],[14.106147,51.5059],[14.220972,51.536286],[14.338588,51.509931],[14.509275,51.556853],[14.595368,51.562486],[14.70677,51.540828],[14.732155,51.515823],[14.910955,51.468978],[14.945061,51.449186],[14.955397,51.435415],[14.946922,51.422909],[14.960978,51.335291],[15.019476,51.271678],[15.022059,51.23677],[14.991364,51.18897],[14.955293,51.064042],[14.860209,50.916842],[14.810496,50.877051],[14.785071,50.820052],[14.759233,50.810181],[14.700425,50.815969],[14.613195,50.84558],[14.629215,50.920717],[14.550357,50.912087],[14.575575,50.95069],[14.574335,50.975494],[14.502918,51.008516],[14.482144,51.037196],[14.462094,51.019652],[14.386749,51.01327]]]}},{"type":"Feature","properties":{"NAMEUNIT":"Liberec","COUNTRY":"Czech Republic","boundary_level":"admin1"},"geometry":{"type":"Polygon","coordinates":[[[14.608338,50.853073],[14.700425,50.815969],[14.759233,50.810181],[14.785071,50.820052],[14.810393,50.858447],[14.982062,50.859067],[14.981132,50.90909],[14.997771,50.930174],[14.996635,50.959216],[14.960978,50.992651],[15.003973,51.020685],[15.107946,50.981024],[15.13151,51.005828],[15.156108,51.007844],[15.170164,50.977975],[15.227111,50.977406],[15.269796,50.952653],[15.25605,50.899892],[15.28778,50.854881],[15.341006,50.83173],[15.356096,50.775455],[15.370255,50.772613],[15.400124,50.797986],[15.441775,50.800208],[15.522128,50.782361],[15.56951,50.710866],[15.563951,50.655726],[15.591285,50.61835],[15.586099,50.575064],[15.62253,50.502334],[15.605787,50.492908],[15.52919,50.501543],[15.479554,50.522956],[15.448199,50.514463],[15.439366,50.470166],[15.422557,50.460378],[15.343631,50.506081],[15.300037,50.517331],[15.224209,50.482405],[15.09534,50.534953],[15.07596,50.576657],[15.043352,50.573196],[15.005537,50.595312],[14.951682,50.603431],[14.904507,50.600431],[14.826306,50.53759],[14.704314,50.488426],[14.597242,50.472561],[14.571973,50.495116],[14.475271,50.494391],[14.467537,50.517331],[14.39628,50.554827],[14.340381,50.677171],[14.410342,50.740452],[14.448838,50.822212],[14.522139,50.785683],[14.544287,50.795175],[14.559514,50.833155],[14.59867,50.838736],[14.608338,50.853073]]]}},{"type":"Feature","properties":{"NAMEUNIT":"Karlovy Vary","COUNTRY":"Czech Republic","boundary_level":"admin1"},"geometry":{"type":"Polygon","coordinates":[[[12.960631,50.409234],[13.011233,50.385143],[13.076558,50.380287],[13.114285,50.352283],[13.197891,50.34334],[13.224763,50.326751],[13.231575,50.218283],[13.272246,50.160044],[13.24678,50.133018],[13.289934,50.108475],[13.269434,50.095873],[13.279497,50.063398],[13.213184,50.049851],[13.21804,49.999007],[13.186179,50.000468],[13.15043,50.026462],[13.081436,50.035152],[12.946897,49.979583],[12.925166,49.928716],[12.87252,49.938977],[12.836023,49.925014],[12.806734,49.941746],[12.729082,49.942757],[12.68751,49.91561],[12.620713,49.922179],[12.580855,49.900262],[12.524072,49.904965],[12.462681,49.931269],[12.468158,49.970233],[12.451312,49.980568],[12.414518,49.983048],[12.24688,50.044957],[12.232514,50.08051],[12.179184,50.117976],[12.185592,50.155699],[12.17505,50.182623],[12.079552,50.242722],[12.110971,50.276622],[12.076141,50.315173],[12.149315,50.311711],[12.168538,50.302977],[12.178047,50.268767],[12.239645,50.256572],[12.22993,50.234816],[12.254321,50.217401],[12.273235,50.172339],[12.300417,50.160815],[12.314369,50.167327],[12.308685,50.217091],[12.336487,50.258587],[12.398189,50.315173],[12.466815,50.34189],[12.475083,50.369433],[12.510223,50.38876],[12.691814,50.394651],[12.737909,50.431548],[12.817388,50.44302],[12.918363,50.4054],[12.960631,50.409234]]]}},{"type":"Feature","properties":{"NAMEUNIT":"Baviera","COUNTRY":"Germany","boundary_level":"admin1"},"geometry":{"type":"Polygon","coordinates":[[[12.076141,50.315173],[12.110971,50.276622],[12.079552,50.242722],[12.17505,50.182623],[12.185592,50.155699],[12.179184,50.117976],[12.232514,50.08051],[12.24688,50.044957],[12.414518,49.983048],[12.451312,49.980568],[12.468158,49.970233],[12.462681,49.931269],[12.524072,49.904965],[12.482524,49.827244],[12.462474,49.831223],[12.452655,49.779702],[12.383616,49.742856],[12.419583,49.700223],[12.496374,49.669993],[12.501955,49.619711],[12.546603,49.595579],[12.58288,49.522405],[12.622981,49.509847],[12.627218,49.460186],[12.643548,49.42949],[12.729331,49.391147],[12.777907,49.332545],[12.856662,49.32221],[12.875369,49.323864],[12.870925,49.336731],[12.88467,49.339573],[12.939861,49.326758],[12.999806,49.294925],[13.011278,49.267795],[13.178503,49.118347],[13.299529,49.093645],[13.372393,49.038507],[13.398541,48.977683],[13.458899,48.945024],[13.482257,48.937634],[13.51595,48.970242],[13.608657,48.946161],[13.637389,48.893451],[13.724671,48.867303],[13.815725,48.76643],[13.783582,48.71527],[13.816862,48.695582],[13.800945,48.675221],[13.802392,48.611711],[13.77428,48.569207],[13.733869,48.559776],[13.716506,48.521691],[13.624367,48.565357],[13.520704,48.584581],[13.454558,48.573445],[13.440089,48.560965],[13.459209,48.516394],[13.438228,48.478541],[13.436161,48.430585],[13.405569,48.376583],[13.274207,48.307104],[13.136438,48.291059],[13.032775,48.263567],[12.93304,48.209255],[12.862553,48.196646],[12.738943,48.113447],[12.760234,48.064871],[12.830617,48.015468],[12.862036,47.962552],[12.931076,47.924879],[12.991227,47.847106],[12.892009,47.723548],[12.964045,47.705358],[13.019856,47.712929],[13.064091,47.67399],[13.072049,47.622417],[13.038253,47.584022],[13.04125,47.561904],[13.028124,47.541647],[13.037323,47.493045],[13.001873,47.466019],[12.942548,47.470489],[12.77894,47.554825],[12.773669,47.5795],[12.785865,47.602677],[12.81315,47.611824],[12.751655,47.649392],[12.761991,47.666859],[12.653057,47.675127],[12.598383,47.66288],[12.538232,47.631331],[12.49658,47.628903],[12.444697,47.656291],[12.42413,47.69156],[12.238715,47.6789],[12.223315,47.695901],[12.242229,47.732023],[12.1766,47.705823],[12.205125,47.672285],[12.206779,47.645568],[12.173603,47.60508],[11.935891,47.610738],[11.851969,47.599163],[11.820343,47.575288],[11.620458,47.589654],[11.589142,47.570379],[11.551212,47.51369],[11.412616,47.506094],[11.365487,47.469326],[11.388638,47.46222],[11.383884,47.444857],[11.305645,47.4354],[11.237019,47.393956],[11.213041,47.395816],[11.215212,47.422998],[11.193818,47.428941],[11.083747,47.389512],[10.979464,47.390545],[10.955279,47.409614],[10.959827,47.432506],[10.909907,47.46899],[10.858438,47.485165],[10.851616,47.493097],[10.892234,47.514879],[10.858644,47.530666],[10.760769,47.513638],[10.739892,47.52847],[10.583726,47.562473],[10.536907,47.529865],[10.482543,47.532862],[10.453501,47.546246],[10.457118,47.579242],[10.429213,47.57702],[10.414227,47.573015],[10.43097,47.542164],[10.419601,47.493045],[10.44761,47.472581],[10.451951,47.438759],[10.428283,47.396049],[10.371646,47.367394],[10.305913,47.302178],[10.239354,47.277735],[10.159876,47.271121],[10.168661,47.290422],[10.190778,47.298251],[10.209278,47.372484],[10.190881,47.379228],[10.082878,47.359074],[10.053215,47.40486],[10.075953,47.416874],[10.071819,47.439121],[10.022623,47.487955],[9.982625,47.481031],[9.945935,47.540769],[9.833487,47.534619],[9.813127,47.54175],[9.807959,47.576322],[9.782121,47.588414],[9.752665,47.582058],[9.703986,47.531415],[9.676701,47.52263],[9.554144,47.532743],[9.61438,47.588878],[9.680009,47.611564],[9.715046,47.604847],[9.864649,47.674816],[9.953274,47.659468],[10.052699,47.679726],[10.075695,47.649702],[10.090113,47.679261],[10.127062,47.677297],[10.11714,47.762821],[10.079261,47.790003],[10.129542,47.816513],[10.103911,47.859921],[10.086082,47.865864],[10.106236,47.897749],[10.110267,47.933948],[10.085307,47.965961],[10.130162,48.034924],[10.139309,48.094429],[10.054095,48.304855],[9.980559,48.381337],[10.043863,48.436579],[10.040762,48.450015],[10.064068,48.471228],[10.130007,48.487842],[10.153417,48.465828],[10.250568,48.505153],[10.268242,48.528304],[10.319453,48.532645],[10.311392,48.539777],[10.323794,48.579464],[10.311082,48.604915],[10.332941,48.623286],[10.269482,48.669484],[10.293873,48.703022],[10.351131,48.68876],[10.371905,48.664498],[10.431023,48.705089],[10.444355,48.699302],[10.432108,48.677649],[10.438464,48.667572],[10.495101,48.699457],[10.471072,48.733744],[10.431643,48.755887],[10.459135,48.83056],[10.448076,48.849628],[10.455569,48.898928],[10.44482,48.906472],[10.467506,48.921149],[10.357177,49.031581],[10.274443,49.050185],[10.278319,49.066411],[10.25925,49.078839],[10.261421,49.091061],[10.22964,49.102972],[10.253979,49.110439],[10.263281,49.147595],[10.241732,49.160462],[10.218736,49.155088],[10.147681,49.203483],[10.161323,49.212139],[10.126752,49.267587],[10.159153,49.268931],[10.146751,49.29911],[10.154037,49.31668],[10.121791,49.33487],[10.121791,49.369545],[10.139619,49.383549],[10.171555,49.382051],[10.140394,49.432874],[10.112437,49.44215],[10.132023,49.472381],[10.120551,49.49207],[10.127527,49.511448],[10.09864,49.519458],[10.102671,49.536021],[10.085152,49.544315],[10.05735,49.527287],[10.065774,49.509226],[10.027895,49.483233],[9.936324,49.481735],[9.929813,49.550361],[9.912295,49.56235],[9.912915,49.579041],[9.863874,49.545038],[9.839224,49.548165],[9.882322,49.611184],[9.835658,49.649321],[9.832971,49.688673],[9.794524,49.721306],[9.7275,49.687303],[9.704969,49.721255],[9.677529,49.690533],[9.652672,49.688285],[9.630503,49.699034],[9.646936,49.728851],[9.649262,49.783163],[9.601926,49.770838],[9.472528,49.795591],[9.339771,49.783163],[9.312331,49.765671],[9.313623,49.732107],[9.36654,49.721255],[9.368865,49.698414],[9.397132,49.718154],[9.424262,49.711178],[9.422867,49.651233],[9.404419,49.640071],[9.376617,49.650458],[9.293779,49.633276],[9.289594,49.610538],[9.259001,49.578835],[9.11069,49.575114],[9.072656,49.610874],[9.11131,49.639813],[9.099476,49.686425],[9.135029,49.697949],[9.148982,49.743579],[9.119681,49.761924],[9.14092,49.787349],[9.099166,49.800268],[9.091259,49.843315],[9.068935,49.831429],[9.026716,49.907393],[9.028111,49.985425],[9.053122,49.981652],[9.02594,50.044956],[8.976589,50.052785],[9.005942,50.06635],[9.012143,50.099061],[9.110845,50.125881],[9.154873,50.111205],[9.149292,50.097563],[9.188101,50.119835],[9.193527,50.136527],[9.235127,50.14433],[9.329126,50.139291],[9.377547,50.123246],[9.406744,50.092343],[9.506686,50.108105],[9.52901,50.166861],[9.498418,50.178798],[9.507926,50.23559],[9.59774,50.224015],[9.661199,50.23435],[9.658253,50.254349],[9.673498,50.275123],[9.748584,50.30556],[9.742848,50.347108],[9.778969,50.414262],[9.80181,50.419248],[9.828475,50.400697],[9.858913,50.398991],[9.980869,50.437335],[10.055025,50.516503],[10.126132,50.562857],[10.130007,50.548078],[10.197187,50.548181],[10.2315,50.512628],[10.327515,50.489115],[10.341054,50.458781],[10.399397,50.422943],[10.392214,50.408706],[10.401102,50.397441],[10.449471,50.399146],[10.499752,50.353516],[10.552359,50.358787],[10.591323,50.325972],[10.609151,50.230681],[10.720566,50.207272],[10.738911,50.247683],[10.845674,50.246546],[10.841127,50.27011],[10.714985,50.321942],[10.721961,50.357443],[10.757824,50.357753],[10.788882,50.386253],[10.943394,50.387338],[10.987939,50.349899],[10.997551,50.363645],[11.049693,50.347728],[11.112531,50.365195],[11.156456,50.32915],[11.135372,50.309333],[11.143279,50.301219],[11.19232,50.271557],[11.207513,50.285096],[11.255313,50.274864],[11.265855,50.305043],[11.259034,50.320908],[11.280273,50.358632],[11.259034,50.403229],[11.248647,50.47263],[11.316292,50.492526],[11.346729,50.518725],[11.427086,50.513093],[11.438713,50.497202],[11.420575,50.485704],[11.421195,50.443045],[11.477212,50.427491],[11.487289,50.396717],[11.525788,50.379147],[11.569816,50.394599],[11.621182,50.386796],[11.784738,50.414262],[11.828818,50.391059],[11.931706,50.416923],[11.981212,50.385323],[11.989429,50.349175],[12.101344,50.31398],[12.076141,50.315173]]]}},{"type":"Feature","properties":{"NAMEUNIT":"Pilsen","COUNTRY":"Czech Republic","boundary_level":"admin1"},"geometry":{"type":"Polygon","coordinates":[[[12.482524,49.827244],[12.524072,49.904965],[12.580855,49.900262],[12.620713,49.922179],[12.68751,49.91561],[12.729082,49.942757],[12.806734,49.941746],[12.836023,49.925014],[12.87252,49.938977],[12.925166,49.928716],[12.946897,49.979583],[13.076822,50.034515],[13.15043,50.026462],[13.186179,50.000468],[13.21804,49.999007],[13.213184,50.049851],[13.279497,50.063398],[13.269434,50.095873],[13.289934,50.108475],[13.32564,50.084755],[13.384439,50.077416],[13.405686,50.087183],[13.418079,50.062837],[13.410323,50.032713],[13.467891,50.041029],[13.514934,50.029823],[13.572327,49.996073],[13.654461,49.994085],[13.812071,49.92419],[13.835845,49.869928],[13.807412,49.859546],[13.790669,49.811745],[13.782144,49.757077],[13.805545,49.741366],[13.689024,49.682194],[13.709546,49.665583],[13.693836,49.656299],[13.710008,49.644775],[13.701109,49.624988],[13.73899,49.601785],[13.741319,49.561169],[13.763643,49.536153],[13.755579,49.489494],[13.783858,49.427992],[13.774234,49.388804],[13.781836,49.343606],[13.736353,49.279578],[13.704119,49.259792],[13.710008,49.241444],[13.695066,49.22057],[13.718072,49.193203],[13.685157,49.177779],[13.649121,49.136437],[13.608977,49.124891],[13.592388,49.052513],[13.542884,49.009413],[13.522395,48.969342],[13.5021,48.966056],[13.482257,48.937634],[13.427273,48.959958],[13.384175,48.993031],[13.372393,49.038507],[13.299529,49.093645],[13.178503,49.118347],[13.011278,49.267795],[12.999806,49.294925],[12.939861,49.326758],[12.88467,49.339573],[12.870925,49.336731],[12.875369,49.323864],[12.856662,49.32221],[12.777907,49.332545],[12.729331,49.391147],[12.643548,49.42949],[12.627218,49.460186],[12.622981,49.509847],[12.58288,49.522405],[12.546603,49.595579],[12.501955,49.619711],[12.496374,49.669993],[12.419583,49.700223],[12.383616,49.742856],[12.452655,49.779702],[12.462474,49.831223],[12.482524,49.827244]]]}},{"type":"Feature","properties":{"NAMEUNIT":"Bohemia Meridional","COUNTRY":"Czech Republic","boundary_level":"admin1"},"geometry":{"type":"Polygon","coordinates":[[[13.608657,48.946161],[13.521131,48.978981],[13.592388,49.052513],[13.608977,49.124891],[13.649121,49.136437],[13.685157,49.177779],[13.718072,49.193203],[13.695066,49.22057],[13.710008,49.241444],[13.705349,49.263692],[13.736353,49.279578],[13.781836,49.343606],[13.782451,49.436518],[13.755579,49.489494],[13.819344,49.512126],[13.916968,49.492691],[13.996136,49.513774],[14.029776,49.543129],[14.130806,49.527704],[14.247964,49.554082],[14.281187,49.55016],[14.330537,49.518531],[14.415857,49.537548],[14.575686,49.530704],[14.623323,49.517553],[14.725913,49.553006],[14.736306,49.591348],[14.766848,49.613925],[14.826944,49.590162],[14.836546,49.575165],[14.8846,49.571243],[14.943662,49.525243],[14.889522,49.499469],[14.9071,49.448218],[14.884952,49.368457],[14.91312,49.340904],[14.920591,49.300287],[14.977083,49.269822],[15.029685,49.282742],[15.163433,49.209683],[15.200127,49.232666],[15.331722,49.204596],[15.34908,49.159025],[15.401529,49.125121],[15.478323,49.11954],[15.53899,49.130856],[15.598426,49.089361],[15.549537,49.076001],[15.537891,49.048898],[15.499241,49.015774],[15.499241,49.001151],[15.518841,48.986089],[15.573772,48.969753],[15.544187,48.902612],[15.450354,48.944817],[15.27455,48.986727],[15.238067,48.95076],[15.141949,48.937479],[15.148977,48.965333],[15.137401,48.993031],[14.978858,49.00626],[14.964595,48.971741],[14.968213,48.885028],[14.938137,48.80281],[14.951056,48.780331],[14.939584,48.762813],[14.800367,48.776507],[14.775356,48.724004],[14.703836,48.673103],[14.695671,48.589542],[14.675621,48.576235],[14.659187,48.576959],[14.634693,48.602332],[14.605134,48.600316],[14.594179,48.621323],[14.53382,48.608714],[14.458166,48.643182],[14.405353,48.586286],[14.325358,48.558639],[14.040827,48.601169],[14.006204,48.639513],[14.032869,48.654912],[14.032146,48.667263],[13.991115,48.700181],[13.815725,48.76643],[13.724671,48.867303],[13.654443,48.882237],[13.621783,48.909057],[13.608657,48.946161]]]}},{"type":"Feature","properties":{"NAMEUNIT":"Renania-Palatinado","COUNTRY":"Germany","boundary_level":"admin1"},"geometry":{"type":"Polygon","coordinates":[[[6.0994,50.064129],[6.129476,50.134047],[6.115833,50.145467],[6.121311,50.16159],[6.165132,50.181899],[6.146839,50.214042],[6.189627,50.242722],[6.271792,50.267424],[6.269415,50.286492],[6.285952,50.303856],[6.362019,50.306956],[6.3734,50.32308],[6.425737,50.332432],[6.391734,50.372223],[6.395145,50.382041],[6.458138,50.34101],[6.585573,50.37739],[6.622625,50.366151],[6.625105,50.350312],[6.6712,50.362353],[6.718226,50.341579],[6.795017,50.355609],[6.777654,50.423951],[6.752539,50.436818],[6.760136,50.470666],[6.820649,50.486014],[6.840182,50.465499],[6.873565,50.462191],[6.887828,50.476661],[6.885192,50.521774],[6.913253,50.529423],[6.939349,50.55477],[7.061616,50.592933],[7.093604,50.586163],[7.118098,50.60394],[7.154582,50.601124],[7.199075,50.63753],[7.226257,50.621407],[7.340462,50.6289],[7.37307,50.644454],[7.386867,50.70365],[7.599464,50.733441],[7.617913,50.752303],[7.696099,50.777056],[7.698735,50.791913],[7.675635,50.809974],[7.738164,50.8416],[7.770306,50.839352],[7.757542,50.911311],[7.801622,50.932705],[7.859655,50.922473],[7.846167,50.878859],[7.942544,50.83204],[7.970294,50.837026],[7.981146,50.773542],[8.056284,50.690911],[8.095506,50.697138],[8.13447,50.684038],[8.120053,50.64988],[8.163822,50.585802],[8.137261,50.541566],[8.114626,50.528777],[8.052873,50.546011],[8.004452,50.520741],[7.999336,50.465912],[8.01918,50.454905],[7.973395,50.400257],[8.049463,50.371293],[8.10734,50.31109],[8.120518,50.268922],[8.045742,50.263341],[8.033443,50.248225],[8.043571,50.236417],[8.023056,50.215876],[7.99329,50.228356],[7.922183,50.200089],[7.895984,50.162313],[7.930452,50.136346],[7.921718,50.108802],[7.85919,50.118698],[7.838881,50.084359],[7.771392,50.053483],[7.849836,50.010746],[7.878155,49.972945],[7.961923,49.983099],[8.048532,50.018368],[8.173796,50.045783],[8.213018,50.044439],[8.33544,49.959638],[8.355129,49.925635],[8.340091,49.891012],[8.415797,49.777737],[8.423807,49.767298],[8.47662,49.767505],[8.439103,49.726526],[8.37921,49.710403],[8.36226,49.690921],[8.360555,49.664462],[8.41683,49.579455],[8.408355,49.555218],[8.463597,49.472691],[8.442513,49.452176],[8.504577,49.431092],[8.490314,49.411222],[8.497756,49.37647],[8.459877,49.315026],[8.483441,49.309549],[8.479876,49.296991],[8.387323,49.231982],[8.357144,49.109561],[8.283608,49.009955],[8.230227,48.965539],[8.199892,48.95825],[8.090441,48.979182],[7.931898,49.034838],[7.856864,49.032254],[7.773665,49.048118],[7.726949,49.035664],[7.634965,49.037783],[7.60861,49.061968],[7.520863,49.083672],[7.471047,49.12832],[7.482726,49.137054],[7.476112,49.151523],[7.414823,49.157776],[7.410483,49.168938],[7.349144,49.168679],[7.294677,49.205162],[7.288165,49.240199],[7.32992,49.264177],[7.358445,49.315672],[7.387332,49.336834],[7.390588,49.360708],[7.375395,49.373369],[7.291421,49.38882],[7.293436,49.398587],[7.252302,49.430988],[7.246101,49.446129],[7.309094,49.490261],[7.270647,49.577801],[7.208429,49.564365],[7.137942,49.6009],[7.065182,49.604931],[6.998777,49.629477],[6.97113,49.618677],[6.94214,49.627927],[6.712335,49.550309],[6.605106,49.530207],[6.348809,49.52529],[6.356438,49.577595],[6.417933,49.639142],[6.402741,49.655782],[6.499686,49.712212],[6.485526,49.733761],[6.502579,49.79567],[6.397056,49.808589],[6.334424,49.840215],[6.302592,49.834944],[6.286779,49.86104],[6.2227,49.887137],[6.189834,49.938297],[6.172677,49.956228],[6.161928,49.942482],[6.121517,49.996278],[6.113766,50.036378],[6.096403,50.048626],[6.109425,50.06356],[6.0994,50.064129]]]}},{"type":"Feature","properties":{"NAMEUNIT":"Diekirch","COUNTRY":"Luxembourg","boundary_level":"admin1"},"geometry":{"type":"Polygon","coordinates":[[[6.117487,50.120456],[6.0994,50.064129],[6.109425,50.06356],[6.096403,50.048626],[6.113766,50.036378],[6.121517,49.996278],[6.161928,49.942482],[6.172677,49.956228],[6.189834,49.938297],[6.2227,49.887137],[6.295568,49.848616],[6.263887,49.841092],[6.256135,49.828096],[6.265902,49.812205],[6.246317,49.790553],[6.184718,49.819388],[6.059817,49.82962],[6.001319,49.781251],[5.994032,49.728851],[5.856403,49.705807],[5.805361,49.721876],[5.778489,49.773035],[5.727743,49.800217],[5.720198,49.824712],[5.736528,49.83944],[5.726916,49.845227],[5.731877,49.859955],[5.758129,49.858198],[5.714927,49.881866],[5.76371,49.946823],[5.812596,49.977571],[5.802674,50.002479],[5.836367,50.01855],[5.83771,50.047437],[5.864375,50.067488],[5.872437,50.096892],[5.941063,50.128311],[5.96163,50.165621],[5.998321,50.174975],[6.027363,50.149447],[6.084207,50.159317],[6.102604,50.124745],[6.117487,50.120456]]]}},{"type":"Feature","properties":{"NAMEUNIT":"Grevenmacher","COUNTRY":"Luxembourg","boundary_level":"admin1"},"geometry":{"type":"Polygon","coordinates":[[[6.301558,49.838303],[6.334424,49.840215],[6.397056,49.808589],[6.462478,49.805488],[6.497205,49.799442],[6.502579,49.79567],[6.485526,49.733761],[6.499686,49.712212],[6.402741,49.655782],[6.417933,49.639142],[6.350754,49.566588],[6.345307,49.455349],[6.251117,49.48946],[6.234845,49.540026],[6.240891,49.56204],[6.301249,49.593614],[6.285126,49.609117],[6.312153,49.62723],[6.285591,49.674333],[6.251123,49.68875],[6.174642,49.689991],[6.220117,49.736913],[6.262957,49.74668],[6.274584,49.770089],[6.246317,49.790553],[6.265902,49.812205],[6.256135,49.828096],[6.263887,49.841092],[6.295568,49.848616],[6.301558,49.838303]]]}},{"type":"Feature","properties":{"NAMEUNIT":"Sarre","COUNTRY":"Germany","boundary_level":"admin1"},"geometry":{"type":"Polygon","coordinates":[[[6.353855,49.45476],[6.348809,49.52529],[6.605106,49.530207],[6.712335,49.550309],[6.94214,49.627927],[6.97113,49.618677],[6.998777,49.629477],[7.065182,49.604931],[7.137942,49.6009],[7.208429,49.564365],[7.270647,49.577801],[7.309094,49.490261],[7.246101,49.446129],[7.252302,49.430988],[7.293436,49.398587],[7.291421,49.38882],[7.375395,49.373369],[7.390588,49.360708],[7.387332,49.336834],[7.358445,49.315672],[7.32992,49.264177],[7.295762,49.250198],[7.286925,49.230794],[7.294677,49.205162],[7.371634,49.166174],[7.274367,49.105014],[7.154994,49.114419],[7.079857,49.142014],[7.073242,49.12031],[7.042546,49.107598],[7.020532,49.118967],[7.009474,49.181702],[6.914389,49.206662],[6.833464,49.209452],[6.839045,49.162788],[6.821785,49.147751],[6.713781,49.158861],[6.700965,49.172865],[6.702516,49.213638],[6.680605,49.207489],[6.663758,49.243869],[6.640297,49.252757],[6.639677,49.271154],[6.556426,49.326396],[6.555599,49.34717],[6.577717,49.3558],[6.518806,49.402154],[6.511674,49.424736],[6.402741,49.465457],[6.353855,49.45476]]]}},{"type":"Feature","properties":{"NAMEUNIT":"Hauts-de-France","COUNTRY":"France","boundary_level":"admin1"},"geometry":{"type":"Polygon","coordinates":[[[3.079738,49.1062],[2.978554,49.078141],[2.953593,49.088941],[2.859397,49.075043],[2.794709,49.086667],[2.745798,49.067858],[2.712114,49.082096],[2.680627,49.075768],[2.626486,49.097829],[2.583332,49.084546],[2.535695,49.117824],[2.509196,49.112561],[2.318737,49.179578],[2.23779,49.163099],[2.134563,49.184961],[2.071589,49.211933],[1.987522,49.177469],[1.8857,49.167801],[1.737495,49.189455],[1.718576,49.203561],[1.690935,49.249704],[1.705085,49.265623],[1.725564,49.270435],[1.760808,49.247507],[1.78344,49.251209],[1.721213,49.382056],[1.716555,49.423804],[1.769487,49.498764],[1.712534,49.509893],[1.693571,49.626996],[1.680871,49.64508],[1.734858,49.685345],[1.679157,49.697045],[1.719499,49.745418],[1.754546,49.765622],[1.753469,49.776806],[1.680871,49.888482],[1.516384,50.000674],[1.373069,50.06572],[1.464529,50.132148],[1.486827,50.185045],[1.521007,50.214667],[1.555349,50.217719],[1.654307,50.186591],[1.672537,50.192532],[1.644542,50.212388],[1.66505,50.219794],[1.625499,50.224311],[1.593923,50.256293],[1.541515,50.277899],[1.551524,50.349066],[1.572032,50.375678],[1.610362,50.370673],[1.555186,50.404771],[1.573497,50.44538],[1.579275,50.533149],[1.610362,50.548163],[1.577891,50.588609],[1.563162,50.67829],[1.567638,50.716742],[1.605642,50.790025],[1.580577,50.868801],[1.653331,50.889106],[1.729828,50.943915],[1.921397,50.996772],[2.134044,51.019965],[2.316091,51.059027],[2.384451,51.055325],[2.5218,51.087541],[2.55698,51.001177],[2.60845,50.961128],[2.611654,50.941233],[2.576928,50.911519],[2.596668,50.867646],[2.586746,50.845425],[2.620439,50.816486],[2.691856,50.808838],[2.786734,50.723365],[2.886883,50.696648],[2.971425,50.757833],[3.103304,50.784085],[3.129245,50.779072],[3.188983,50.715097],[3.232391,50.695925],[3.24376,50.672102],[3.229808,50.65541],[3.271045,50.526943],[3.361066,50.489787],[3.477131,50.519863],[3.498008,50.511853],[3.486743,50.492681],[3.499145,50.48679],[3.608286,50.476507],[3.644356,50.445501],[3.661719,50.319307],[3.696859,50.298223],[3.755047,50.346334],[3.84021,50.345197],[3.895917,50.325301],[4.0033,50.34406],[4.097868,50.294812],[4.125257,50.25714],[4.143654,50.251611],[4.162774,50.272953],[4.203702,50.251973],[4.157296,50.212698],[4.125774,50.128156],[4.180551,50.127226],[4.210006,50.06015],[4.144584,50.030797],[4.128151,50.005786],[4.138383,49.989198],[4.131665,49.974987],[4.215945,49.954411],[4.216999,49.916794],[4.24664,49.880802],[4.247893,49.854523],[4.217439,49.8135],[4.209836,49.778223],[4.234863,49.736706],[4.117551,49.648705],[4.046447,49.6257],[4.073166,49.567308],[4.071936,49.522615],[4.041965,49.496149],[4.072243,49.447579],[4.033879,49.426748],[4.05528,49.407292],[4.046601,49.366829],[3.963611,49.36205],[3.877939,49.381012],[3.859021,49.371202],[3.857483,49.347328],[3.703366,49.324532],[3.650149,49.302834],[3.675307,49.210021],[3.746674,49.16969],[3.723735,49.149355],[3.649226,49.150563],[3.625495,49.138401],[3.626111,49.090336],[3.586384,49.06031],[3.584824,49.041326],[3.65696,49.033031],[3.670803,49.015508],[3.511765,48.89267],[3.477905,48.850098],[3.435212,48.848384],[3.383093,48.870763],[3.36323,48.920476],[3.319944,48.919905],[3.175957,49.004346],[3.165564,49.023726],[3.174089,49.055663],[3.140866,49.093149],[3.079738,49.1062]]]}},{"type":"Feature","properties":{"NAMEUNIT":"Flemish","COUNTRY":"Belgium","boundary_level":"admin1"},"geometry":{"type":"MultiPolygon","coordinates":[[[[5.793165,50.752149],[5.879878,50.753544],[5.910158,50.73597],[5.878184,50.710999],[5.818291,50.715598],[5.775968,50.751203],[5.750284,50.746862],[5.732777,50.758851],[5.752444,50.773439],[5.793165,50.752149]]],[[[4.058501,50.696013],[3.906934,50.694669],[3.887969,50.717562],[3.894988,50.734164],[3.884403,50.751384],[3.774635,50.74897],[3.757795,50.780322],[3.714543,50.768644],[3.704001,50.782106],[3.675321,50.771925],[3.634651,50.721851],[3.606643,50.734202],[3.540545,50.73494],[3.533979,50.766421],[3.494143,50.758877],[3.457608,50.768515],[3.363453,50.709655],[3.323146,50.723453],[3.324582,50.737157],[3.303302,50.756423],[3.260824,50.75234],[3.219689,50.767275],[3.162811,50.749939],[3.129245,50.779072],[3.103304,50.784085],[3.023817,50.768262],[3.014424,50.80513],[2.998824,50.811613],[2.940637,50.796678],[2.960205,50.776796],[2.918106,50.757714],[2.875421,50.762469],[2.842193,50.750841],[2.866726,50.700091],[2.786734,50.723365],[2.691856,50.808838],[2.620439,50.816486],[2.586746,50.845425],[2.596668,50.867646],[2.576928,50.911519],[2.611654,50.941233],[2.60845,50.961128],[2.55698,51.001177],[2.5218,51.087541],[3.124848,51.329657],[3.349415,51.375223],[3.353211,51.288602],[3.36737,51.263487],[3.421941,51.237985],[3.501212,51.240284],[3.503383,51.273952],[3.514338,51.281031],[3.609526,51.290436],[3.776234,51.254521],[3.781402,51.219872],[3.808687,51.205325],[3.927026,51.206255],[4.168562,51.29687],[4.207939,51.330589],[4.221491,51.368001],[4.302989,51.296088],[4.296723,51.267564],[4.330821,51.296088],[4.289317,51.309149],[4.283051,51.350084],[4.261068,51.369379],[4.345605,51.352293],[4.411234,51.356737],[4.416195,51.373971],[4.379918,51.409525],[4.38922,51.434588],[4.377128,51.442882],[4.512623,51.477376],[4.533191,51.467583],[4.521512,51.428645],[4.630136,51.418206],[4.764184,51.496238],[4.813587,51.48412],[4.826093,51.460555],[4.815447,51.431074],[4.822682,51.413685],[4.779067,51.426423],[4.762117,51.413375],[4.910325,51.391903],[4.957144,51.410997],[5.012128,51.474327],[5.06029,51.461976],[5.079927,51.438541],[5.065251,51.405907],[5.068145,51.37454],[5.102561,51.350665],[5.122922,51.313381],[5.197336,51.308342],[5.214906,51.294338],[5.215423,51.258733],[5.389056,51.258707],[5.493235,51.286535],[5.535197,51.26204],[5.545532,51.219924],[5.568373,51.207651],[5.659013,51.179074],[5.730844,51.18375],[5.781383,51.152409],[5.829132,51.156465],[5.840501,51.138921],[5.823241,51.118741],[5.845979,51.103393],[5.804948,51.096624],[5.811769,51.082309],[5.79885,51.061484],[5.771461,51.058125],[5.76402,51.035181],[5.777559,51.023553],[5.722369,50.959423],[5.76402,50.959423],[5.722369,50.911674],[5.622323,50.852659],[5.624493,50.830284],[5.657432,50.807641],[5.608484,50.776421],[5.521926,50.76004],[5.523838,50.743762],[5.496811,50.728853],[5.461155,50.739964],[5.453248,50.722264],[5.430976,50.720869],[5.378214,50.750841],[5.332119,50.740971],[5.307366,50.718389],[5.275585,50.729447],[5.243381,50.716879],[5.236155,50.728233],[5.228921,50.71875],[5.16939,50.723556],[5.180439,50.707164],[5.167736,50.697253],[5.074718,50.706917],[5.043041,50.725107],[5.043547,50.742835],[4.981442,50.770944],[4.917209,50.744795],[4.904548,50.751565],[4.908049,50.769573],[4.832614,50.764639],[4.836888,50.775492],[4.749622,50.808667],[4.714163,50.789822],[4.640481,50.799572],[4.636347,50.773993],[4.654627,50.758398],[4.63521,50.744072],[4.601824,50.74295],[4.596551,50.764687],[4.52917,50.741824],[4.526948,50.729447],[4.480026,50.758955],[4.373676,50.731825],[4.367888,50.716735],[4.329906,50.734305],[4.32262,50.729034],[4.33325,50.719049],[4.311406,50.718802],[4.30877,50.703558],[4.287221,50.695238],[4.239989,50.692034],[4.149038,50.730378],[4.099739,50.707123],[4.072712,50.712911],[4.058501,50.696013]],[[4.460231,50.853214],[4.42003,50.869491],[4.436194,50.889293],[4.403286,50.914811],[4.377345,50.898584],[4.334609,50.903132],[4.297918,50.891453],[4.278953,50.867785],[4.289174,50.856428],[4.282829,50.839622],[4.257456,50.836934],[4.24557,50.821638],[4.283035,50.808409],[4.301226,50.814404],[4.327632,50.778979],[4.377242,50.764639],[4.479746,50.795423],[4.446488,50.810993],[4.476099,50.821535],[4.460231,50.853214]]]]}},{"type":"Feature","properties":{"NAMEUNIT":"Walloon","COUNTRY":"Belgium","boundary_level":"admin1"},"geometry":{"type":"MultiPolygon","coordinates":[[[[5.136358,49.705339],[5.081891,49.752727],[4.970993,49.797065],[4.884177,49.784146],[4.849037,49.794171],[4.849244,49.831585],[4.834878,49.85303],[4.860199,49.913337],[4.783925,49.958295],[4.826713,50.036017],[4.827229,50.064077],[4.84604,50.09069],[4.862886,50.084076],[4.871878,50.139783],[4.862679,50.147586],[4.820098,50.146449],[4.815551,50.161332],[4.788575,50.153374],[4.681915,50.083921],[4.672924,50.01638],[4.656697,49.989095],[4.464771,49.935609],[4.277599,49.960156],[4.201118,49.953024],[4.131665,49.974987],[4.137349,50.025061],[4.210006,50.06015],[4.180551,50.127226],[4.125774,50.128156],[4.152749,50.204534],[4.201325,50.241534],[4.197604,50.258484],[4.162774,50.272953],[4.143654,50.251611],[4.125257,50.25714],[4.097868,50.294812],[4.0033,50.34406],[3.895917,50.325301],[3.84021,50.345197],[3.755047,50.346334],[3.696859,50.298223],[3.661719,50.319307],[3.644356,50.445501],[3.608286,50.476507],[3.499145,50.48679],[3.486743,50.492681],[3.498008,50.511853],[3.477131,50.519863],[3.361066,50.489787],[3.271045,50.526943],[3.229808,50.65541],[3.24376,50.672102],[3.232391,50.695925],[3.188983,50.715097],[3.162811,50.749939],[3.219689,50.767275],[3.260824,50.75234],[3.303302,50.756423],[3.324582,50.737157],[3.323146,50.723453],[3.363453,50.709655],[3.457608,50.768515],[3.494143,50.758877],[3.533979,50.766421],[3.540545,50.73494],[3.606643,50.734202],[3.634651,50.721851],[3.675321,50.771925],[3.757795,50.780322],[3.774635,50.74897],[3.884403,50.751384],[3.892771,50.70641],[3.928225,50.689812],[4.058501,50.696013],[4.072712,50.712911],[4.099739,50.707123],[4.149038,50.730378],[4.239989,50.692034],[4.301846,50.698287],[4.311406,50.718802],[4.33325,50.719049],[4.32262,50.729034],[4.329906,50.734305],[4.367888,50.716735],[4.373676,50.731825],[4.480026,50.758955],[4.526948,50.729447],[4.52917,50.741824],[4.596551,50.764687],[4.601824,50.74295],[4.63521,50.744072],[4.654627,50.758398],[4.636347,50.773993],[4.640481,50.799572],[4.714163,50.789822],[4.749622,50.808667],[4.836888,50.775492],[4.832614,50.764639],[4.908049,50.769573],[4.904548,50.751565],[4.917209,50.744795],[4.981442,50.770944],[5.043547,50.742835],[5.043041,50.725107],[5.059526,50.711567],[5.167736,50.697253],[5.180439,50.707164],[5.16939,50.723556],[5.228921,50.71875],[5.236155,50.728233],[5.243381,50.716879],[5.275585,50.729447],[5.307366,50.718389],[5.332119,50.740971],[5.378214,50.750841],[5.430976,50.720869],[5.453248,50.722264],[5.461155,50.739964],[5.496811,50.728853],[5.523838,50.743762],[5.521926,50.76004],[5.608484,50.776421],[5.657432,50.807641],[5.700458,50.795557],[5.688366,50.76083],[5.775968,50.751203],[5.818291,50.715598],[5.886917,50.71335],[5.910158,50.73597],[5.891288,50.751246],[5.99491,50.749927],[6.010826,50.737059],[6.01155,50.708534],[6.081003,50.713495],[6.100227,50.701299],[6.161102,50.642181],[6.147769,50.636755],[6.159448,50.622389],[6.249055,50.614431],[6.232932,50.587146],[6.160688,50.543583],[6.177328,50.530198],[6.170817,50.517951],[6.190557,50.515212],[6.182599,50.506582],[6.207197,50.486325],[6.255566,50.494593],[6.336905,50.481003],[6.323262,50.466016],[6.351167,50.433564],[6.337732,50.368089],[6.374525,50.315483],[6.285952,50.303856],[6.269415,50.286492],[6.271792,50.267424],[6.157174,50.222724],[6.146839,50.214042],[6.165132,50.181899],[6.123171,50.164898],[6.115833,50.145467],[6.129476,50.134047],[6.117487,50.120456],[6.102604,50.124745],[6.084207,50.159317],[6.038628,50.148413],[6.014134,50.153581],[5.998321,50.174975],[5.96163,50.165621],[5.941063,50.128311],[5.872437,50.096892],[5.864375,50.067488],[5.83771,50.047437],[5.836367,50.01855],[5.802674,50.002479],[5.812596,49.977571],[5.76371,49.946823],[5.714927,49.881866],[5.758129,49.858198],[5.731877,49.859955],[5.726916,49.845227],[5.736528,49.83944],[5.720198,49.824712],[5.727743,49.800217],[5.778489,49.773035],[5.805361,49.721876],[5.850216,49.714021],[5.857347,49.70043],[5.845772,49.666582],[5.879878,49.657745],[5.885459,49.643534],[5.829959,49.582763],[5.846909,49.576717],[5.8374,49.56111],[5.790685,49.537753],[5.746346,49.549431],[5.710276,49.531086],[5.644647,49.543799],[5.602273,49.513723],[5.547599,49.523438],[5.477724,49.495224],[5.456132,49.498944],[5.450241,49.545762],[5.402078,49.602451],[5.334899,49.625809],[5.32167,49.61258],[5.297898,49.613252],[5.299449,49.662499],[5.259244,49.691335],[5.192478,49.682808],[5.136358,49.705339]]],[[[2.842193,50.750841],[2.875421,50.762469],[2.918106,50.757714],[2.960205,50.776796],[2.940637,50.796678],[2.998824,50.811613],[3.014424,50.80513],[3.023817,50.768262],[2.948378,50.748686],[2.886883,50.696648],[2.866726,50.700091],[2.842193,50.750841]]]]}},{"type":"Feature","properties":{"NAMEUNIT":"Grand Est","COUNTRY":"France","boundary_level":"admin1"},"geometry":{"type":"Polygon","coordinates":[[[7.618945,48.002652],[7.621116,47.97144],[7.584942,47.940408],[7.578948,47.906328],[7.557864,47.878526],[7.561998,47.839226],[7.542878,47.829433],[7.528615,47.797032],[7.537813,47.731816],[7.511872,47.707322],[7.517866,47.675024],[7.592487,47.598414],[7.586028,47.584619],[7.482726,47.542267],[7.505464,47.523018],[7.476939,47.514879],[7.485827,47.495784],[7.46743,47.481909],[7.414307,47.490177],[7.426089,47.455761],[7.378547,47.430646],[7.309093,47.432661],[7.23809,47.416797],[7.168327,47.443565],[7.162642,47.459895],[7.180833,47.488265],[7.142169,47.487651],[7.151492,47.51906],[7.1429,47.540253],[7.079751,47.590922],[7.023435,47.605984],[7.057888,47.666442],[7.050307,47.715584],[6.882722,47.791038],[6.868923,47.818998],[6.841743,47.821217],[6.68499,47.895573],[6.6372,47.935058],[6.613799,47.941309],[6.576533,47.908031],[6.537773,47.899945],[6.37344,47.95302],[6.243845,47.932212],[6.186123,47.952834],[6.166897,47.99211],[6.099397,48.008699],[6.070986,48.00436],[5.970923,47.940902],[5.966594,47.974982],[5.948554,47.976377],[5.922209,47.944099],[5.891755,47.93263],[5.892085,47.909064],[5.860752,47.90111],[5.821025,47.863482],[5.715952,47.812945],[5.7,47.792016],[5.709909,47.76411],[5.704175,47.705509],[5.682729,47.680603],[5.576338,47.656884],[5.501345,47.6819],[5.433406,47.674143],[5.406885,47.658697],[5.365598,47.596679],[5.330508,47.608566],[5.283794,47.588307],[5.263491,47.618959],[5.203593,47.646315],[5.179358,47.676571],[5.137961,47.650534],[5.109375,47.648337],[5.069692,47.667035],[5.033679,47.703807],[4.991447,47.68613],[4.971452,47.693424],[4.954511,47.750993],[4.931572,47.773438],[4.940559,47.786665],[4.989448,47.800805],[4.967893,47.842146],[4.894614,47.910976],[4.86438,47.895628],[4.848889,47.900253],[4.843879,47.917029],[4.860666,47.943847],[4.800769,47.96638],[4.804812,47.99133],[4.698508,48.022026],[4.659221,48.008699],[4.583217,48.010743],[4.541777,47.965292],[4.325918,47.946044],[4.28841,47.924258],[4.255495,47.934541],[4.21823,47.972422],[4.203025,47.939145],[4.161738,47.954097],[4.127483,47.933146],[4.067893,47.938211],[4.037614,47.922654],[3.916281,47.933772],[3.89844,47.986353],[3.858713,47.982607],[3.831687,47.993813],[3.858713,48.015258],[3.74094,48.150708],[3.717319,48.16231],[3.697632,48.145896],[3.665793,48.143886],[3.581572,48.180965],[3.613235,48.217209],[3.599875,48.26724],[3.509743,48.347441],[3.461623,48.368183],[3.421281,48.369809],[3.412888,48.402054],[3.391816,48.421104],[3.401111,48.44958],[3.391047,48.474454],[3.420644,48.498492],[3.405923,48.524716],[3.461316,48.5398],[3.493571,48.587734],[3.537802,48.61342],[3.508205,48.641709],[3.459294,48.642402],[3.463337,48.685611],[3.451252,48.72436],[3.394914,48.760153],[3.42561,48.790486],[3.409328,48.81314],[3.463952,48.817172],[3.503064,48.884353],[3.670803,49.015508],[3.65696,49.033031],[3.584824,49.041326],[3.586384,49.06031],[3.626111,49.090336],[3.625495,49.138401],[3.649226,49.150563],[3.723735,49.149355],[3.746674,49.16969],[3.675307,49.210021],[3.650149,49.302834],[3.703366,49.324532],[3.857483,49.347328],[3.859021,49.371202],[3.877939,49.381012],[3.963611,49.36205],[4.046601,49.366829],[4.05528,49.407292],[4.033879,49.426748],[4.072243,49.447579],[4.041965,49.496149],[4.071936,49.522615],[4.073166,49.567308],[4.046447,49.6257],[4.117551,49.648705],[4.234863,49.736706],[4.209836,49.778223],[4.250222,49.87019],[4.216999,49.916794],[4.215945,49.954411],[4.277599,49.960156],[4.435109,49.93225],[4.645845,49.984495],[4.672924,50.01638],[4.681915,50.083921],[4.815551,50.161332],[4.820098,50.146449],[4.871878,50.139783],[4.862886,50.084076],[4.84604,50.09069],[4.827229,50.064077],[4.826713,50.036017],[4.783925,49.958295],[4.860199,49.913337],[4.834878,49.85303],[4.849244,49.831585],[4.849037,49.794171],[4.884177,49.784146],[4.970993,49.797065],[5.081891,49.752727],[5.169431,49.687201],[5.259244,49.691335],[5.299449,49.662499],[5.297898,49.613252],[5.32167,49.61258],[5.334899,49.625809],[5.402078,49.602451],[5.450241,49.545762],[5.456132,49.498944],[5.477724,49.495224],[5.547599,49.523438],[5.602273,49.513723],[5.644647,49.543799],[5.710276,49.531086],[5.746346,49.549431],[5.790685,49.537753],[5.839571,49.499874],[5.928142,49.482306],[5.9607,49.441324],[6.078006,49.452021],[6.107255,49.48251],[6.142601,49.486076],[6.13609,49.495275],[6.193554,49.499409],[6.249365,49.490314],[6.325329,49.456724],[6.402741,49.465457],[6.511674,49.424736],[6.518806,49.402154],[6.577717,49.3558],[6.555599,49.34717],[6.556426,49.326396],[6.639677,49.271154],[6.640297,49.252757],[6.663758,49.243869],[6.680605,49.207489],[6.702516,49.213638],[6.700965,49.172865],[6.713781,49.158861],[6.821785,49.147751],[6.839045,49.162788],[6.833464,49.209452],[6.914389,49.206662],[7.009474,49.181702],[7.020532,49.118967],[7.042546,49.107598],[7.073242,49.12031],[7.079857,49.142014],[7.154994,49.114419],[7.274367,49.105014],[7.297105,49.128114],[7.334002,49.13416],[7.350951,49.159171],[7.410483,49.168938],[7.414823,49.157776],[7.476112,49.151523],[7.482726,49.137054],[7.471047,49.12832],[7.520863,49.083672],[7.60861,49.061968],[7.634965,49.037783],[7.726949,49.035664],[7.773665,49.048118],[7.856864,49.032254],[7.931898,49.034838],[8.090441,48.979182],[8.200305,48.958563],[8.148112,48.903734],[8.090338,48.807513],[8.038765,48.79077],[8.017267,48.761831],[7.970138,48.757283],[7.959183,48.721368],[7.852419,48.658685],[7.810252,48.615018],[7.801673,48.54758],[7.813455,48.519468],[7.776455,48.498178],[7.738318,48.406607],[7.75072,48.341366],[7.702454,48.311187],[7.687158,48.252921],[7.613364,48.179205],[7.572643,48.094972],[7.575744,48.053709],[7.618945,48.002652]]]}},{"type":"Feature","properties":{"NAMEUNIT":"Luxemburgo","COUNTRY":"Luxembourg","boundary_level":"admin1"},"geometry":{"type":"Polygon","coordinates":[[[5.790685,49.537753],[5.846909,49.576717],[5.829959,49.582763],[5.885459,49.643534],[5.879878,49.657745],[5.842258,49.67392],[5.856403,49.705807],[5.994032,49.728851],[6.001319,49.781251],[6.043073,49.824453],[6.184718,49.819388],[6.274584,49.770089],[6.262957,49.74668],[6.220117,49.736913],[6.174642,49.689991],[6.278304,49.680224],[6.312153,49.62723],[6.285126,49.609117],[6.298768,49.587542],[6.233914,49.553565],[6.251117,49.48946],[6.13609,49.495275],[6.142601,49.486076],[6.107255,49.48251],[6.078006,49.452021],[5.9607,49.441324],[5.928142,49.482306],[5.839571,49.499874],[5.790685,49.537753]]]}},{"type":"Feature","properties":{"NAMEUNIT":"Schleswig-Holstein","COUNTRY":"Germany","boundary_level":"admin1"},"geometry":{"type":"MultiPolygon","coordinates":[[[[9.21151,54.841822],[9.226392,54.805906],[9.244066,54.801772],[9.332019,54.803219],[9.385039,54.819394],[9.422143,54.80725],[9.510997,54.827826],[9.579926,54.866278],[9.583181,54.830268],[9.73463,54.807318],[9.801768,54.783393],[9.823741,54.756741],[9.895356,54.769477],[9.891449,54.790269],[9.94752,54.779527],[10.01824,54.701239],[9.97047,54.701239],[9.929454,54.673896],[9.996349,54.678778],[10.039073,54.666815],[10.026866,54.559963],[10.010427,54.534329],[9.965587,54.506171],[9.840099,54.475287],[9.883311,54.462104],[10.143403,54.491848],[10.203868,54.461005],[10.18393,54.449368],[10.191254,54.396715],[10.141775,54.37226],[10.155528,54.343411],[10.141775,54.324408],[10.180349,54.341132],[10.224376,54.413804],[10.272146,54.420071],[10.31837,54.443305],[10.36085,54.441107],[10.44337,54.406399],[10.601085,54.365424],[10.690196,54.31623],[10.731293,54.310207],[10.77711,54.315131],[10.935313,54.379543],[11.018809,54.385891],[10.975841,54.378404],[11.033946,54.367621],[11.104177,54.39289],[11.135509,54.385891],[11.087738,54.351752],[11.06658,54.358588],[11.094493,54.283515],[11.09018,54.207994],[11.06658,54.183905],[10.95045,54.139472],[10.892833,54.102525],[10.805431,54.094875],[10.752615,54.050116],[10.76588,54.024359],[10.799653,54.000556],[10.875499,53.995429],[10.88738,53.963935],[10.906016,53.961208],[10.910683,53.924667],[10.961274,53.911903],[10.912854,53.902137],[10.907273,53.915469],[10.885207,53.919138],[10.766971,53.867358],[10.751003,53.841003],[10.771002,53.793332],[10.75891,53.747882],[10.805935,53.74119],[10.857456,53.702588],[10.914559,53.696774],[10.945565,53.67706],[10.956469,53.650343],[10.939829,53.628717],[10.953781,53.57797],[10.942309,53.569702],[10.954401,53.566136],[10.928977,53.548463],[10.907738,53.572208],[10.829655,53.570064],[10.822523,53.516475],[10.704288,53.47777],[10.690955,53.457719],[10.640829,53.450975],[10.622225,53.391005],[10.569515,53.363875],[10.32798,53.432656],[10.320693,53.455652],[10.186645,53.525312],[10.173157,53.573784],[10.210674,53.584352],[10.222767,53.633652],[10.205403,53.662358],[10.164734,53.684527],[10.191916,53.726566],[10.147991,53.713673],[10.088718,53.719719],[10.060192,53.677964],[10.013632,53.673003],[9.98428,53.646881],[9.927332,53.645666],[9.816073,53.593111],[9.806151,53.599054],[9.810027,53.617864],[9.768427,53.629182],[9.74081,53.572575],[9.692393,53.575914],[9.550792,53.634589],[9.532237,53.711168],[9.435802,53.748684],[9.395193,53.831],[9.257823,53.885565],[9.093435,53.892483],[9.029959,53.907131],[9.007823,53.892483],[8.949474,53.912909],[8.833344,54.036444],[8.890636,54.047797],[8.975352,54.024075],[8.997244,54.030219],[9.018321,54.097886],[8.974457,54.128079],[8.977306,54.145697],[8.952891,54.150092],[8.860688,54.12519],[8.812836,54.180487],[8.84669,54.233547],[8.83961,54.255561],[8.922048,54.274237],[8.963145,54.317613],[8.881114,54.290269],[8.88795,54.303941],[8.738943,54.293891],[8.678477,54.269192],[8.623383,54.290107],[8.602712,54.312079],[8.599864,54.33808],[8.641368,54.355658],[8.695567,54.358588],[8.650645,54.377997],[8.634776,54.365424],[8.629161,54.387681],[8.648448,54.406399],[8.886078,54.417792],[9.004731,54.465888],[9.011567,54.506334],[8.878754,54.606513],[8.825857,54.598131],[8.819021,54.605618],[8.853282,54.619289],[8.805431,54.687567],[8.688731,54.735297],[8.694347,54.76024],[8.648448,54.817857],[8.647227,54.867377],[8.660776,54.896311],[8.732779,54.889054],[8.824246,54.9059],[9.21151,54.841822]]],[[[7.899181,54.178168],[7.879893,54.193915],[7.904145,54.180406],[7.899181,54.178168]]],[[[7.917654,54.186998],[7.929861,54.195299],[7.933442,54.189887],[7.917654,54.186998]]],[[[11.174653,54.416002],[11.112641,54.415229],[11.098643,54.451646],[11.032481,54.447333],[11.025727,54.458808],[11.008474,54.454657],[11.005707,54.468451],[11.033702,54.508857],[11.072927,54.531195],[11.121267,54.535956],[11.232107,54.501654],[11.31422,54.413804],[11.188487,54.426174],[11.174653,54.416002]]],[[[8.963145,54.523668],[8.88795,54.468451],[8.844493,54.466498],[8.812836,54.482123],[8.825531,54.491197],[8.812836,54.501939],[8.879649,54.52912],[8.963145,54.523668]]],[[[8.66977,54.501899],[8.618826,54.492621],[8.595876,54.513658],[8.620128,54.537909],[8.698904,54.55858],[8.692882,54.523261],[8.66977,54.501899]]],[[[8.353689,54.618964],[8.291515,54.66706],[8.320486,54.698717],[8.360362,54.71483],[8.332367,54.693793],[8.401378,54.632961],[8.353689,54.618964]]],[[[8.593761,54.728502],[8.552094,54.685004],[8.45281,54.693834],[8.394542,54.71483],[8.436778,54.748481],[8.497569,54.756415],[8.575938,54.746405],[8.593761,54.728502]]],[[[8.629405,54.882148],[8.504405,54.886176],[8.446056,54.866278],[8.337413,54.87759],[8.302013,54.862616],[8.290701,54.745307],[8.277843,54.756415],[8.298025,54.912543],[8.373709,55.03498],[8.415782,55.065334],[8.46339,55.050686],[8.394542,55.04385],[8.422211,55.042182],[8.430431,55.030015],[8.36199,54.986802],[8.351573,54.966742],[8.354503,54.912746],[8.436534,54.887274],[8.65447,54.893622],[8.629405,54.882148]]]]}},{"type":"Feature","properties":{"NAMEUNIT":"Dinamarca Meridional","COUNTRY":"Denmark","boundary_level":"admin1"},"geometry":{"type":"MultiPolygon","coordinates":[[[[10.499197,54.874579],[10.498709,54.858873],[10.518565,54.851996],[10.440115,54.841498],[10.406261,54.824693],[10.383474,54.830756],[10.211436,54.939358],[10.18922,54.977484],[10.288748,54.940741],[10.34962,54.896715],[10.391368,54.895453],[10.388845,54.920315],[10.426036,54.872504],[10.460948,54.874498],[10.450206,54.899807],[10.499197,54.874579]]],[[[10.956716,55.153713],[10.908946,55.030219],[10.837738,54.937242],[10.741059,54.752387],[10.731293,54.740058],[10.693858,54.735297],[10.656423,54.803656],[10.601085,54.838324],[10.64088,54.843207],[10.684418,54.887844],[10.724457,54.886176],[10.717784,54.907294],[10.682953,54.907294],[10.697032,54.931342],[10.854991,55.04385],[10.895518,55.121527],[10.934255,55.159654],[10.956716,55.153713]]],[[[10.065115,54.890815],[9.968028,54.859524],[9.874278,54.886176],[9.90089,54.900702],[9.991547,54.872504],[9.943696,54.903632],[9.88795,54.91352],[9.814708,54.901068],[9.780935,54.916815],[9.761241,54.943061],[9.758149,54.981757],[9.827403,54.945461],[9.847504,54.948188],[9.832774,54.965155],[9.842133,54.970282],[9.786794,55.000149],[9.799083,55.016547],[9.674164,55.021064],[9.668793,55.030219],[9.696625,55.050686],[9.645518,55.044867],[9.628429,55.058051],[9.716645,55.082221],[9.793468,55.080756],[9.853038,55.040107],[9.960948,55.015041],[10.02589,54.959784],[10.065115,54.890815]]],[[[10.586111,55.057522],[10.538259,55.029731],[10.312755,55.063666],[10.234223,55.092231],[10.205251,55.093695],[10.197032,55.064276],[10.141775,55.092231],[10.083507,55.086982],[10.065929,55.092231],[10.156016,55.140082],[10.094005,55.188422],[10.039317,55.180976],[10.003591,55.197333],[9.991547,55.188422],[9.994477,55.172797],[10.029145,55.142401],[10.025645,55.125718],[9.985525,55.127753],[9.98878,55.151842],[9.972016,55.184719],[9.979503,55.212836],[9.895356,55.239],[9.881684,55.259508],[9.895356,55.28026],[9.881684,55.314439],[9.884776,55.348863],[9.802419,55.362372],[9.778087,55.380276],[9.840099,55.400092],[9.790540511410178,55.4125],[10.73145709132744,55.4125],[10.796641,55.358547],[10.834321,55.290269],[10.796886,55.307685],[10.780284,55.304918],[10.77296,55.287095],[10.805349,55.250434],[10.815196,55.214057],[10.786632,55.129462],[10.717784,55.064276],[10.586111,55.057522]]],[[[9.226392,54.805906],[9.194766,54.8504],[8.904138,54.897942],[8.824246,54.9059],[8.732779,54.889054],[8.660776,54.896311],[8.674815,54.947943],[8.640961,55.023383],[8.681895,55.133205],[8.56365,55.143378],[8.557384,55.096381],[8.514822,55.070787],[8.483897,55.067613],[8.458832,55.103461],[8.470225,55.177558],[8.488943,55.19717],[8.530528,55.200751],[8.593761,55.180976],[8.552094,55.160549],[8.555186,55.149359],[8.689464,55.141588],[8.655935,55.237494],[8.648448,55.28026],[8.661388,55.314439],[8.634240237279407,55.4125],[9.595158703838278,55.4125],[9.607921,55.393256],[9.600841,55.365912],[9.645274,55.342719],[9.634613,55.317572],[9.706065,55.265082],[9.706554,55.237006],[9.67156,55.19245],[9.569835,55.192532],[9.486339,55.156236],[9.511892,55.133205],[9.456554,55.125718],[9.521332,55.115871],[9.559581,55.085395],[9.516612,55.056545],[9.434337,55.037543],[9.455251,55.023179],[9.579926,55.050686],[9.662608,55.009711],[9.730968,54.995429],[9.763194,54.900458],[9.711436,54.898586],[9.703461,54.886176],[9.744477,54.866278],[9.745942,54.836005],[9.719574,54.835842],[9.696625,54.858873],[9.623302,54.865302],[9.634613,54.87934],[9.610362,54.903225],[9.644216,54.913275],[9.615001,54.932685],[9.586762,54.92772],[9.545909,54.87934],[9.522146,54.879299],[9.456391,54.843817],[9.436922,54.810144],[9.385039,54.819394],[9.332019,54.803219],[9.244066,54.801772],[9.226392,54.805906]]],[[[8.380839258290438,55.4125],[8.461212342092304,55.4125],[8.450206,55.393378],[8.47641,55.345445],[8.451671,55.339748],[8.425304,55.355536],[8.380839258290438,55.4125]]]]}},{"type":"Feature","properties":{"NAMEUNIT":"Border","COUNTRY":"Ireland","boundary_level":"admin1"},"geometry":{"type":"MultiPolygon","coordinates":[[[[-6.327128,54.097888],[-6.28465,54.105226],[-6.107289,54.013617],[-6.160756,53.974433],[-6.359853,54.016018],[-6.347808,54.003607],[-6.372955,53.964423],[-6.372955,53.899319],[-6.317291,53.87108],[-6.243235,53.865139],[-6.254994,53.822211],[-6.222768,53.796291],[-6.243276,53.782538],[-6.245798,53.729641],[-6.309144,53.715791],[-6.441539,53.71574],[-6.461176,53.735893],[-6.445673,53.764677],[-6.507065,53.77186],[-6.558741,53.804985],[-6.587215,53.864413],[-6.726328,53.916503],[-6.783172,53.891853],[-6.869317,53.878107],[-6.922699,53.890974],[-6.930192,53.867152],[-6.961249,53.870769],[-6.908281,53.808602],[-6.97391,53.775323],[-7.138138,53.799921],[-7.215239,53.777286],[-7.297766,53.807517],[-7.388768,53.778992],[-7.443029,53.807207],[-7.486282,53.859038],[-7.563331,53.85661],[-7.560644,53.872061],[-7.53894,53.88436],[-7.54912,53.901103],[-7.598781,53.933142],[-7.638676,53.935209],[-7.763526,53.864206],[-7.787297,53.817387],[-7.829465,53.815837],[-7.850342,53.828859],[-7.859644,53.808499],[-7.889203,53.82302],[-7.922017,53.811599],[-7.939846,53.839763],[-7.983667,53.86493],[-7.985476,53.900276],[-8.023768,53.940946],[-8.059218,53.91304],[-8.092705,53.920482],[-8.092188,53.943736],[-8.106709,53.952624],[-8.065213,53.998616],[-8.083558,54.009365],[-8.089191,54.050293],[-8.054206,54.067708],[-8.049865,54.090652],[-8.134201,54.114682],[-8.157249,54.108067],[-8.166085,54.088895],[-8.205773,54.077578],[-8.233213,54.039182],[-8.28675,54.036754],[-8.319564,54.001252],[-8.388501,53.995619],[-8.400334,53.960531],[-8.351914,53.948852],[-8.334034,53.927045],[-8.341682,53.923531],[-8.422297,53.926321],[-8.451339,53.911697],[-8.507666,53.926735],[-8.529681,53.954175],[-8.583217,53.958154],[-8.589987,54.014378],[-8.651844,54.033085],[-8.76517,53.974949],[-8.84594,53.972468],[-8.889504,54.021251],[-8.935237,54.013293],[-9.010271,54.029364],[-8.999419,54.055874],[-8.948363,54.101091],[-8.923093,54.108584],[-8.948001,54.141605],[-9.028255,54.156591],[-9.101015,54.14331],[-9.131608,54.159795],[-9.134999,54.20775],[-9.090199,54.22663],[-9.051259,54.289496],[-9.017486,54.291897],[-8.939036,54.289984],[-8.856597,54.263007],[-8.765126,54.276597],[-8.737457,54.264106],[-8.676422,54.271308],[-8.648346,54.263007],[-8.63329,54.232367],[-8.572662,54.200344],[-8.51122,54.20775],[-8.559234,54.227729],[-8.572133,54.246527],[-8.621002,54.255561],[-8.593739,54.283515],[-8.470286,54.276597],[-8.572662,54.31391],[-8.567209,54.324164],[-8.531728,54.310207],[-8.511708,54.317369],[-8.519154,54.326728],[-8.661366,54.338039],[-8.663889,54.35928],[-8.47411,54.429999],[-8.466705,54.475002],[-8.443023,54.447333],[-8.210194,54.501939],[-8.270985,54.523668],[-8.216379,54.55036],[-8.218861,54.56977],[-8.172515,54.594468],[-8.175404,54.619289],[-8.137563,54.605618],[-8.120839,54.646552],[-8.234934,54.629381],[-8.292104,54.605618],[-8.280344,54.629625],[-8.301747,54.639797],[-8.456614,54.564643],[-8.432281,54.587795],[-8.384755,54.605658],[-8.387685,54.619859],[-8.400054,54.628567],[-8.421864,54.619289],[-8.418691,54.641303],[-8.43163,54.641303],[-8.461537,54.602851],[-8.49413,54.632961],[-8.553456,54.622626],[-8.564036,54.608832],[-8.672597,54.619452],[-8.690012,54.626125],[-8.681956,54.63581],[-8.691396,54.641303],[-8.791819,54.659613],[-8.778147,54.68008],[-8.795522,54.698432],[-8.755198,54.705756],[-8.733266,54.732611],[-8.636586,54.768459],[-8.456614,54.756415],[-8.5454,54.783759],[-8.529897,54.788072],[-8.484934,54.789374],[-8.444692,54.763129],[-8.408193,54.762641],[-8.461293,54.793524],[-8.55842,54.817857],[-8.490712,54.851996],[-8.471018,54.840522],[-8.401967,54.84455],[-8.325673,54.831529],[-8.381337,54.855943],[-8.366689,54.88109],[-8.312652,54.87934],[-8.337026,54.903632],[-8.374013,54.907294],[-8.380849,54.886176],[-8.409291,54.88703],[-8.450795,54.922065],[-8.46345,54.940823],[-8.450429,54.946275],[-8.418446,54.934556],[-8.366567,54.948188],[-8.418609,54.968085],[-8.456614,55.002875],[-8.415028,55.002875],[-8.403188,55.030666],[-8.374013,55.036363],[-8.347401,55.064276],[-8.335072,55.035061],[-8.319976,55.034329],[-8.305165,55.058051],[-8.320424,55.104926],[-8.278472,55.160549],[-8.206532,55.146877],[-8.141265,55.160549],[-8.159576,55.138739],[-8.156484,55.124498],[-8.114858,55.154731],[-8.020985,55.188788],[-7.999582,55.219631],[-7.976796,55.22191],[-7.950185,55.210273],[-8.00414,55.17414],[-7.908559,55.188422],[-7.894887,55.17414],[-7.898793,55.156399],[-7.860097,55.167914],[-7.894887,55.140082],[-7.856435,55.138983],[-7.834706,55.164984],[-7.866119,55.214911],[-7.798695,55.25609],[-7.791249,55.248684],[-7.815745,55.194648],[-7.798695,55.180976],[-7.770741,55.188422],[-7.7176,55.166571],[-7.695627,55.133205],[-7.702504,55.099066],[-7.668202,55.147203],[-7.703603,55.218451],[-7.723948,55.214586],[-7.709299,55.17414],[-7.791737,55.206],[-7.760854,55.25609],[-7.725087,55.252672],[-7.660878,55.276557],[-7.611399,55.2414],[-7.614491,55.19599],[-7.572743,55.180976],[-7.525787,55.116156],[-7.541412,55.092231],[-7.641021,55.050686],[-7.561838,55.044501],[-7.572743,55.023383],[-7.634185,54.995429],[-7.681386,54.954413],[-7.529368,55.030707],[-7.469106,55.04385],[-7.450022,55.072333],[-7.477528,55.096381],[-7.46288,55.143459],[-7.541412,55.198065],[-7.54955,55.215399],[-7.516225,55.254136],[-7.524322,55.290269],[-7.478586,55.283922],[-7.46288,55.290269],[-7.469106,55.3039],[-7.405914,55.286933],[-7.347524,55.314276],[-7.312082,55.290269],[-7.339955,55.290269],[-7.320872,55.282172],[-7.256744,55.284003],[-7.350697,55.335191],[-7.353017,55.358547],[-7.400217,55.380276],[-7.384429,55.386379],[-7.208852,55.34512],[-7.129058,55.285834],[-6.975697,55.248684],[-6.953521,55.25434],[-6.939565,55.239081],[-6.942779,55.218573],[-7.159495,55.150784],[-7.2471,55.069322],[-7.291152,55.046615],[-7.376987,55.02889],[-7.413109,54.984965],[-7.408665,54.951117],[-7.445251,54.932152],[-7.45507,54.863009],[-7.543385,54.793091],[-7.551705,54.754695],[-7.543075,54.741673],[-7.649683,54.744877],[-7.736603,54.707463],[-7.770503,54.706016],[-7.845899,54.731027],[-7.929666,54.696714],[-7.907135,54.686689],[-7.914835,54.671651],[-7.906619,54.661316],[-7.846416,54.631447],[-7.814996,54.639457],[-7.753553,54.614497],[-7.710558,54.624264],[-7.707871,54.604162],[-7.749264,54.596152],[-7.848844,54.54091],[-7.887137,54.532125],[-8.002194,54.543442],[-8.072448,54.487063],[-8.173837,54.461741],[-8.156035,54.439055],[-8.05648,54.365882],[-8.002194,54.357923],[-7.950802,54.300873],[-7.880264,54.287023],[-7.856441,54.211421],[-7.70477,54.200362],[-7.632682,54.168529],[-7.609014,54.139901],[-7.502302,54.125121],[-7.414659,54.145688],[-7.425769,54.136955],[-7.39466,54.121917],[-7.310324,54.114683],[-7.333165,54.149409],[-7.295545,54.165119],[-7.297353,54.125896],[-7.280042,54.126155],[-7.263505,54.140986],[-7.265366,54.16114],[-7.24578,54.166979],[-7.261128,54.18088],[-7.249088,54.197416],[-7.153331,54.224237],[-7.159739,54.24067],[-7.14589,54.25209],[-7.181495,54.269763],[-7.1755,54.283664],[-7.209038,54.293431],[-7.211467,54.30418],[-7.184647,54.316634],[-7.19245,54.334721],[-7.127028,54.349759],[-7.078504,54.394717],[-7.017836,54.413166],[-6.922028,54.372703],[-6.905956,54.349035],[-6.879705,54.341594],[-6.856657,54.292811],[-6.882185,54.277257],[-6.837743,54.260513],[-6.823946,54.23235],[-6.787824,54.202998],[-6.744777,54.184187],[-6.694651,54.197985],[-6.640339,54.168013],[-6.634552,54.150133],[-6.666436,54.114786],[-6.657082,54.091945],[-6.672534,54.068432],[-6.630624,54.041819],[-6.47854,54.067709],[-6.450894,54.068432],[-6.433892,54.055306],[-6.377513,54.063264],[-6.354827,54.110652],[-6.327128,54.097888]]],[[[-8.483957,54.975531],[-8.549306,54.968411],[-8.565826,54.975531],[-8.565826,54.995429],[-8.536366,55.016588],[-8.496571,55.000678],[-8.483957,54.975531]]]]}},{"type":"Feature","properties":{"NAMEUNIT":"Northern Ireland","COUNTRY":"United Kingdom","boundary_level":"admin1"},"geometry":{"type":"MultiPolygon","coordinates":[[[[-6.655791,54.103314],[-6.666436,54.114786],[-6.634552,54.150133],[-6.640339,54.168013],[-6.694651,54.197985],[-6.744777,54.184187],[-6.787824,54.202998],[-6.823946,54.23235],[-6.837743,54.260513],[-6.882185,54.277257],[-6.856657,54.292811],[-6.879705,54.341594],[-6.905956,54.349035],[-6.922028,54.372703],[-7.017836,54.413166],[-7.078504,54.394717],[-7.127028,54.349759],[-7.19245,54.334721],[-7.184647,54.316634],[-7.211467,54.30418],[-7.209038,54.293431],[-7.1755,54.283664],[-7.181495,54.269763],[-7.14589,54.25209],[-7.159739,54.24067],[-7.153331,54.224237],[-7.249088,54.197416],[-7.261128,54.18088],[-7.24578,54.166979],[-7.265366,54.16114],[-7.263505,54.140986],[-7.280042,54.126155],[-7.297353,54.125896],[-7.295545,54.165119],[-7.325982,54.154577],[-7.333165,54.142743],[-7.310324,54.114683],[-7.326964,54.113597],[-7.39466,54.121917],[-7.425769,54.136955],[-7.414659,54.145688],[-7.502302,54.125121],[-7.609014,54.139901],[-7.632682,54.168529],[-7.70477,54.200362],[-7.856441,54.211421],[-7.880264,54.287023],[-7.950802,54.300873],[-8.002194,54.357923],[-8.05648,54.365882],[-8.173837,54.461741],[-8.072448,54.487063],[-8.002194,54.543442],[-7.887137,54.532125],[-7.848844,54.54091],[-7.749264,54.596152],[-7.707871,54.604162],[-7.710558,54.624264],[-7.753553,54.614497],[-7.814996,54.639457],[-7.846416,54.631447],[-7.906619,54.661316],[-7.914835,54.671651],[-7.907135,54.686689],[-7.929666,54.696714],[-7.845899,54.731027],[-7.770503,54.706016],[-7.736603,54.707463],[-7.649683,54.744877],[-7.543075,54.741673],[-7.551705,54.754695],[-7.543385,54.793091],[-7.45507,54.863009],[-7.445251,54.932152],[-7.408665,54.951117],[-7.405254,55.003569],[-7.366962,55.035557],[-7.291152,55.046615],[-7.2471,55.069322],[-7.256744,55.050686],[-7.195424,55.058051],[-7.065053,55.04385],[-7.017201,55.071112],[-7.009918,55.10224],[-6.974924,55.135443],[-6.962554,55.194648],[-6.883778,55.17414],[-6.754506,55.177802],[-6.640452,55.208319],[-6.571278,55.211249],[-6.519846,55.240668],[-6.475942,55.248684],[-6.415924,55.231879],[-6.352895,55.242621],[-6.239817,55.208319],[-6.120839,55.217841],[-6.047231,55.178534],[-6.037099,55.167914],[-6.040639,55.112047],[-6.062082,55.074123],[-5.975738,55.053046],[-5.970204,55.025824],[-5.986236,54.981757],[-5.930328,54.970893],[-5.886342,54.940823],[-5.869252,54.910386],[-5.820953,54.875067],[-5.800526,54.820746],[-5.715647,54.783759],[-5.797597,54.84455],[-5.781728,54.861721],[-5.751617,54.856879],[-5.701975,54.824693],[-5.689849,54.793118],[-5.692616,54.765204],[-5.729319,54.728502],[-5.845367,54.701239],[-5.890736,54.672309],[-5.927235,54.632961],[-5.907379,54.605618],[-5.839019,54.649726],[-5.747955,54.680406],[-5.694692,54.668687],[-5.574696,54.68008],[-5.53661,54.657457],[-5.514394,54.597886],[-5.478912,54.569485],[-5.468617,54.516262],[-5.430776,54.485175],[-5.433827,54.461005],[-5.464263,54.425238],[-5.461171,54.392076],[-5.489125,54.369574],[-5.474843,54.358588],[-5.515777,54.33808],[-5.57665,54.402777],[-5.543691,54.457831],[-5.558013,54.511908],[-5.644887,54.567776],[-5.701975,54.577704],[-5.697418,54.551215],[-5.715647,54.536689],[-5.6256,54.516262],[-5.670318,54.505683],[-5.639963,54.495754],[-5.644602,54.472113],[-5.6256,54.461005],[-5.6256,54.441107],[-5.661448,54.379584],[-5.708852,54.351752],[-5.579701,54.383694],[-5.550526,54.365424],[-5.540679,54.327338],[-5.553049,54.298529],[-5.61262,54.255561],[-5.633127,54.255561],[-5.639963,54.235053],[-5.655751,54.229682],[-5.678822,54.246161],[-5.736887,54.249091],[-5.86205,54.230536],[-5.86852,54.161322],[-5.893788,54.104682],[-6.027252,54.040229],[-6.095448,54.036363],[-6.112904,54.050116],[-6.08495,54.056952],[-6.174306,54.074286],[-6.185862,54.092678],[-6.263661,54.104682],[-6.327128,54.097888],[-6.354827,54.110652],[-6.377513,54.063264],[-6.433892,54.055306],[-6.450894,54.068432],[-6.47854,54.067709],[-6.595071,54.052412],[-6.616465,54.037271],[-6.672534,54.068432],[-6.655791,54.103314]]],[[[-6.194814,55.262926],[-6.187978,55.284003],[-6.21109,55.295315],[-6.283559,55.297065],[-6.236399,55.311347],[-6.174306,55.3039],[-6.194814,55.262926]]]]}},{"type":"Feature","properties":{"NAMEUNIT":"Voivodato de Baja Silesia","COUNTRY":"Poland","boundary_level":"admin1"},"geometry":{"type":"Polygon","coordinates":[[[15.119211,50.982471],[15.073632,51.002624],[15.003973,51.020685],[14.960978,50.992651],[14.996635,50.959216],[14.997771,50.930174],[14.981132,50.90909],[14.982062,50.859067],[14.810393,50.858447],[14.810496,50.877051],[14.860209,50.916842],[14.955293,51.064042],[14.991364,51.18897],[15.022059,51.23677],[15.019476,51.271678],[14.963768,51.328393],[14.950648,51.396539],[15.129444,51.455619],[15.158279,51.455955],[15.217087,51.424097],[15.246233,51.42265],[15.330052,51.501921],[15.403329,51.517838],[15.543889,51.469468],[15.614686,51.480424],[15.725376,51.571581],[15.823768,51.691186],[15.910481,51.727231],[15.944795,51.769889],[16.0125,51.76206009898367],[16.0125,50.607192974174865],[15.979934,50.606628],[15.998641,50.635567],[15.958023,50.686881],[15.848159,50.675151],[15.792245,50.742692],[15.684345,50.731426],[15.641866,50.755766],[15.441775,50.800208],[15.400124,50.797986],[15.370255,50.772613],[15.356096,50.775455],[15.341006,50.83173],[15.28778,50.854881],[15.265352,50.88227],[15.253053,50.914103],[15.269796,50.952653],[15.253776,50.969035],[15.170164,50.977975],[15.144429,51.011564],[15.119211,50.982471]]]}},{"type":"Feature","properties":{"NAMEUNIT":"Hradec Králové","COUNTRY":"Czech Republic","boundary_level":"admin1"},"geometry":{"type":"Polygon","coordinates":[[[15.641866,50.755766],[15.684345,50.731426],[15.792245,50.742692],[15.848159,50.675151],[15.958023,50.686881],[15.993163,50.649364],[15.996367,50.623681],[15.979934,50.606628],[16.0125,50.607192974174865],[16.0125,50.103384848262905],[15.988858,50.113968],[15.976993,50.152464],[15.907537,50.157331],[15.828787,50.112331],[15.791192,50.160242],[15.741512,50.150882],[15.706114,50.107244],[15.652522,50.127327],[15.607193,50.121592],[15.568169,50.133985],[15.533628,50.126997],[15.47272,50.090215],[15.4099,50.103179],[15.395179,50.128964],[15.356682,50.153892],[15.382105,50.18361],[15.346751,50.278587],[15.208609,50.285673],[15.184746,50.323027],[15.118037,50.348097],[15.121289,50.377475],[15.146097,50.413719],[15.121443,50.486712],[15.136187,50.517045],[15.23045,50.481944],[15.300037,50.517331],[15.343631,50.506081],[15.422557,50.460378],[15.439366,50.470166],[15.448199,50.514463],[15.479554,50.522956],[15.52919,50.501543],[15.618706,50.496797],[15.621651,50.521055],[15.586099,50.575064],[15.591285,50.61835],[15.563951,50.655726],[15.56951,50.710866],[15.522128,50.782361],[15.641866,50.755766]]]}},{"type":"Feature","properties":{"NAMEUNIT":"Pardubice","COUNTRY":"Czech Republic","boundary_level":"admin1"},"geometry":{"type":"Polygon","coordinates":[[[16.007425,49.729732],[15.933904,49.692576],[15.85878,49.699827],[15.75586,49.77917],[15.665948,49.809493],[15.583902,49.807526],[15.528289,49.857019],[15.484981,49.875564],[15.504734,49.955457],[15.340247,50.034053],[15.392849,50.047753],[15.389993,50.086634],[15.4099,50.103179],[15.47272,50.090215],[15.552964,50.133216],[15.607193,50.121592],[15.652522,50.127327],[15.706114,50.107244],[15.741512,50.150882],[15.791192,50.160242],[15.828787,50.112331],[15.907537,50.157331],[15.976993,50.152464],[15.988858,50.113968],[16.0125,50.103384848262905],[16.007425,49.729732]]]}},{"type":"Feature","properties":{"NAMEUNIT":"Baja Austria","COUNTRY":"Austria","boundary_level":"admin1"},"geometry":{"type":"Polygon","coordinates":[[[14.978858,49.00626],[15.137401,48.993031],[15.148977,48.965333],[15.141949,48.937479],[15.238067,48.95076],[15.27455,48.986727],[15.450354,48.944817],[15.521254,48.908489],[15.681347,48.858466],[15.726823,48.854952],[15.818497,48.872315],[15.833276,48.852006],[15.885986,48.842033],[15.875754,48.833093],[15.925053,48.822602],[15.931771,48.806428],[16.0125,48.767598798395035],[16.0125,47.518466955756544],[15.916683,47.533223],[15.892291,47.57198],[15.827902,47.58893],[15.831933,47.623192],[15.817515,47.643966],[15.743205,47.636731],[15.714318,47.701921],[15.652719,47.710938],[15.606159,47.743494],[15.538669,47.747422],[15.359301,47.824084],[15.229748,47.819304],[15.176366,47.776025],[14.994465,47.748714],[14.904186,47.722824],[14.838247,47.750522],[14.734119,47.750161],[14.699341,47.768919],[14.716239,47.793517],[14.732414,47.865864],[14.750242,47.883176],[14.743731,47.909505],[14.606582,47.961156],[14.427161,48.057351],[14.479768,48.114144],[14.469381,48.155821],[14.486796,48.224654],[14.519972,48.244807],[14.582294,48.240157],[14.675466,48.182486],[14.818662,48.205611],[14.880157,48.242327],[14.940618,48.242017],[14.967955,48.22517],[14.975396,48.333639],[14.963769,48.383145],[14.939998,48.4018],[14.934417,48.434021],[14.909767,48.439989],[14.882327,48.471202],[14.885221,48.49859],[14.916744,48.501536],[14.916123,48.516109],[14.892249,48.534867],[14.711588,48.572023],[14.69114,48.586535],[14.703836,48.673103],[14.775356,48.724004],[14.800367,48.776507],[14.939584,48.762813],[14.951056,48.780331],[14.938137,48.80281],[14.968213,48.885028],[14.964595,48.971741],[14.978858,49.00626]]]}},{"type":"Feature","properties":{"NAMEUNIT":"Moravia Meridional","COUNTRY":"Czech Republic","boundary_level":"admin1"},"geometry":{"type":"Polygon","coordinates":[[[15.681347,48.858466],[15.544187,48.902612],[15.577508,48.970774],[15.602095,48.971302],[15.634131,48.945264],[15.68001,48.973741],[15.735821,48.954438],[15.808155,48.997647],[15.877412,49.006084],[15.891299,49.029167],[15.948252,49.056061],[15.974466,49.038099],[16.0125,49.036606446431556],[16.0125,48.767598798395035],[15.931771,48.806428],[15.925053,48.822602],[15.875754,48.833093],[15.885986,48.842033],[15.833276,48.852006],[15.818497,48.872315],[15.726823,48.854952],[15.681347,48.858466]]]}},{"type":"Feature","properties":{"NAMEUNIT":"Alta Austria","COUNTRY":"Austria","boundary_level":"admin1"},"geometry":{"type":"Polygon","coordinates":[[[14.69114,48.586535],[14.711588,48.572023],[14.892249,48.534867],[14.916123,48.516109],[14.916744,48.501536],[14.885221,48.49859],[14.882327,48.471202],[14.909767,48.439989],[14.934417,48.434021],[14.939998,48.4018],[14.963769,48.383145],[14.975396,48.333639],[14.967955,48.22517],[14.940618,48.242017],[14.880157,48.242327],[14.818662,48.205611],[14.675466,48.182486],[14.582294,48.240157],[14.519972,48.244807],[14.490206,48.228736],[14.469381,48.155821],[14.479768,48.114144],[14.427161,48.057351],[14.606582,47.961156],[14.733034,47.918057],[14.750707,47.901908],[14.750242,47.883176],[14.732414,47.865864],[14.716239,47.793517],[14.699341,47.768919],[14.635572,47.734296],[14.49155,47.695435],[14.46597,47.671147],[14.347269,47.625672],[14.273114,47.624587],[14.185729,47.659107],[14.059742,47.626034],[14.042068,47.662414],[13.996748,47.698588],[13.952668,47.694505],[13.82327,47.720498],[13.687155,47.663964],[13.678008,47.607973],[13.730304,47.546039],[13.728444,47.501209],[13.674442,47.474208],[13.581786,47.486404],[13.524219,47.511209],[13.481069,47.549294],[13.508561,47.61327],[13.489027,47.641485],[13.525614,47.717501],[13.513212,47.735407],[13.467581,47.743469],[13.444637,47.761529],[13.520963,47.783544],[13.497554,47.79791],[13.31679,47.82504],[13.287747,47.849534],[13.272245,47.89904],[13.279531,47.960742],[13.350896,47.965548],[13.360973,47.980586],[13.352446,47.98764],[13.30294,48.009938],[13.234676,47.988854],[13.138919,47.987175],[13.010762,48.033244],[12.949784,48.027792],[12.927149,48.001825],[12.848246,47.982389],[12.830617,48.015468],[12.760234,48.064871],[12.736979,48.099959],[12.745041,48.12063],[12.822142,48.160679],[12.862553,48.196646],[12.93304,48.209255],[13.032775,48.263567],[13.136438,48.291059],[13.274207,48.307104],[13.405569,48.376583],[13.436161,48.430585],[13.438228,48.478541],[13.459209,48.516394],[13.440089,48.560965],[13.454558,48.573445],[13.520704,48.584581],[13.624367,48.565357],[13.716506,48.521691],[13.733869,48.559776],[13.77428,48.569207],[13.802392,48.611711],[13.800945,48.675221],[13.816862,48.695582],[13.783582,48.71527],[13.815725,48.76643],[13.98233,48.706485],[14.034729,48.661165],[14.006204,48.639513],[14.015196,48.620393],[14.07483,48.591712],[14.216527,48.58117],[14.325358,48.558639],[14.405353,48.586286],[14.458166,48.643182],[14.53382,48.608714],[14.594179,48.621323],[14.605134,48.600316],[14.634693,48.602332],[14.659187,48.576959],[14.69114,48.586535]]]}},{"type":"Feature","properties":{"NAMEUNIT":"Burgenland","COUNTRY":"Austria","boundary_level":"admin1"},"geometry":{"type":"Polygon","coordinates":[[[16.0125,46.863742109328385],[16.002982,46.876906],[16.0125,46.91459317304726],[16.0125,46.863742109328385]]]}},{"type":"Feature","properties":{"NAMEUNIT":"Valle d'Aosta","COUNTRY":"Italy","boundary_level":"admin1"},"geometry":{"type":"Polygon","coordinates":[[[7.066938,45.890223],[7.153547,45.876529],[7.286666,45.913426],[7.361803,45.907845],[7.503707,45.956731],[7.541121,45.984119],[7.643027,45.966343],[7.706279,45.925725],[7.831232,45.91446],[7.84962,45.939712],[7.863537,45.805995],[7.879402,45.755139],[7.915041,45.738242],[7.919546,45.649044],[7.880171,45.602693],[7.749324,45.564142],[7.672991,45.563626],[7.538013,45.588795],[7.46458,45.574217],[7.385478,45.52435],[7.232768,45.485546],[7.146218,45.492215],[7.137934,45.511748],[7.075369,45.466286],[6.982808,45.511125],[6.952939,45.594272],[6.969476,45.625847],[6.963378,45.640729],[6.8161,45.69685],[6.795946,45.718141],[6.781994,45.777465],[6.800804,45.826455],[6.843356,45.838643],[6.864441,45.826891],[6.873461,45.8448],[6.949012,45.857822],[7.007717,45.920506],[7.022083,45.92526],[7.066938,45.890223]]]}},{"type":"Feature","properties":{"NAMEUNIT":"Valais","COUNTRY":"Switzerland","boundary_level":"admin1"},"geometry":{"type":"Polygon","coordinates":[[[7.848389,45.938076],[7.831232,45.91446],[7.706279,45.925725],[7.643027,45.966343],[7.541121,45.984119],[7.503707,45.956731],[7.361803,45.907845],[7.286666,45.913426],[7.183726,45.880456],[7.090192,45.880508],[7.022083,45.92526],[6.987666,45.993111],[6.915112,46.048612],[6.85093,46.049645],[6.848553,46.085043],[6.869224,46.112329],[6.774346,46.134808],[6.765664,46.151603],[6.774863,46.185864],[6.827676,46.269477],[6.750368,46.345518],[6.782097,46.378462],[6.788107,46.405008],[6.866589,46.402698],[6.894494,46.374767],[6.894494,46.348076],[6.931029,46.33433],[6.940125,46.307613],[7.044873,46.189868],[7.17024,46.257022],[7.195975,46.284927],[7.198455,46.308853],[7.275918,46.363992],[7.314262,46.371588],[7.317673,46.3519],[7.32961,46.348541],[7.404231,46.378565],[7.509599,46.375671],[7.55988,46.395205],[7.540966,46.405643],[7.624424,46.443367],[7.723126,46.420164],[7.844927,46.481298],[7.901875,46.485587],[7.966108,46.515714],[7.965178,46.53995],[8.003057,46.557443],[8.114161,46.547159],[8.184441,46.52176],[8.2664,46.535196],[8.349082,46.573488],[8.37952,46.638084],[8.398588,46.654517],[8.417657,46.652941],[8.411611,46.581188],[8.437397,46.546617],[8.47693,46.531837],[8.447629,46.504552],[8.395953,46.490858],[8.385907,46.450206],[8.343449,46.443885],[8.294976,46.418046],[8.291462,46.378359],[8.24175,46.354123],[8.192554,46.309164],[8.087341,46.271802],[8.073078,46.253612],[8.129509,46.196044],[8.132299,46.159354],[8.110595,46.126953],[8.025329,46.091141],[8.010653,46.029698],[7.985848,45.999312],[7.898205,45.981949],[7.872917,45.959383],[7.870201,45.94037],[7.848389,45.938076]]]}},{"type":"Feature","properties":{"NAMEUNIT":"Piemonte","COUNTRY":"Italy","boundary_level":"admin1"},"geometry":{"type":"Polygon","coordinates":[[[7.655636,44.176064],[7.624733,44.180095],[7.583599,44.160716],[7.340616,44.123664],[7.3093,44.147487],[7.251319,44.160045],[7.144969,44.207225],[7.04606,44.240298],[6.996141,44.237818],[6.973403,44.249445],[6.959244,44.27735],[6.92121,44.302155],[6.869844,44.362926],[6.877182,44.414396],[6.9178,44.436307],[6.861266,44.474909],[6.838838,44.502918],[6.835737,44.534027],[6.945601,44.625443],[6.934336,44.646682],[6.959864,44.683165],[6.982808,44.692157],[7.055155,44.684871],[6.998415,44.793753],[7.004926,44.827963],[6.932682,44.861656],[6.847106,44.859072],[6.745407,44.907803],[6.72794,44.928732],[6.723496,45.013378],[6.651666,45.03565],[6.636576,45.074459],[6.602728,45.10345],[6.667376,45.139623],[6.736415,45.157348],[6.844109,45.130115],[6.876665,45.141225],[6.873461,45.165926],[6.913769,45.170164],[6.958727,45.2098],[7.029731,45.228197],[7.062183,45.218533],[7.108382,45.259202],[7.092569,45.323953],[7.159645,45.39847],[7.160679,45.410924],[7.096807,45.435419],[7.075369,45.466286],[7.131584,45.509936],[7.143054,45.512309],[7.146218,45.492215],[7.224551,45.484206],[7.385478,45.52435],[7.46458,45.574217],[7.538013,45.588795],[7.73135,45.561714],[7.880171,45.602693],[7.919546,45.649044],[7.916294,45.729662],[7.874743,45.763203],[7.84962,45.939712],[7.870201,45.94037],[7.872917,45.959383],[7.898205,45.981949],[7.985848,45.999312],[8.010653,46.029698],[8.025329,46.091141],[8.110595,46.126953],[8.132299,46.159354],[8.129509,46.196044],[8.073078,46.253612],[8.087341,46.271802],[8.192554,46.309164],[8.24175,46.354123],[8.281541,46.370116],[8.297457,46.387506],[8.286605,46.40536],[8.316267,46.433653],[8.427888,46.44869],[8.445768,46.412362],[8.423237,46.275833],[8.43812,46.23537],[8.51026,46.207878],[8.601831,46.122819],[8.677485,46.095792],[8.728974,46.108236],[8.728183,46.021997],[8.590525,45.914661],[8.602038,45.832549],[8.56541,45.798623],[8.609026,45.734474],[8.648862,45.71716],[8.648862,45.680883],[8.676965,45.672874],[8.682392,45.644397],[8.664573,45.635718],[8.697444,45.603034],[8.717021,45.523009],[8.772414,45.493654],[8.832004,45.40818],[8.734995,45.375496],[8.757319,45.357072],[8.714538,45.333199],[8.702695,45.304777],[8.663782,45.312632],[8.625593,45.356973],[8.546492,45.364213],[8.500085,45.287726],[8.533418,45.24132],[8.534033,45.217578],[8.559038,45.193112],[8.556555,45.164789],[8.607619,45.108001],[8.645544,45.041226],[8.669055,45.024801],[8.750969,45.024801],[8.850351,45.058441],[8.880828,45.052553],[8.882432,45.000532],[8.963884,44.97622],[8.977529,44.933274],[9.053269,44.88054],[9.04749,44.852558],[9.059641,44.837111],[9.085679,44.820258],[9.156738,44.806723],[9.205935,44.720832],[9.199255,44.59929],[9.154409,44.581261],[9.120923,44.587359],[9.099477,44.614616],[9.040986,44.632161],[8.944658,44.684763],[8.917478,44.681094],[8.875862,44.637281],[8.906623,44.611847],[8.903987,44.565188],[8.825742,44.558827],[8.814426,44.534438],[8.773337,44.501259],[8.724624,44.578625],[8.632119,44.588699],[8.609487,44.585337],[8.599358,44.542556],[8.564158,44.516244],[8.408811,44.515937],[8.359614,44.480956],[8.236128,44.532317],[8.19561,44.474551],[8.211013,44.445712],[8.205827,44.422432],[8.164123,44.399405],[8.138965,44.353163],[8.069158,44.30779],[8.079682,44.190324],[8.048525,44.158804],[8.006623,44.164539],[7.986474,44.152399],[7.981772,44.141852],[8.000427,44.13002],[8.000273,44.116122],[7.83438,44.125416],[7.757541,44.143819],[7.730867,44.121703],[7.738008,44.099379],[7.687932,44.090799],[7.64189,44.14356],[7.655636,44.176064]]]}},{"type":"Feature","properties":{"NAMEUNIT":"Tesino","COUNTRY":"Switzerland","boundary_level":"admin1"},"geometry":{"type":"Polygon","coordinates":[[[8.723891,46.109538],[8.677485,46.095792],[8.601831,46.122819],[8.51026,46.207878],[8.43812,46.23537],[8.423237,46.275833],[8.445768,46.412362],[8.427888,46.44869],[8.385907,46.450206],[8.395953,46.490858],[8.447629,46.504552],[8.537133,46.584547],[8.6363,46.571163],[8.6779,46.583591],[8.788384,46.56814],[8.898093,46.58925],[8.914836,46.620359],[8.953025,46.632348],[8.964807,46.614829],[9.022065,46.604882],[9.038498,46.590722],[9.015243,46.533465],[9.021445,46.514215],[9.048575,46.480884],[9.077307,46.482331],[9.097771,46.416134],[9.058083,46.289966],[9.087539,46.22059],[9.163788,46.172989],[9.090587,46.138167],[9.072087,46.118892],[9.059168,46.061789],[9.002117,46.03931],[9.015553,45.993111],[8.980516,45.964379],[9.010798,45.926655],[9.051726,45.915545],[9.063095,45.898957],[9.034363,45.848107],[9.002427,45.820718],[8.939588,45.834826],[8.900004,45.826403],[8.912096,45.883402],[8.870962,45.947067],[8.767919,45.983086],[8.834375,46.066388],[8.80895,46.089746],[8.747145,46.094449],[8.723891,46.109538]]]}},{"type":"Feature","properties":{"NAMEUNIT":"Lombardia","COUNTRY":"Italy","boundary_level":"admin1"},"geometry":{"type":"Polygon","coordinates":[[[9.538931,45.124173],[9.541875,45.086039],[9.500632,45.10309],[9.425046,45.101178],[9.383122,45.045027],[9.302615,44.913125],[9.306965,44.888944],[9.358315,44.856491],[9.355217,44.826542],[9.305867,44.758844],[9.322148,44.707714],[9.292529,44.693915],[9.251396,44.715745],[9.232654,44.67882],[9.201431,44.682127],[9.2022,44.732202],[9.152695,44.810491],[9.075901,44.824707],[9.048259,44.848811],[9.053269,44.88054],[8.97241,44.939218],[8.963884,44.97622],[8.882432,45.000532],[8.880828,45.052553],[8.850351,45.058441],[8.750969,45.024801],[8.669055,45.024801],[8.645544,45.041226],[8.607619,45.108001],[8.556555,45.164789],[8.559038,45.193112],[8.534033,45.217578],[8.53511,45.237683],[8.498525,45.295482],[8.556401,45.366509],[8.625593,45.356973],[8.663782,45.312632],[8.702695,45.304777],[8.714538,45.333199],[8.757319,45.357072],[8.734995,45.375496],[8.832004,45.40818],[8.772414,45.493654],[8.717021,45.523009],[8.697444,45.603034],[8.664573,45.635718],[8.682392,45.644397],[8.676965,45.672874],[8.648862,45.680883],[8.648862,45.71716],[8.609026,45.734474],[8.568508,45.789505],[8.567102,45.801754],[8.602038,45.832549],[8.588503,45.910277],[8.724624,46.016131],[8.734072,46.04096],[8.728974,46.108236],[8.747145,46.094449],[8.80895,46.089746],[8.834375,46.066388],[8.767919,45.983086],[8.870962,45.947067],[8.912096,45.883402],[8.900004,45.826403],[8.939588,45.834826],[9.002427,45.820718],[9.034363,45.848107],[9.063095,45.898957],[9.051726,45.915545],[9.010798,45.926655],[8.980516,45.964379],[9.015553,45.993111],[9.002117,46.03931],[9.059168,46.061789],[9.072087,46.118892],[9.090587,46.138167],[9.163244,46.172273],[9.181331,46.204054],[9.224831,46.231188],[9.275175,46.331385],[9.260912,46.416651],[9.237968,46.436547],[9.263186,46.485122],[9.282306,46.49737],[9.350829,46.497861],[9.351553,46.485484],[9.384626,46.466416],[9.434648,46.498326],[9.444364,46.375284],[9.482604,46.35681],[9.502551,46.32074],[9.536451,46.298622],[9.674324,46.291801],[9.70843,46.311748],[9.720109,46.350893],[9.768065,46.33862],[9.855398,46.366964],[9.918443,46.37115],[9.964022,46.356086],[9.977561,46.298105],[10.031718,46.260072],[10.042673,46.220487],[10.14582,46.243328],[10.158945,46.262449],[10.091766,46.328956],[10.140755,46.402905],[10.026344,46.446262],[10.044017,46.466984],[10.028101,46.483934],[10.032752,46.532975],[10.071199,46.564394],[10.087839,46.604392],[10.217856,46.626974],[10.233773,46.617982],[10.234703,46.575298],[10.306637,46.547496],[10.425906,46.535326],[10.451829,46.546704],[10.488435,46.497365],[10.569316,46.480885],[10.627654,46.447652],[10.638662,46.411067],[10.632312,46.386315],[10.607439,46.369803],[10.551892,46.364353],[10.527854,46.342644],[10.577688,46.312729],[10.590234,46.233374],[10.565427,46.188528],[10.556858,46.112426],[10.515154,46.081994],[10.459145,45.984995],[10.500059,45.965154],[10.519482,45.916737],[10.5072,45.877461],[10.525854,45.836526],[10.559033,45.824408],[10.560879,45.800359],[10.589619,45.794514],[10.66114,45.809763],[10.687397,45.84526],[10.80873,45.845447],[10.844897,45.834054],[10.644243,45.609571],[10.642991,45.448028],[10.661755,45.419035],[10.702427,45.422814],[10.702119,45.38245],[10.717939,45.361214],[10.697461,45.320257],[10.740154,45.316049],[10.761072,45.29367],[10.794624,45.307205],[10.848611,45.263073],[10.987324,45.197375],[11.005298,45.179983],[11.001892,45.155077],[11.049221,45.151968],[11.048298,45.122646],[11.077346,45.099464],[11.15491,45.119317],[11.204106,45.112439],[11.210303,45.104298],[11.19123,45.090939],[11.195735,45.063396],[11.272837,45.059573],[11.272683,45.033788],[11.419021,44.96687],[11.421504,44.949864],[11.302961,44.96007],[11.279648,44.942678],[11.163435,44.931516],[11.083081,44.961905],[10.999409,44.953434],[10.974756,44.935867],[10.888931,44.913488],[10.764499,44.943557],[10.75426,44.976527],[10.692495,44.990381],[10.601243,44.922398],[10.52135,44.916168],[10.443589,44.936691],[10.399248,44.991315],[10.350359,44.98402],[10.183542,45.046554],[10.071877,45.037534],[10.021538,45.11011],[9.986601,45.128721],[9.916025,45.108001],[9.923144,45.130061],[9.882891,45.134148],[9.895854,45.091873],[9.830178,45.096267],[9.833694,45.068252],[9.764546,45.114812],[9.752153,45.108001],[9.752461,45.082007],[9.722336,45.072284],[9.636863,45.093938],[9.640422,45.126084],[9.590413,45.112593],[9.552729,45.134818],[9.538931,45.124173]]]}},{"type":"Feature","properties":{"NAMEUNIT":"los Grisones","COUNTRY":"Switzerland","boundary_level":"admin1"},"geometry":{"type":"Polygon","coordinates":[[[9.215747,46.221056],[9.181331,46.204054],[9.163788,46.172989],[9.076377,46.234801],[9.056998,46.298983],[9.089089,46.363682],[9.097771,46.416134],[9.077307,46.482331],[9.048575,46.480884],[9.021445,46.514215],[9.015243,46.533465],[9.035242,46.596174],[8.964807,46.614829],[8.947444,46.632089],[8.914836,46.620359],[8.907705,46.594159],[8.847347,46.575245],[8.711231,46.573023],[8.6779,46.583591],[8.673404,46.617491],[8.653973,46.633071],[8.672629,46.690535],[8.715623,46.704953],[8.7488,46.733013],[8.803732,46.737199],[8.825591,46.790814],[8.871686,46.815437],[8.925223,46.800555],[9.003151,46.819623],[9.04904,46.873987],[9.115031,46.863961],[9.196008,46.887138],[9.240863,46.92034],[9.260241,46.906905],[9.445708,46.88272],[9.474388,46.909721],[9.492837,46.953207],[9.531956,46.983334],[9.477023,47.063898],[9.560636,47.0524],[9.669053,47.056199],[9.857982,47.015478],[9.856328,47.004083],[9.870591,46.998838],[9.862426,46.939772],[9.875138,46.927421],[10.1113,46.847116],[10.201423,46.86683],[10.235116,46.923313],[10.295681,46.922693],[10.313665,46.964318],[10.367925,46.995505],[10.458462,46.936619],[10.44854,46.832233],[10.417224,46.79885],[10.428696,46.755648],[10.399654,46.735546],[10.394383,46.70082],[10.369165,46.672398],[10.395623,46.638808],[10.459082,46.623564],[10.465903,46.578476],[10.443993,46.537729],[10.295371,46.551087],[10.234703,46.575298],[10.233773,46.617982],[10.192122,46.626819],[10.087839,46.604392],[10.071199,46.564394],[10.032752,46.532975],[10.028101,46.483934],[10.044017,46.466984],[10.026344,46.446262],[10.140755,46.402905],[10.091766,46.328956],[10.158945,46.262449],[10.14582,46.243328],[10.042673,46.220487],[10.031718,46.260072],[9.977561,46.298105],[9.964022,46.356086],[9.918443,46.37115],[9.855398,46.366964],[9.768065,46.33862],[9.720109,46.350893],[9.70843,46.311748],[9.674324,46.291801],[9.536451,46.298622],[9.502551,46.32074],[9.482604,46.35681],[9.444364,46.375284],[9.434648,46.498326],[9.384626,46.466416],[9.330986,46.501504],[9.282306,46.49737],[9.245823,46.461041],[9.237968,46.436547],[9.260912,46.416651],[9.275175,46.331385],[9.215747,46.221056]]]}},{"type":"Feature","properties":{"NAMEUNIT":"Trentino-Alto Adige","COUNTRY":"Italy","boundary_level":"admin1"},"geometry":{"type":"Polygon","coordinates":[[[11.843247,46.478457],[11.880798,46.471371],[11.895696,46.45476],[11.860957,46.427085],[11.848191,46.38102],[11.802927,46.36621],[11.799214,46.353191],[11.848037,46.307873],[11.853464,46.273716],[11.892905,46.271903],[11.927358,46.250612],[11.920393,46.222762],[11.966426,46.198833],[11.967261,46.185144],[11.884226,46.128246],[11.810684,46.1069],[11.706863,46.099385],[11.704687,46.053418],[11.684495,46.03027],[11.684802,45.984325],[11.613589,45.975591],[11.564238,46.014142],[11.495046,46.012439],[11.387512,45.978898],[11.383008,45.94484],[11.35897,45.922934],[11.310718,45.93771],[11.274529,45.91498],[11.200547,45.810895],[11.201931,45.791263],[11.182507,45.778441],[11.18488,45.754722],[11.130718,45.699593],[11.011252,45.714622],[10.983435,45.692715],[10.931777,45.681894],[10.87032,45.722071],[10.878691,45.761391],[10.900247,45.784077],[10.893896,45.806094],[10.826704,45.841228],[10.687397,45.84526],[10.665315,45.811488],[10.584653,45.794229],[10.560879,45.800359],[10.559033,45.824408],[10.52291,45.841338],[10.506892,45.882207],[10.519482,45.916737],[10.500059,45.965154],[10.459145,45.984995],[10.515154,46.081994],[10.556858,46.112426],[10.565427,46.188528],[10.590234,46.233374],[10.577688,46.312729],[10.527854,46.342644],[10.558242,46.366704],[10.618909,46.375362],[10.638662,46.411067],[10.616755,46.460055],[10.482393,46.501507],[10.451829,46.546704],[10.465903,46.578476],[10.459082,46.623564],[10.395623,46.638808],[10.369165,46.672398],[10.394383,46.70082],[10.399654,46.735546],[10.428696,46.755648],[10.417224,46.79885],[10.444923,46.823241],[10.453811,46.864427],[10.486264,46.846366],[10.527708,46.843214],[10.647081,46.863756],[10.738962,46.829546],[10.748677,46.819443],[10.716947,46.795207],[10.722942,46.786448],[10.83415,46.780246],[10.870426,46.764072],[10.99693,46.76911],[11.052844,46.814921],[11.091912,46.912435],[11.174491,46.963853],[11.31381,46.987262],[11.411169,46.970493],[11.471837,47.00708],[11.524443,46.988347],[11.59648,47.00044],[11.683814,46.991913],[11.73487,46.970622],[11.943643,47.038164],[12.014956,47.040489],[12.116242,47.076559],[12.204195,47.079686],[12.203575,47.053331],[12.12172,47.010517],[12.111178,46.992998],[12.141667,46.927989],[12.126887,46.908869],[12.172156,46.89918],[12.1951,46.880085],[12.26662,46.868148],[12.275819,46.846289],[12.269101,46.788566],[12.342688,46.765131],[12.370387,46.711155],[12.40501,46.690123],[12.469632,46.675799],[12.399221,46.639737],[12.388674,46.619434],[12.34073,46.628157],[12.208081,46.594934],[12.174375,46.636968],[12.08967,46.666818],[12.071191,46.613128],[12.022039,46.53941],[11.851926,46.514163],[11.832239,46.504034],[11.843247,46.478457]]]}},{"type":"Feature","properties":{"NAMEUNIT":"Vorarlberg","COUNTRY":"Austria","boundary_level":"admin1"},"geometry":{"type":"Polygon","coordinates":[[[9.856328,47.004083],[9.857982,47.015478],[9.669053,47.056199],[9.581203,47.05687],[9.608798,47.080771],[9.615723,47.106764],[9.581823,47.154901],[9.552057,47.16689],[9.562909,47.19774],[9.540378,47.229108],[9.547096,47.243035],[9.521155,47.262801],[9.639804,47.394524],[9.650346,47.452092],[9.58451,47.480721],[9.547482,47.534547],[9.676701,47.52263],[9.703986,47.531415],[9.752665,47.582058],[9.79628,47.584952],[9.813127,47.54175],[9.918753,47.53219],[9.945935,47.540769],[9.982625,47.481031],[10.022623,47.487955],[10.080604,47.42739],[10.053215,47.40486],[10.082878,47.359074],[10.190881,47.379228],[10.209278,47.372484],[10.190778,47.298251],[10.155431,47.272878],[10.174951,47.272376],[10.191451,47.243628],[10.202148,47.160998],[10.138224,47.077333],[10.126752,46.967573],[10.081121,46.917834],[10.125188,46.846751],[10.068098,46.856624],[10.006913,46.890757],[9.875138,46.927421],[9.860772,46.949151],[9.870591,46.998838],[9.856328,47.004083]]]}},{"type":"Feature","properties":{"NAMEUNIT":"Tirol","COUNTRY":"Austria","boundary_level":"admin1"},"geometry":{"type":"MultiPolygon","coordinates":[[[[12.40501,46.690123],[12.370387,46.711155],[12.342688,46.765131],[12.269101,46.788566],[12.275819,46.846289],[12.26662,46.868148],[12.1951,46.880085],[12.172156,46.89918],[12.126887,46.908869],[12.141667,46.927989],[12.111178,46.992998],[12.12172,47.010517],[12.182284,47.033616],[12.203897,47.067012],[12.320571,47.104877],[12.396897,47.14937],[12.502731,47.155442],[12.577662,47.144229],[12.633834,47.112034],[12.636779,47.092836],[12.65807,47.077644],[12.744318,47.058032],[12.752741,47.050152],[12.738892,46.985504],[12.806898,46.929384],[12.828757,46.875976],[12.951179,46.767378],[12.93304,46.757508],[12.88679,46.77854],[12.724319,46.748852],[12.671368,46.652466],[12.547327,46.652192],[12.40501,46.690123]]],[[[10.125046,46.847167],[10.081121,46.917834],[10.126752,46.967573],[10.138224,47.077333],[10.202148,47.160998],[10.203388,47.198721],[10.174951,47.272376],[10.239354,47.277735],[10.305913,47.302178],[10.371646,47.367394],[10.428283,47.396049],[10.451951,47.438759],[10.44761,47.472581],[10.419601,47.493045],[10.43097,47.542164],[10.414227,47.573015],[10.429213,47.57702],[10.457118,47.579242],[10.453501,47.546246],[10.482543,47.532862],[10.536907,47.529865],[10.583726,47.562473],[10.739892,47.52847],[10.760769,47.513638],[10.858644,47.530666],[10.892234,47.514879],[10.851616,47.493097],[10.858438,47.485165],[10.909907,47.46899],[10.959827,47.432506],[10.955279,47.409614],[10.979464,47.390545],[11.083747,47.389512],[11.193818,47.428941],[11.215212,47.422998],[11.213041,47.395816],[11.237019,47.393956],[11.305645,47.4354],[11.383884,47.444857],[11.388638,47.46222],[11.365487,47.469326],[11.412616,47.506094],[11.551212,47.51369],[11.589142,47.570379],[11.620458,47.589654],[11.820343,47.575288],[11.851969,47.599163],[11.935891,47.610738],[12.173603,47.60508],[12.206779,47.645568],[12.205125,47.672285],[12.1766,47.705823],[12.242229,47.732023],[12.223315,47.695901],[12.238715,47.6789],[12.407697,47.693731],[12.42413,47.69156],[12.444697,47.656291],[12.482524,47.633579],[12.517148,47.628541],[12.563375,47.641761],[12.589185,47.611539],[12.654194,47.575649],[12.653109,47.550173],[12.678844,47.498858],[12.598797,47.405996],[12.501801,47.385222],[12.457411,47.333442],[12.392867,47.320729],[12.315455,47.332822],[12.096037,47.279905],[12.081878,47.187301],[12.127818,47.13118],[12.133146,47.078832],[12.014956,47.040489],[11.899511,47.027725],[11.73487,46.970622],[11.683814,46.991913],[11.59648,47.00044],[11.524443,46.988347],[11.471837,47.00708],[11.411169,46.970493],[11.31381,46.987262],[11.174491,46.963853],[11.091912,46.912435],[11.052844,46.814921],[10.99693,46.76911],[10.870426,46.764072],[10.83415,46.780246],[10.722942,46.786448],[10.716947,46.795207],[10.748677,46.819443],[10.738962,46.829546],[10.647081,46.863756],[10.486264,46.846366],[10.453811,46.864427],[10.458462,46.936619],[10.373403,46.996254],[10.313665,46.964318],[10.295681,46.922693],[10.235116,46.923313],[10.201423,46.86683],[10.125046,46.847167]]]]}},{"type":"Feature","properties":{"NAMEUNIT":"Groninga","COUNTRY":"Netherlands","boundary_level":"admin1"},"geometry":{"type":"MultiPolygon","coordinates":[[[[7.198506,53.200578],[7.171944,53.137714],[7.194372,53.033844],[7.183623,52.966122],[7.072151,52.841317],[7.017846,52.870365],[7.038206,52.912171],[6.935474,52.988394],[6.734814,53.114381],[6.631461,53.105596],[6.53064,53.191224],[6.46837,53.204505],[6.413748,53.17784],[6.330136,53.088078],[6.183013,53.124303],[6.16906,53.152932],[6.176037,53.174429],[6.223372,53.216545],[6.217946,53.240575],[6.250244,53.283673],[6.287141,53.309925],[6.276134,53.313594],[6.273654,53.344703],[6.180068,53.36434],[6.170301,53.386096],[6.186021,53.410996],[6.273936,53.412665],[6.311534,53.398993],[6.494395,53.438707],[6.730235,53.460639],[6.829112,53.450588],[6.866873,53.434272],[6.900564,53.351793],[7.02003,53.306138],[7.08546,53.309638],[7.073497,53.29564],[7.08074,53.266791],[7.194591,53.245022],[7.198506,53.200578]]],[[[6.510102,53.543606],[6.49643,53.5362],[6.441173,53.556627],[6.455089,53.558092],[6.510102,53.543606]]]]}},{"type":"Feature","properties":{"NAMEUNIT":"Baja Sajonia","COUNTRY":"Germany","boundary_level":"admin1"},"geometry":{"type":"MultiPolygon","coordinates":[[[[7.192821,52.998006],[7.18507,53.105442],[7.171944,53.137714],[7.195405,53.184998],[7.194591,53.245022],[7.233572,53.273627],[7.229503,53.296576],[7.254731,53.319525],[7.291515,53.32392],[7.366547,53.302802],[7.34254,53.324042],[7.302908,53.33275],[7.075206,53.337592],[7.038259,53.348578],[7.023611,53.37641],[7.023285,53.450507],[7.051443,53.5126],[7.059744,53.521715],[7.11964,53.516303],[7.141775,53.537177],[7.131114,53.556952],[7.088878,53.573717],[7.100922,53.597886],[7.226085,53.66649],[7.305024,53.684801],[7.458832,53.695136],[7.503917,53.678656],[7.951427,53.72191],[8.031423,53.708075],[8.024913,53.672553],[8.052908,53.636298],[8.127615,53.590766],[8.119151,53.571926],[8.167979,53.553209],[8.155447,53.526028],[8.058767,53.502021],[8.086192,53.456122],[8.152354,53.449774],[8.205333,53.410712],[8.259451,53.412299],[8.315115,53.474921],[8.320486,53.509223],[8.291515,53.529364],[8.231212,53.525214],[8.248871,53.590277],[8.270681,53.61286],[8.329356,53.618109],[8.387706,53.577135],[8.552094,53.543606],[8.490001,53.486396],[8.485037,53.40119],[8.504405,53.358059],[8.497569,53.474758],[8.512869,53.496487],[8.557203,53.519941],[8.602814,53.490482],[8.642656,53.531901],[8.620177,53.587608],[8.630874,53.603964],[8.513038,53.617097],[8.487071,53.666938],[8.486095,53.700426],[8.573253,53.857652],[8.607107,53.881537],[8.651866,53.892483],[8.782481,53.842475],[8.860688,53.831],[9.016287,53.840522],[9.035004,53.853583],[9.114513,53.865139],[9.274669,53.865139],[9.40268,53.742418],[9.484711,53.69009],[9.498383,53.659857],[9.567068,53.599595],[9.696625,53.556627],[9.763972,53.54768],[9.768427,53.508155],[9.857207,53.432863],[9.895706,53.44865],[9.912915,53.415603],[9.945006,53.422838],[9.975288,53.414053],[10.083137,53.450898],[10.186541,53.404389],[10.241577,53.406611],[10.285347,53.432656],[10.350511,53.432036],[10.569515,53.363875],[10.709714,53.368345],[10.731573,53.351989],[10.739428,53.308452],[10.930217,53.228457],[11.089432,53.144198],[11.156146,53.173861],[11.194335,53.140943],[11.224669,53.153035],[11.25583,53.136188],[11.344145,53.066322],[11.437938,53.08384],[11.58134,53.042861],[11.56191,53.01002],[11.506823,53.001132],[11.500156,52.942609],[11.470391,52.940076],[11.408741,52.905246],[11.253298,52.876153],[11.213559,52.897753],[11.014656,52.911861],[10.998792,52.905867],[10.989335,52.882121],[10.941689,52.859074],[10.758599,52.835096],[10.756894,52.786494],[10.793843,52.747943],[10.800974,52.722467],[10.836941,52.710271],[10.928202,52.614205],[10.976777,52.616272],[10.948355,52.588935],[10.946495,52.562942],[11.001737,52.49814],[10.952541,52.494419],[10.939054,52.462121],[11.010729,52.403468],[11.072999,52.372178],[11.0638,52.353833],[10.999257,52.34032],[11.033725,52.306472],[11.01476,52.287403],[11.0607,52.26141],[11.063645,52.243685],[11.078425,52.250971],[11.085091,52.230714],[11.020702,52.19405],[11.027214,52.177539],[11.054344,52.168392],[11.048298,52.139712],[10.94882,52.09974],[10.969336,52.08354],[10.96298,52.05982],[10.660828,52.044731],[10.621605,52.010521],[10.570084,52.0068],[10.590238,51.976156],[10.64548,51.957087],[10.618143,51.943445],[10.613027,51.924531],[10.635248,51.91156],[10.639899,51.883552],[10.582176,51.84774],[10.577835,51.80521],[10.585277,51.777925],[10.619228,51.758546],[10.664083,51.707232],[10.669044,51.66987],[10.697621,51.637365],[10.631372,51.607031],[10.654161,51.578247],[10.649976,51.562486],[10.618453,51.573441],[10.514222,51.556285],[10.431023,51.590701],[10.37485,51.58574],[10.377951,51.56631],[10.357642,51.536389],[10.239561,51.472104],[10.18959,51.477892],[10.172227,51.449341],[10.146751,51.440633],[10.149696,51.431796],[10.084687,51.431073],[10.069184,51.420066],[10.041692,51.432261],[9.949243,51.381799],[9.897567,51.419084],[9.862789,51.408697],[9.875501,51.381722],[9.860928,51.372058],[9.832816,51.397587],[9.796384,51.408387],[9.792043,51.390352],[9.712565,51.362602],[9.750754,51.331337],[9.784757,51.338701],[9.769513,51.314878],[9.722022,51.290461],[9.669467,51.319555],[9.56937,51.342344],[9.534747,51.366581],[9.57092,51.361387],[9.562859,51.38136],[9.578982,51.397587],[9.636239,51.403736],[9.638254,51.470295],[9.594795,51.518199],[9.61252,51.523677],[9.619651,51.552487],[9.644766,51.550032],[9.637789,51.57215],[9.671327,51.559282],[9.686055,51.571943],[9.654377,51.608168],[9.620891,51.631112],[9.585338,51.625996],[9.549319,51.640259],[9.499555,51.630105],[9.482915,51.654677],[9.393722,51.640052],[9.373051,51.647261],[9.390001,51.67775],[9.391086,51.733845],[9.451909,51.797769],[9.462141,51.830118],[9.440075,51.840764],[9.461211,51.865362],[9.321995,51.856267],[9.338324,51.893422],[9.32587,51.916108],[9.25528,51.922361],[9.274711,51.937502],[9.286028,51.972771],[9.243343,51.983752],[9.219159,51.970316],[9.171048,51.985974],[9.198798,52.016954],[9.176629,52.056771],[9.189496,52.079018],[9.14092,52.107672],[9.142936,52.128989],[8.996485,52.134105],[9.007492,52.155938],[8.988062,52.188494],[9.045939,52.194075],[9.038498,52.218622],[9.072656,52.239189],[8.986666,52.26048],[8.99509,52.322491],[9.007802,52.339235],[9.073896,52.348743],[9.128363,52.408455],[9.108984,52.451527],[9.134099,52.474885],[9.096685,52.495452],[8.99912,52.462767],[8.961241,52.409075],[8.826728,52.388792],[8.711076,52.398611],[8.703634,52.480156],[8.676194,52.511007],[8.642811,52.524055],[8.49667,52.506511],[8.463908,52.489768],[8.448095,52.454628],[8.423703,52.445998],[8.301437,52.451114],[8.33389,52.398352],[8.440963,52.353756],[8.460187,52.304198],[8.460962,52.214333],[8.497601,52.189192],[8.491864,52.176195],[8.426029,52.140978],[8.400759,52.112427],[8.266865,52.133614],[8.181031,52.083074],[8.110441,52.066538],[8.038249,52.070724],[7.97386,52.038452],[7.912417,52.056022],[7.891643,52.089767],[7.922183,52.111548],[7.99019,52.123227],[8.01732,52.170046],[7.947505,52.179813],[7.900634,52.204927],[7.925439,52.230352],[7.916292,52.250687],[7.946265,52.274277],[7.929677,52.303009],[7.972775,52.314637],[7.90575,52.377268],[7.822603,52.363264],[7.709793,52.407344],[7.680596,52.462018],[7.601169,52.474472],[7.581894,52.436386],[7.6021,52.415406],[7.561585,52.371842],[7.51363,52.370034],[7.416478,52.313965],[7.300568,52.271797],[7.121509,52.26265],[7.0266,52.238623],[7.012471,52.284949],[7.048231,52.365074],[6.9733,52.451373],[6.90023,52.431917],[6.714814,52.461553],[6.695074,52.475609],[6.671716,52.541678],[6.743753,52.559713],[6.703962,52.583071],[6.701792,52.619115],[6.737035,52.634695],[6.8654,52.641956],[7.018465,52.625988],[7.036655,52.647382],[7.061977,52.824012],[7.161919,52.932636],[7.192821,52.998006]],[[8.49605,53.224038],[8.513,53.19975],[8.617231,53.176858],[8.638005,53.130297],[8.701774,53.083427],[8.704875,53.049553],[8.771796,53.054643],[8.844091,53.033197],[8.86595,53.047512],[8.914526,53.024619],[8.972714,53.052576],[8.989922,53.093607],[8.957831,53.121926],[8.975349,53.137015],[8.93623,53.162802],[8.912356,53.139341],[8.894992,53.13885],[8.823886,53.168073],[8.778617,53.170269],[8.745544,53.191611],[8.690302,53.188433],[8.590205,53.215357],[8.49605,53.224038]]],[[[6.722423,53.584621],[6.756521,53.562893],[6.726085,53.577135],[6.677094,53.575629],[6.659516,53.599107],[6.784679,53.620063],[6.798106,53.604438],[6.722423,53.584621]]],[[[6.87379,53.672756],[7.047048,53.694159],[7.08546,53.686998],[6.87379,53.672756]]],[[[7.34669,53.723212],[7.173595,53.701402],[7.133149,53.708075],[7.232921,53.729438],[7.34669,53.723212]]],[[[8.195974,53.727973],[8.15089,53.714301],[8.120128,53.714301],[8.152354,53.739163],[8.195974,53.727973]]],[[[7.435557,53.727973],[7.421235,53.721137],[7.366547,53.727973],[7.403494,53.736721],[7.435557,53.727973]]],[[[7.625743,53.749945],[7.513927,53.74551],[7.511241,53.727973],[7.481944,53.727118],[7.469574,53.745347],[7.48699,53.76142],[7.606619,53.7626],[7.625743,53.749945]]],[[[7.812836,53.783149],[7.74822,53.760932],[7.660899,53.762112],[7.68629,53.780992],[7.728282,53.786566],[7.812836,53.783149]]],[[[7.87672,53.794867],[7.955577,53.782904],[7.854503,53.784573],[7.87672,53.794867]]]]}},{"type":"Feature","properties":{"NAMEUNIT":"Drente","COUNTRY":"Netherlands","boundary_level":"admin1"},"geometry":{"type":"Polygon","coordinates":[[[7.072151,52.841317],[7.036655,52.647382],[7.018465,52.625988],[6.8654,52.641956],[6.770522,52.641026],[6.719083,52.626759],[6.696367,52.652187],[6.611152,52.672599],[6.520822,52.645882],[6.521597,52.611466],[6.428993,52.628002],[6.386618,52.618494],[6.32502,52.667793],[6.179137,52.682056],[6.130251,52.748512],[6.206939,52.796726],[6.129476,52.853415],[6.265437,52.925659],[6.347964,52.908399],[6.395765,52.927829],[6.429458,52.959352],[6.421707,52.98457],[6.36755,53.028495],[6.354631,53.063635],[6.307657,53.078414],[6.309517,53.092057],[6.338042,53.090868],[6.385378,53.158203],[6.46837,53.204505],[6.53064,53.191224],[6.631461,53.105596],[6.698692,53.11898],[6.74055,53.111901],[6.935474,52.988394],[7.038206,52.912171],[7.017846,52.870365],[7.072151,52.841317]]]}},{"type":"Feature","properties":{"NAMEUNIT":"Overijssel","COUNTRY":"Netherlands","boundary_level":"admin1"},"geometry":{"type":"Polygon","coordinates":[[[6.701792,52.619115],[6.703962,52.583071],[6.743753,52.559713],[6.671716,52.541678],[6.695074,52.475609],[6.741169,52.453673],[6.90023,52.431917],[6.9733,52.451373],[7.048231,52.365074],[7.012471,52.284949],[7.02632,52.230637],[6.981878,52.213997],[6.927721,52.171907],[6.88483,52.160332],[6.830673,52.112893],[6.771576,52.108793],[6.661899,52.127309],[6.671045,52.157592],[6.653527,52.168496],[6.495242,52.177177],[6.411423,52.244563],[6.32254,52.229474],[6.146116,52.230301],[6.106532,52.299702],[6.068033,52.321768],[6.087308,52.35944],[6.081572,52.370602],[6.12002,52.380369],[6.134799,52.40445],[6.09537,52.467909],[6.030671,52.511007],[5.931349,52.480621],[5.891455,52.52036],[5.866948,52.521791],[5.846521,52.577698],[5.832503,52.585246],[5.844233,52.605317],[6.019767,52.637614],[5.926543,52.671669],[5.945302,52.688774],[5.904787,52.75647],[5.785156,52.803702],[5.822415,52.815019],[5.879362,52.805924],[5.959254,52.841581],[5.993102,52.822823],[6.032376,52.821066],[6.05191,52.839307],[6.129476,52.853415],[6.206939,52.796726],[6.130251,52.748512],[6.183323,52.679989],[6.217946,52.686242],[6.273033,52.667897],[6.32502,52.667793],[6.386618,52.618494],[6.428993,52.628002],[6.521597,52.611466],[6.518652,52.641232],[6.533276,52.653944],[6.624175,52.672341],[6.702103,52.649345],[6.719083,52.626759],[6.701792,52.619115]]]}},{"type":"Feature","properties":{"NAMEUNIT":"Renania del Norte-Westfalia","COUNTRY":"Germany","boundary_level":"admin1"},"geometry":{"type":"Polygon","coordinates":[[[6.830673,52.112893],[6.88483,52.160332],[6.947668,52.182811],[7.0266,52.238623],[7.121509,52.26265],[7.300568,52.271797],[7.416478,52.313965],[7.51363,52.370034],[7.561585,52.371842],[7.6021,52.415406],[7.581894,52.436386],[7.594038,52.468322],[7.609076,52.475557],[7.685402,52.459796],[7.705608,52.40998],[7.816195,52.365124],[7.90575,52.377268],[7.970449,52.31753],[7.929677,52.303009],[7.946265,52.274277],[7.916292,52.250687],[7.925439,52.230352],[7.900634,52.204927],[7.947505,52.179813],[8.01732,52.170046],[7.99019,52.123227],[7.922183,52.111548],[7.891643,52.089767],[7.912417,52.056022],[7.97386,52.038452],[8.038249,52.070724],[8.110441,52.066538],[8.181031,52.083074],[8.266865,52.133614],[8.400759,52.112427],[8.426029,52.140978],[8.491864,52.176195],[8.497601,52.189192],[8.460962,52.214333],[8.460187,52.304198],[8.440963,52.353756],[8.33389,52.398352],[8.301437,52.451114],[8.423703,52.445998],[8.448095,52.454628],[8.463908,52.489768],[8.49667,52.506511],[8.642811,52.524055],[8.676194,52.511007],[8.703634,52.480156],[8.711076,52.398611],[8.826728,52.388792],[8.961241,52.409075],[8.99912,52.462767],[9.090949,52.497442],[9.134099,52.474885],[9.108984,52.451527],[9.128363,52.408455],[9.073896,52.348743],[9.007802,52.339235],[8.99509,52.322491],[8.986666,52.26048],[9.072656,52.239189],[9.038498,52.218622],[9.045939,52.194075],[8.988062,52.188494],[9.007492,52.155938],[8.996485,52.134105],[9.142936,52.128989],[9.14092,52.107672],[9.189496,52.079018],[9.176629,52.056771],[9.198798,52.016954],[9.171048,51.985974],[9.219159,51.970316],[9.243343,51.983752],[9.286028,51.972771],[9.274711,51.937502],[9.25528,51.922361],[9.32587,51.916108],[9.338324,51.893422],[9.321995,51.856267],[9.461211,51.865362],[9.440075,51.840764],[9.462141,51.830118],[9.451909,51.797769],[9.391086,51.733845],[9.390001,51.67775],[9.372431,51.656253],[9.378787,51.640388],[9.440075,51.649044],[9.417751,51.627133],[9.333053,51.606669],[9.355068,51.592639],[9.335999,51.553959],[9.29626,51.517579],[9.224275,51.487038],[9.212441,51.456963],[9.153788,51.438282],[9.108674,51.442907],[9.084903,51.457066],[9.078547,51.488485],[9.015398,51.509156],[8.900883,51.476212],[8.917006,51.421461],[8.949614,51.412366],[8.935145,51.391282],[8.855718,51.374849],[8.727716,51.373092],[8.653973,51.34405],[8.575632,51.270204],[8.617231,51.240232],[8.722755,51.268706],[8.75221,51.177936],[8.695728,51.130497],[8.70627,51.106338],[8.660846,51.088174],[8.524731,51.093316],[8.544884,51.020659],[8.490624,50.972961],[8.466233,50.916712],[8.427114,50.908728],[8.36412,50.861599],[8.320195,50.861805],[8.303297,50.879634],[8.283453,50.879427],[8.197154,50.827053],[8.133385,50.780002],[8.17514,50.742071],[8.166923,50.707861],[8.13447,50.684038],[8.095506,50.697138],[8.056284,50.690911],[7.981146,50.773542],[7.970294,50.837026],[7.942544,50.83204],[7.846167,50.878859],[7.859655,50.922473],[7.7886,50.930277],[7.754132,50.900046],[7.767671,50.836484],[7.738164,50.8416],[7.675635,50.809974],[7.698735,50.791913],[7.694084,50.775712],[7.677496,50.779175],[7.599464,50.733441],[7.386867,50.70365],[7.37307,50.644454],[7.340462,50.6289],[7.226257,50.621407],[7.199075,50.63753],[7.154582,50.601124],[7.118098,50.60394],[7.093604,50.586163],[7.061616,50.592933],[6.939349,50.55477],[6.913253,50.529423],[6.885192,50.521774],[6.887828,50.476661],[6.873565,50.462191],[6.840182,50.465499],[6.820649,50.486014],[6.760136,50.470666],[6.752539,50.436818],[6.777654,50.423951],[6.797653,50.356694],[6.718226,50.341579],[6.6712,50.362353],[6.625105,50.350312],[6.622625,50.366151],[6.585573,50.37739],[6.458138,50.34101],[6.397625,50.38323],[6.391734,50.372223],[6.426512,50.333724],[6.3734,50.32308],[6.337732,50.368089],[6.351167,50.433564],[6.323262,50.466016],[6.336905,50.481003],[6.255566,50.494593],[6.207197,50.486325],[6.182599,50.506582],[6.190557,50.515212],[6.170817,50.517951],[6.177328,50.530198],[6.160688,50.543583],[6.232932,50.587146],[6.249055,50.614431],[6.159448,50.622389],[6.147769,50.636755],[6.161102,50.642181],[6.081003,50.713495],[6.01155,50.708534],[6.010826,50.737059],[5.99274,50.744449],[5.997081,50.762949],[5.968762,50.794627],[5.998321,50.800725],[6.009276,50.840464],[6.056715,50.852659],[6.063743,50.90754],[5.999871,50.929399],[6.003695,50.973737],[5.927731,50.977665],[5.874607,50.965366],[5.858174,51.019342],[5.85249,51.042751],[5.880498,51.052053],[5.937963,51.030943],[5.982921,51.074687],[6.147252,51.152254],[6.126272,51.164578],[6.157071,51.179254],[6.134126,51.184215],[6.08431,51.162692],[6.060849,51.170909],[6.056612,51.211707],[6.147769,51.318161],[6.193554,51.344516],[6.207817,51.387666],[6.192727,51.398957],[6.205337,51.458436],[6.193348,51.509338],[6.086481,51.595534],[6.099193,51.644472],[6.031497,51.662998],[6.008553,51.681188],[6.021989,51.709506],[6.012067,51.715863],[5.939306,51.731882],[5.962354,51.756351],[5.964111,51.776556],[5.928041,51.806736],[5.948091,51.822962],[6.084,51.853658],[6.156141,51.842056],[6.092992,51.88531],[6.126995,51.89673],[6.22518,51.862546],[6.264661,51.866189],[6.287399,51.846165],[6.341969,51.836682],[6.344966,51.821102],[6.382483,51.827587],[6.378453,51.860117],[6.462892,51.848361],[6.528624,51.876421],[6.743753,51.908331],[6.810726,51.960576],[6.809176,51.979542],[6.77817,52.001271],[6.675024,52.034809],[6.672957,52.050054],[6.749851,52.102867],[6.830673,52.112893]]]}},{"type":"Feature","properties":{"NAMEUNIT":"Güeldres","COUNTRY":"Netherlands","boundary_level":"admin1"},"geometry":{"type":"Polygon","coordinates":[[[6.765871,52.108397],[6.672957,52.050054],[6.675024,52.034809],[6.77817,52.001271],[6.809176,51.979542],[6.810726,51.960576],[6.743753,51.908331],[6.528624,51.876421],[6.462892,51.848361],[6.378453,51.860117],[6.382483,51.827587],[6.344966,51.821102],[6.341969,51.836682],[6.287399,51.846165],[6.264661,51.866189],[6.22518,51.862546],[6.126995,51.89673],[6.092992,51.88531],[6.156141,51.842056],[6.084,51.853658],[5.931451,51.81565],[5.928041,51.806736],[5.964111,51.776556],[5.962354,51.756351],[5.941426,51.745317],[5.889904,51.777305],[5.863239,51.772809],[5.862774,51.759373],[5.759938,51.762577],[5.661288,51.800198],[5.643201,51.823814],[5.534577,51.823917],[5.500833,51.835028],[5.381098,51.811618],[5.367507,51.775393],[5.31795,51.747436],[5.134912,51.734827],[5.126023,51.736739],[5.137341,51.769243],[5.027786,51.800818],[5.012077,51.811463],[5.00448,51.850944],[5.120546,51.876214],[5.11791,51.89151],[5.182557,51.966854],[5.239453,51.977086],[5.310508,51.959723],[5.461972,51.987628],[5.615709,51.948251],[5.616484,51.97781],[5.572249,52.019047],[5.553336,52.10483],[5.509256,52.071809],[5.468638,52.082299],[5.508481,52.11346],[5.512821,52.136249],[5.424093,52.17542],[5.438666,52.195936],[5.396911,52.219862],[5.408922,52.267722],[5.532749,52.276866],[5.579114,52.344795],[5.600679,52.357734],[5.771043,52.413804],[5.815251,52.44076],[5.855147,52.480655],[5.866948,52.521791],[5.891455,52.52036],[5.93941,52.479329],[6.030671,52.511007],[6.09537,52.467909],[6.134799,52.40445],[6.12002,52.380369],[6.081572,52.370602],[6.087308,52.35944],[6.068033,52.321768],[6.106532,52.299702],[6.12405,52.256242],[6.144101,52.248801],[6.154333,52.225598],[6.179602,52.23769],[6.32254,52.229474],[6.411423,52.244563],[6.495242,52.177177],[6.653527,52.168496],[6.671045,52.157592],[6.661899,52.127309],[6.765871,52.108397]]]}},{"type":"Feature","properties":{"NAMEUNIT":"Limburgo","COUNTRY":"Netherlands","boundary_level":"admin1"},"geometry":{"type":"Polygon","coordinates":[[[5.940133,51.742631],[5.939306,51.731882],[5.97827,51.729789],[6.021989,51.709506],[6.008553,51.681188],[6.031497,51.662998],[6.099193,51.644472],[6.086481,51.595534],[6.193348,51.509338],[6.205337,51.458436],[6.192727,51.398957],[6.207817,51.387666],[6.193554,51.344516],[6.147769,51.318161],[6.056612,51.211707],[6.060849,51.170909],[6.08431,51.162692],[6.134126,51.184215],[6.157071,51.179254],[6.126272,51.164578],[6.147252,51.152254],[5.982921,51.074687],[5.937963,51.030943],[5.880498,51.052053],[5.85249,51.042751],[5.874607,50.965366],[5.927731,50.977665],[6.003695,50.973737],[5.999871,50.929399],[6.063743,50.90754],[6.056715,50.852659],[6.009276,50.840464],[5.998321,50.800725],[5.968762,50.794627],[5.997081,50.762949],[5.99491,50.749927],[5.793165,50.752149],[5.752444,50.773439],[5.727846,50.754164],[5.706556,50.754216],[5.688366,50.76083],[5.700458,50.795557],[5.64072,50.815039],[5.622323,50.852659],[5.722369,50.911674],[5.76402,50.959423],[5.722369,50.959423],[5.777559,51.023553],[5.76402,51.035181],[5.771461,51.058125],[5.79885,51.061484],[5.811769,51.082309],[5.804948,51.096624],[5.845979,51.103393],[5.823241,51.118741],[5.840501,51.138921],[5.829132,51.156465],[5.781383,51.152409],[5.730844,51.18375],[5.659013,51.179074],[5.551407,51.216767],[5.615399,51.231964],[5.630024,51.272685],[5.675757,51.316351],[5.875022,51.354075],[5.934449,51.384874],[5.875952,51.446834],[5.837763,51.567034],[5.923597,51.556647],[5.999613,51.569979],[6.033772,51.557887],[6.049481,51.574527],[6.02602,51.620674],[5.98225,51.655865],[5.988916,51.665529],[5.959978,51.712399],[5.888199,51.728988],[5.863239,51.772809],[5.889904,51.777305],[5.940133,51.742631]]]}},{"type":"Feature","properties":{"NAMEUNIT":"Triesen","COUNTRY":"Liechtenstein","boundary_level":"admin1"},"geometry":{"type":"Polygon","coordinates":[[[9.581203,47.05687],[9.533134,47.05553],[9.522153,47.086801],[9.502861,47.094698],[9.511853,47.129372],[9.533275,47.125172],[9.560524,47.075679],[9.570534,47.075679],[9.567753,47.088469],[9.582768,47.086801],[9.581203,47.05687]]]}},{"type":"Feature","properties":{"NAMEUNIT":"Schaan","COUNTRY":"Liechtenstein","boundary_level":"admin1"},"geometry":{"type":"MultiPolygon","coordinates":[[[[9.588253,47.062977],[9.582768,47.086801],[9.597783,47.090694],[9.605131,47.077594],[9.588253,47.062977]]],[[[9.61416,47.110699],[9.576095,47.108489],[9.563304,47.147972],[9.61416,47.110699]]],[[[9.54829,47.160762],[9.50547,47.169104],[9.508251,47.152977],[9.495534,47.155951],[9.486434,47.196918],[9.531051,47.194684],[9.551954,47.175571],[9.54829,47.160762]]]]}},{"type":"Feature","properties":{"NAMEUNIT":"Triesenberg","COUNTRY":"Liechtenstein","boundary_level":"admin1"},"geometry":{"type":"MultiPolygon","coordinates":[[[[9.608798,47.080771],[9.600563,47.082352],[9.591665,47.111269],[9.61416,47.110699],[9.608798,47.080771]]],[[[9.547734,47.097367],[9.527158,47.130733],[9.54829,47.160762],[9.576095,47.108489],[9.567753,47.088469],[9.547734,47.097367]]]]}},{"type":"Feature","properties":{"NAMEUNIT":"Balzers","COUNTRY":"Liechtenstein","boundary_level":"admin1"},"geometry":{"type":"MultiPolygon","coordinates":[[[[9.477023,47.063898],[9.502861,47.094698],[9.522153,47.086801],[9.533134,47.05553],[9.477023,47.063898]]],[[[9.570534,47.075679],[9.560524,47.075679],[9.554407,47.082908],[9.567753,47.088469],[9.570534,47.075679]]],[[[9.609508,47.12241],[9.563304,47.147972],[9.567114,47.160825],[9.581823,47.154901],[9.609508,47.12241]]]]}},{"type":"Feature","properties":{"NAMEUNIT":"Planken","COUNTRY":"Liechtenstein","boundary_level":"admin1"},"geometry":{"type":"MultiPolygon","coordinates":[[[[9.563304,47.147972],[9.54829,47.160762],[9.552057,47.16689],[9.567114,47.160825],[9.563304,47.147972]]],[[[9.551954,47.175571],[9.531051,47.194684],[9.561876,47.190609],[9.551954,47.175571]]]]}},{"type":"Feature","properties":{"NAMEUNIT":"Eschen","COUNTRY":"Liechtenstein","boundary_level":"admin1"},"geometry":{"type":"Polygon","coordinates":[[[9.562909,47.19774],[9.531051,47.194684],[9.508251,47.214704],[9.519929,47.22527],[9.562909,47.19774]]]}},{"type":"Feature","properties":{"NAMEUNIT":"Mauren","COUNTRY":"Liechtenstein","boundary_level":"admin1"},"geometry":{"type":"Polygon","coordinates":[[[9.519929,47.22527],[9.544823,47.220323],[9.554331,47.211615],[9.519929,47.22527]]]}},{"type":"Feature","properties":{"NAMEUNIT":"Schellenberg","COUNTRY":"Liechtenstein","boundary_level":"admin1"},"geometry":{"type":"Polygon","coordinates":[[[9.534182,47.251176],[9.543132,47.234817],[9.519929,47.22527],[9.534182,47.251176]]]}},{"type":"Feature","properties":{"NAMEUNIT":"Ruggell","COUNTRY":"Liechtenstein","boundary_level":"admin1"},"geometry":{"type":"Polygon","coordinates":[[[9.53025,47.253654],[9.519929,47.22527],[9.497044,47.228934],[9.521155,47.262801],[9.53025,47.253654]]]}},{"type":"Feature","properties":{"NAMEUNIT":"Liguria","COUNTRY":"Italy","boundary_level":"admin1"},"geometry":{"type":"Polygon","coordinates":[[[7.477869,43.865515],[7.630934,43.993543],[7.653362,44.03969],[7.689949,44.067337],[7.687932,44.090799],[7.738008,44.099379],[7.729636,44.118341],[7.749631,44.140567],[7.987551,44.112914],[8.003218,44.121648],[7.981772,44.141852],[7.995769,44.160353],[8.057534,44.163715],[8.081243,44.195652],[8.07008,44.219547],[8.078144,44.287531],[8.069158,44.30779],[8.138965,44.353163],[8.164123,44.399405],[8.205827,44.422432],[8.211013,44.445712],[8.19561,44.474551],[8.236128,44.532317],[8.359614,44.480956],[8.408811,44.515937],[8.564158,44.516244],[8.599358,44.542556],[8.609487,44.585337],[8.632119,44.588699],[8.724624,44.578625],[8.773337,44.501259],[8.814426,44.534438],[8.825742,44.558827],[8.903987,44.565188],[8.906623,44.611847],[8.875862,44.637281],[8.917478,44.681094],[8.944658,44.684763],[9.040986,44.632161],[9.099477,44.614616],[9.108838,44.594225],[9.134568,44.58348],[9.17926,44.586919],[9.203144,44.613759],[9.231094,44.619966],[9.360491,44.581931],[9.407974,44.596192],[9.480286,44.562969],[9.490657,44.554905],[9.493623,44.511652],[9.452688,44.471958],[9.440383,44.411555],[9.512432,44.428991],[9.590918,44.428343],[9.651431,44.406183],[9.716294,44.329883],[9.852085,44.252594],[9.861709,44.185929],[9.884802,44.204386],[9.902226,44.199882],[9.898645,44.166395],[9.968166,44.159968],[9.989853,44.117616],[10.026811,44.114254],[10.056892,44.094446],[10.028458,44.049255],[9.988536,44.05976],[9.962738,44.044664],[9.88795,44.093004],[9.826427,44.107245],[9.824474,44.084906],[9.847504,44.072496],[9.833263,44.052069],[9.846365,44.046291],[9.832286,44.042304],[9.819835,44.063381],[9.771821,44.079413],[9.682628,44.136542],[9.621104,44.148261],[9.573009,44.191596],[9.499034,44.221829],[9.484386,44.243842],[9.436778,44.239488],[9.422374,44.256781],[9.374522,44.271796],[9.367686,44.29442],[9.230642,44.353705],[9.210704,44.305325],[9.146658,44.328559],[9.130056,44.363349],[9.102061,44.373969],[8.76238,44.432115],[8.564789,44.357164],[8.466075,44.304267],[8.444509,44.283881],[8.449718,44.26435],[8.435395,44.240424],[8.411876,44.227037],[8.408214,44.193508],[8.256521,44.128363],[8.233165,44.103583],[8.216319,44.045233],[8.15268,43.983222],[8.167979,43.956488],[8.089203,43.919867],[8.067719,43.896674],[7.959727,43.852851],[7.785818,43.821967],[7.736583,43.798245],[7.544119,43.784491],[7.502289,43.792222],[7.477869,43.865515]]]}},{"type":"Feature","properties":{"NAMEUNIT":"Provence-Alpes-Côte-d'Azur","COUNTRY":"France","boundary_level":"admin1"},"geometry":{"type":"MultiPolygon","coordinates":[[[[6.252209,43.002632],[6.202485,42.987128],[6.164724,43.005072],[6.241885,43.02565],[6.252209,43.002632]]],[[[6.894028,43.427628],[6.871072,43.426093],[6.862957,43.439362],[6.860136,43.415868],[6.846672,43.412577],[6.746501,43.417906],[6.731146,43.407847],[6.717838,43.350604],[6.674571,43.346381],[6.661306,43.322333],[6.597243,43.284007],[6.590892,43.268898],[6.611672,43.264288],[6.693374,43.272973],[6.685395,43.248037],[6.668356,43.239536],[6.665403,43.22129],[6.679801,43.201553],[6.6604,43.190412],[6.609874,43.173407],[6.593272,43.18773],[6.539912,43.182204],[6.505683,43.150971],[6.401679,43.146938],[6.36608,43.118635],[6.375371,43.090841],[6.342258,43.090763],[6.280374,43.118666],[6.219702,43.116548],[6.162934,43.092597],[6.152768,43.048107],[6.18542,43.045444],[6.180072,43.035922],[6.097694,43.031261],[6.088517,43.034849],[6.132066,43.052638],[6.129088,43.071362],[6.109662,43.084316],[6.027008,43.078195],[6.01652,43.098936],[5.934093,43.113593],[5.940929,43.134019],[5.879405,43.120429],[5.91061,43.093204],[5.951379,43.079978],[5.875336,43.068793],[5.856605,43.044829],[5.781873,43.079118],[5.818085,43.09909],[5.811465,43.106725],[5.783407,43.114598],[5.776127,43.130811],[5.696299,43.146875],[5.673919,43.179889],[5.634213,43.187229],[5.61242,43.160429],[5.572706,43.169148],[5.524952,43.212629],[5.34698,43.215899],[5.369151,43.270413],[5.338883,43.334289],[5.294173,43.355472],[5.238279,43.328041],[5.034022,43.335476],[5.005572,43.381628],[5.026134,43.409329],[5.05714,43.422065],[5.173839,43.42829],[5.226329,43.480292],[5.22283,43.503974],[5.165538,43.482489],[5.139985,43.485785],[5.105724,43.533026],[5.053722,43.538153],[5.029145,43.55858],[5.009288,43.517646],[5.062266,43.451646],[5.051117,43.429267],[4.998466,43.414699],[4.928477,43.440131],[4.868175,43.421454],[4.850271,43.401435],[4.867532,43.365112],[4.901005,43.366965],[4.855778,43.341779],[4.833263,43.381985],[4.757823,43.422349],[4.742442,43.448717],[4.742442,43.524482],[4.725841,43.556789],[4.694591,43.579088],[4.72877,43.527899],[4.72877,43.456204],[4.742524,43.422553],[4.823019,43.367169],[4.820279,43.346356],[4.592336,43.359889],[4.566289,43.371094],[4.565544,43.387949],[4.585704,43.404242],[4.579594,43.430066],[4.513031,43.455797],[4.409419,43.447741],[4.205903,43.459906],[4.231281,43.47151],[4.247585,43.500965],[4.453051,43.590987],[4.462961,43.615113],[4.429431,43.627879],[4.477068,43.693072],[4.530923,43.713616],[4.608794,43.698729],[4.64885,43.805857],[4.64094,43.8706],[4.800307,43.948844],[4.819995,43.96807],[4.820918,44.000392],[4.847483,44.002249],[4.844384,44.022068],[4.777939,44.084339],[4.725952,44.088832],[4.721294,44.190247],[4.689983,44.214922],[4.688423,44.23606],[4.667285,44.257967],[4.657529,44.326752],[4.759175,44.320083],[4.78708,44.295902],[4.814414,44.243036],[4.831772,44.236675],[4.984482,44.282027],[5.05229,44.29621],[5.12726,44.289344],[5.167097,44.308174],[5.174546,44.297089],[5.162307,44.25433],[5.17749,44.233885],[5.371179,44.206089],[5.398777,44.163166],[5.471264,44.124856],[5.506157,44.12178],[5.603781,44.181029],[5.670952,44.151103],[5.683982,44.259417],[5.623161,44.30334],[5.627029,44.329674],[5.564341,44.330004],[5.496709,44.348197],[5.459289,44.370269],[5.430132,44.413258],[5.439294,44.428815],[5.500422,44.430979],[5.471902,44.458423],[5.467397,44.484933],[5.525273,44.487625],[5.595564,44.47064],[5.651264,44.495941],[5.65823,44.513717],[5.60811,44.555839],[5.657922,44.641411],[5.800547,44.658561],[5.829551,44.683423],[5.812038,44.712053],[5.845041,44.749671],[5.957849,44.765172],[5.972483,44.776807],[5.973098,44.808063],[6.012956,44.829618],[6.077336,44.829871],[6.13853,44.8576],[6.233913,44.854964],[6.29614,44.868015],[6.356806,44.857886],[6.369726,44.911939],[6.335405,44.953588],[6.32532,44.999478],[6.246218,45.001488],[6.22229,45.017254],[6.239494,45.099673],[6.266367,45.124788],[6.357114,45.107836],[6.393742,45.070428],[6.459375,45.053585],[6.495542,45.070845],[6.510901,45.100684],[6.629385,45.123545],[6.602728,45.10345],[6.636576,45.074459],[6.651666,45.03565],[6.723496,45.013378],[6.72794,44.928732],[6.745407,44.907803],[6.847106,44.859072],[6.932682,44.861656],[7.004926,44.827963],[6.998415,44.793753],[7.055155,44.684871],[6.982808,44.692157],[6.959864,44.683165],[6.934336,44.646682],[6.945601,44.625443],[6.835737,44.534027],[6.838838,44.502918],[6.861266,44.474909],[6.9178,44.436307],[6.877182,44.414396],[6.869844,44.362926],[6.92121,44.302155],[6.959244,44.27735],[6.973403,44.249445],[6.996141,44.237818],[7.04606,44.240298],[7.144969,44.207225],[7.251319,44.160045],[7.3093,44.147487],[7.340616,44.123664],[7.583599,44.160716],[7.624733,44.180095],[7.655636,44.176064],[7.64189,44.14356],[7.691912,44.084649],[7.630934,43.993543],[7.556934,43.944089],[7.477869,43.865515],[7.502289,43.792222],[7.47641,43.784491],[7.47641,43.764635],[7.437454,43.743361],[7.406969,43.763506],[7.387538,43.757899],[7.330533,43.686424],[7.257273,43.691648],[7.203791,43.64436],[7.196677,43.656917],[7.151622,43.654771],[7.126154,43.605833],[7.138916,43.55402],[7.125511,43.547768],[7.112941,43.564544],[7.088427,43.568674],[7.037202,43.536264],[7.030634,43.547889],[6.962087,43.540107],[6.940888,43.51246],[6.954299,43.500106],[6.894028,43.427628]]],[[[5.039062,44.386199],[5.043391,44.367863],[4.991799,44.315601],[4.897009,44.312382],[4.882639,44.323203],[4.888659,44.355965],[4.949897,44.424475],[4.99237,44.42308],[5.039062,44.386199]]]]}},{"type":"Feature","properties":{"NAMEUNIT":"Auvergne-Rhône-Alpes","COUNTRY":"France","boundary_level":"admin1"},"geometry":{"type":"Polygon","coordinates":[[[4.612353,44.290574],[4.520837,44.336826],[4.455666,44.331817],[4.445075,44.301121],[4.418115,44.290475],[4.395637,44.301121],[4.38643,44.338892],[4.342243,44.333673],[4.251145,44.281796],[4.130581,44.331685],[4.049875,44.325203],[4.036076,44.375564],[4.049699,44.403546],[3.993999,44.457852],[3.957414,44.550873],[3.911777,44.59495],[3.871106,44.709878],[3.872204,44.750912],[3.795102,44.776181],[3.728679,44.820939],[3.655114,44.833518],[3.661157,44.862687],[3.643469,44.874311],[3.594602,44.870982],[3.569465,44.829146],[3.478674,44.821653],[3.379204,44.956796],[3.244226,44.922068],[3.1682,44.871762],[3.154204,44.86974],[3.124299,44.895657],[3.107072,44.888527],[3.089494,44.837001],[3.053547,44.811271],[3.024961,44.715053],[2.980114,44.644279],[2.925798,44.690817],[2.90688,44.756779],[2.926567,44.778092],[2.878601,44.797165],[2.830085,44.864599],[2.775769,44.863105],[2.770056,44.899997],[2.726726,44.935351],[2.594033,44.83499],[2.533982,44.723161],[2.471623,44.668229],[2.340051,44.651903],[2.300456,44.668723],[2.214213,44.647201],[2.205315,44.622339],[2.181606,44.631227],[2.161281,44.684555],[2.132255,44.698672],[2.156799,44.783827],[2.085388,44.879793],[2.058713,44.97511],[2.131618,44.992655],[2.107448,45.050949],[2.160666,45.086237],[2.206875,45.159494],[2.194636,45.223698],[2.237614,45.249878],[2.246008,45.274784],[2.297666,45.293098],[2.347785,45.339713],[2.369033,45.376606],[2.351828,45.406631],[2.38382,45.414025],[2.441389,45.392272],[2.488674,45.396974],[2.518645,45.47924],[2.499419,45.491017],[2.495398,45.54518],[2.465097,45.584555],[2.481379,45.623732],[2.52049,45.644375],[2.524687,45.697725],[2.48417,45.741187],[2.438576,45.761544],[2.398234,45.821804],[2.464021,45.868672],[2.501594,45.869859],[2.541892,45.903455],[2.595285,45.971197],[2.597746,46.009857],[2.563798,46.070161],[2.566743,46.135948],[2.514602,46.225805],[2.463405,46.279857],[2.424602,46.275111],[2.396828,46.310147],[2.339743,46.322649],[2.315969,46.366682],[2.253896,46.419801],[2.291623,46.468383],[2.399641,46.521765],[2.613479,46.549462],[2.615786,46.569897],[2.583332,46.60814],[2.593418,46.628728],[2.580871,46.659655],[2.619675,46.661369],[2.622004,46.686121],[2.653293,46.69012],[2.722243,46.734307],[2.772693,46.713345],[2.805542,46.730736],[2.838149,46.725935],[2.867614,46.754412],[2.975764,46.793216],[3.029773,46.790941],[3.051526,46.750325],[3.102524,46.727177],[3.14737,46.724639],[3.204192,46.687275],[3.285512,46.702425],[3.35844,46.684649],[3.397243,46.709632],[3.43352,46.705775],[3.470456,46.649965],[3.559863,46.681386],[3.596755,46.742887],[3.62488,46.739262],[3.657883,46.685934],[3.740017,46.615446],[3.74094,46.54933],[3.976794,46.466856],[3.989494,46.427239],[3.978947,46.388172],[3.999734,46.326341],[3.886465,46.276199],[3.897671,46.213203],[3.99167,46.176355],[4.075341,46.19356],[4.300012,46.173982],[4.354328,46.196867],[4.383947,46.224772],[4.414226,46.293459],[4.49893,46.275034],[4.554323,46.288669],[4.591589,46.262444],[4.614221,46.267256],[4.622944,46.292602],[4.638149,46.299193],[4.67302,46.288185],[4.677414,46.261313],[4.704089,46.247459],[4.720217,46.188649],[4.797824,46.171752],[4.815183,46.250557],[4.872751,46.337591],[4.937614,46.501606],[4.959983,46.509516],[5.041435,46.490905],[5.15532,46.511219],[5.240376,46.468712],[5.310974,46.455353],[5.320268,46.408387],[5.363884,46.391402],[5.391789,46.346918],[5.469111,46.320298],[5.46988,46.276869],[5.50987,46.260686],[5.59541,46.300017],[5.647859,46.34404],[5.697824,46.312113],[5.721687,46.273606],[5.871914,46.271903],[5.952114,46.323275],[6.059013,46.417386],[6.108185,46.396497],[6.1364,46.359342],[6.100743,46.301413],[6.094026,46.253044],[5.95853,46.211961],[5.954809,46.19992],[5.982921,46.170826],[5.95884,46.130467],[6.028293,46.147934],[6.107875,46.138632],[6.281198,46.240073],[6.27603,46.26312],[6.237583,46.267926],[6.214122,46.315469],[6.301558,46.394482],[6.397676,46.408176],[6.482942,46.448587],[6.547021,46.457372],[6.613684,46.455899],[6.777716,46.424106],[6.789229,46.395205],[6.750368,46.345518],[6.827676,46.269477],[6.792226,46.221676],[6.765664,46.151603],[6.774346,46.134808],[6.869224,46.112329],[6.848553,46.085043],[6.85093,46.049645],[6.915112,46.048612],[6.987666,45.993111],[7.022083,45.92526],[6.949012,45.857822],[6.873461,45.8448],[6.864441,45.826891],[6.843356,45.838643],[6.800804,45.826455],[6.782717,45.795294],[6.795946,45.718141],[6.843075,45.682742],[6.963378,45.640729],[6.969476,45.625847],[6.952939,45.594272],[6.982808,45.511125],[7.072002,45.470042],[7.096807,45.435419],[7.160679,45.410924],[7.150757,45.383226],[7.092569,45.323953],[7.108382,45.259202],[7.055466,45.213675],[7.029731,45.228197],[6.958727,45.2098],[6.913769,45.170164],[6.873461,45.165926],[6.876665,45.141225],[6.844109,45.130115],[6.736415,45.157348],[6.560866,45.104848],[6.510901,45.100684],[6.495542,45.070845],[6.469614,45.053992],[6.393742,45.070428],[6.357114,45.107836],[6.266367,45.124788],[6.239494,45.099673],[6.22229,45.017254],[6.246218,45.001488],[6.32532,44.999478],[6.335405,44.953588],[6.369726,44.911939],[6.356806,44.857886],[6.29614,44.868015],[6.233913,44.854964],[6.13853,44.8576],[6.077336,44.829871],[6.031611,44.833672],[5.996367,44.821972],[5.968462,44.80124],[5.972483,44.776807],[5.957849,44.765172],[5.845041,44.749671],[5.812038,44.712053],[5.829551,44.683423],[5.800547,44.658561],[5.657922,44.641411],[5.60811,44.555839],[5.65823,44.513717],[5.651264,44.495941],[5.595564,44.47064],[5.472363,44.489328],[5.468628,44.464883],[5.497785,44.441779],[5.497939,44.427266],[5.428132,44.424783],[5.459289,44.370269],[5.496709,44.348197],[5.564341,44.330004],[5.627029,44.329674],[5.623161,44.30334],[5.683982,44.259417],[5.670952,44.151103],[5.603781,44.181029],[5.506157,44.12178],[5.471264,44.124856],[5.398777,44.163166],[5.371179,44.206089],[5.17749,44.233885],[5.162307,44.25433],[5.174546,44.297089],[5.167097,44.308174],[5.12726,44.289344],[5.05229,44.29621],[4.984482,44.282027],[4.831772,44.236675],[4.809602,44.249079],[4.781499,44.303373],[4.743816,44.326258],[4.657529,44.326752],[4.657837,44.281719],[4.612353,44.290574]],[[4.980593,44.312525],[5.043391,44.367863],[5.039062,44.386199],[4.99237,44.42308],[4.963718,44.42887],[4.938449,44.416389],[4.880683,44.332014],[4.897009,44.312382],[4.980593,44.312525]]]}},{"type":"Feature","properties":{"NAMEUNIT":"Obalno-kraška","COUNTRY":"Slovenia","boundary_level":"admin1"},"geometry":{"type":"Polygon","coordinates":[[[13.589529,45.488837],[13.595958,45.518134],[13.568614,45.539252],[13.75294,45.552883],[13.711762,45.593207],[13.847764,45.584661],[13.894686,45.631841],[13.858409,45.649359],[13.778724,45.743411],[13.574172,45.819028],[13.670101,45.822604],[13.706378,45.846427],[13.709169,45.865004],[13.762395,45.844489],[13.885902,45.82865],[13.989875,45.76501],[14.015817,45.77054],[14.072144,45.743358],[14.093383,45.71429],[14.062532,45.686462],[14.079895,45.627913],[14.104545,45.60471],[14.089507,45.574686],[14.104855,45.56032],[14.087182,45.517997],[14.112142,45.501357],[14.116747,45.472998],[13.971891,45.514226],[13.961452,45.493142],[13.98264,45.475313],[13.889002,45.423637],[13.819859,45.432628],[13.759294,45.463169],[13.624107,45.462745],[13.589529,45.488837]]]}},{"type":"Feature","properties":{"NAMEUNIT":"Istria","COUNTRY":"Croatia","boundary_level":"admin1"},"geometry":{"type":"Polygon","coordinates":[[[13.64292,45.45943],[13.759294,45.463169],[13.819859,45.432628],[13.889002,45.423637],[13.98264,45.475313],[13.961452,45.493142],[13.971891,45.514226],[14.117321,45.472976],[14.129867,45.440948],[14.203557,45.403947],[14.210533,45.327776],[14.1941,45.292068],[14.201542,45.177966],[14.234682,45.154574],[14.209239,45.12637],[14.179373,45.134508],[14.195323,45.120592],[14.193126,45.105618],[14.164399,45.079901],[14.158214,45.087348],[14.158214,45.053209],[14.143891,45.059394],[14.166189,45.018948],[14.151378,44.977484],[14.101329,44.97427],[14.068858,44.94953],[14.083832,44.986396],[14.054535,45.018459],[14.051931,45.038031],[14.040294,45.038967],[14.044281,45.00141],[14.075694,44.98371],[14.044444,44.951402],[14.034679,44.956366],[14.039073,44.93183],[14.022472,44.923489],[14.020518,44.901109],[13.972667,44.901109],[13.993012,44.881293],[13.972667,44.826646],[14.000011,44.813056],[13.924815,44.813056],[13.918712,44.829047],[13.890147,44.833482],[13.883149,44.826646],[13.904307,44.817288],[13.917979,44.778266],[13.903168,44.772406],[13.896983,44.813056],[13.849132,44.826646],[13.855968,44.840277],[13.842296,44.840277],[13.842296,44.854641],[13.78712,44.875067],[13.819591,44.867662],[13.842296,44.888129],[13.815278,44.883531],[13.794607,44.894965],[13.808116,44.915432],[13.774099,44.963813],[13.660818,45.061225],[13.62322,45.073065],[13.636892,45.093573],[13.612559,45.117865],[13.63852,45.130032],[13.726248,45.134508],[13.600597,45.137274],[13.599376,45.171291],[13.582286,45.196601],[13.594493,45.212633],[13.595225,45.2508],[13.57545,45.264879],[13.602712,45.285346],[13.57545,45.306464],[13.609548,45.320136],[13.561778,45.326361],[13.54127,45.346137],[13.554942,45.367336],[13.513357,45.436225],[13.520763,45.457261],[13.501475,45.498603],[13.513357,45.511908],[13.64292,45.45943]]]}},{"type":"Feature","properties":{"NAMEUNIT":"Serravalle","COUNTRY":"San Marino","boundary_level":"admin1"},"geometry":{"type":"Polygon","coordinates":[[[12.489188,43.97311],[12.464525,43.951974],[12.427247,43.96939],[12.48216,43.982567],[12.489188,43.97311]]]}},{"type":"Feature","properties":{"NAMEUNIT":"Emilia-Romagna","COUNTRY":"Italy","boundary_level":"admin1"},"geometry":{"type":"Polygon","coordinates":[[[12.48216,43.982567],[12.395654,43.948409],[12.385629,43.924534],[12.421107,43.895174],[12.420249,43.878158],[12.387686,43.883794],[12.351453,43.869951],[12.335017,43.82794],[12.284985,43.794695],[12.285842,43.768866],[12.213816,43.762967],[12.185229,43.742862],[12.131067,43.764043],[12.067764,43.754331],[11.968601,43.77314],[11.884995,43.815415],[11.813013,43.824402],[11.708884,43.884838],[11.708577,43.919599],[11.685417,43.938528],[11.683132,43.965587],[11.653315,43.986406],[11.651162,44.012719],[11.684802,44.026715],[11.7202,44.070232],[11.747227,44.121648],[11.741426,44.131723],[11.644482,44.117462],[11.593748,44.125889],[11.590166,44.13537],[11.610798,44.152289],[11.604119,44.162528],[11.571841,44.17369],[11.551055,44.162682],[11.495969,44.166472],[11.431897,44.227117],[11.402541,44.234928],[11.375713,44.211725],[11.334272,44.206605],[11.291118,44.17079],[11.200217,44.156629],[11.203008,44.138292],[11.255149,44.119033],[11.229375,44.102708],[11.041487,44.091809],[11.001277,44.112661],[11.015076,44.136996],[10.99073,44.139995],[10.919209,44.067804],[10.707393,44.162012],[10.645474,44.156892],[10.610537,44.125702],[10.570393,44.125625],[10.483931,44.186808],[10.47123,44.22459],[10.400171,44.235884],[10.350974,44.274918],[10.287825,44.282389],[10.249021,44.269854],[10.199363,44.318281],[10.121799,44.348197],[10.072602,44.35213],[9.98491,44.412797],[10.001653,44.428222],[9.994358,44.445141],[9.935559,44.470387],[9.866345,44.482967],[9.835649,44.476254],[9.751384,44.389231],[9.691487,44.372796],[9.689773,44.357656],[9.651431,44.406183],[9.59852,44.427156],[9.512432,44.428991],[9.440383,44.411555],[9.452688,44.471958],[9.493623,44.511652],[9.490657,44.554905],[9.407974,44.596192],[9.360491,44.581931],[9.290376,44.609342],[9.203144,44.613759],[9.201431,44.682127],[9.242102,44.683006],[9.251396,44.715745],[9.292529,44.693915],[9.322148,44.707714],[9.305867,44.758844],[9.355217,44.826542],[9.358315,44.856491],[9.306965,44.888944],[9.302615,44.913125],[9.425046,45.101178],[9.500632,45.10309],[9.541875,45.086039],[9.538931,45.124173],[9.552729,45.134818],[9.590413,45.112593],[9.640422,45.126084],[9.636863,45.093938],[9.681445,45.075338],[9.752461,45.082007],[9.752153,45.108001],[9.764546,45.114812],[9.833694,45.068252],[9.830178,45.096267],[9.895854,45.091873],[9.882891,45.134148],[9.923144,45.130061],[9.916025,45.108001],[9.986601,45.128721],[10.021538,45.11011],[10.071877,45.037534],[10.183542,45.046554],[10.350359,44.98402],[10.399248,44.991315],[10.443589,44.936691],[10.52135,44.916168],[10.601243,44.922398],[10.692495,44.990381],[10.75426,44.976527],[10.764499,44.943557],[10.888931,44.913488],[10.974756,44.935867],[10.999409,44.953434],[11.090508,44.961465],[11.163435,44.931516],[11.279648,44.942678],[11.302961,44.96007],[11.421504,44.949864],[11.431897,44.937669],[11.524907,44.939976],[11.622268,44.895086],[11.735691,44.938548],[11.747534,44.956741],[11.797346,44.977648],[11.869636,44.985371],[12.087209,44.970485],[12.14803,44.933428],[12.223264,44.926122],[12.287644,44.935351],[12.293379,44.864752],[12.336533,44.848636],[12.349717,44.818039],[12.393397,44.793452],[12.375662,44.792222],[12.292328,44.843248],[12.266368,44.826646],[12.28004,44.820502],[12.246593,44.711615],[12.252696,44.668402],[12.285818,44.602688],[12.283702,44.487616],[12.350271,44.288153],[12.389985,44.222724],[12.47877,44.13935],[12.574229,44.085598],[12.660899,44.008287],[12.753835,43.972398],[12.730833,43.88197],[12.668452,43.842541],[12.621584,43.846572],[12.587791,43.895407],[12.550833,43.877938],[12.542307,43.903493],[12.483091,43.929201],[12.492392,43.956419],[12.48216,43.982567]],[[12.234382,43.79843],[12.233196,43.812625],[12.177561,43.821666],[12.170837,43.804605],[12.199336,43.780468],[12.234382,43.79843]]]}},{"type":"Feature","properties":{"NAMEUNIT":"Domagnano","COUNTRY":"San Marino","boundary_level":"admin1"},"geometry":{"type":"Polygon","coordinates":[[[12.490737,43.965044],[12.457242,43.933364],[12.444836,43.940377],[12.456703,43.960335],[12.464525,43.951974],[12.490737,43.965044]]]}},{"type":"Feature","properties":{"NAMEUNIT":"Faetano","COUNTRY":"San Marino","boundary_level":"admin1"},"geometry":{"type":"Polygon","coordinates":[[[12.491516,43.949102],[12.478026,43.923216],[12.457242,43.933364],[12.491516,43.949102]]]}},{"type":"Feature","properties":{"NAMEUNIT":"Marche","COUNTRY":"Italy","boundary_level":"admin1"},"geometry":{"type":"Polygon","coordinates":[[[13.905527,42.901561],[13.719141,42.863021],[13.691345,42.823899],[13.664978,42.811441],[13.570628,42.802146],[13.536372,42.811155],[13.49012,42.744105],[13.443713,42.728758],[13.429761,42.701731],[13.411567,42.695117],[13.337564,42.687658],[13.304187,42.72589],[13.26791,42.744622],[13.194478,42.734602],[13.203464,42.759849],[13.250332,42.770824],[13.255649,42.8062],[13.23405,42.843795],[13.150444,42.823613],[13.137217,42.849453],[13.043064,42.919348],[12.988594,42.915679],[12.990461,42.892838],[12.972114,42.888696],[12.964666,42.926808],[12.907097,42.971533],[12.892837,43.09391],[12.833884,43.142953],[12.856824,43.175582],[12.850935,43.208728],[12.795674,43.278469],[12.791191,43.319712],[12.746499,43.37883],[12.758167,43.461227],[12.712683,43.453932],[12.691084,43.4343],[12.638635,43.443605],[12.608884,43.428872],[12.48832,43.52197],[12.431675,43.538428],[12.392563,43.522355],[12.309089,43.552073],[12.309727,43.566696],[12.353123,43.573826],[12.358857,43.619408],[12.285952,43.591602],[12.20885,43.610883],[12.19582,43.653356],[12.277734,43.689688],[12.301926,43.728909],[12.315769,43.688655],[12.33405,43.689116],[12.357627,43.722603],[12.285842,43.768866],[12.284985,43.794695],[12.335017,43.82794],[12.351453,43.869951],[12.387686,43.883794],[12.417107,43.875456],[12.421107,43.895174],[12.460456,43.895259],[12.483091,43.929201],[12.542307,43.903493],[12.555029,43.875203],[12.587791,43.895407],[12.633054,43.842541],[12.679922,43.845001],[12.728196,43.879103],[12.753835,43.972398],[12.803966,43.966864],[12.928884,43.915839],[13.253266,43.703192],[13.473399,43.612006],[13.516124,43.631741],[13.578868,43.572903],[13.615571,43.560492],[13.624522,43.547187],[13.616954,43.531317],[13.834809,43.127265],[13.905527,42.901561]],[[12.445252,43.611044],[12.429819,43.63147],[12.407577,43.610136],[12.430727,43.58971],[12.445252,43.611044]]]}},{"type":"Feature","properties":{"NAMEUNIT":"Montegiardino","COUNTRY":"San Marino","boundary_level":"admin1"},"geometry":{"type":"Polygon","coordinates":[[[12.468031,43.922576],[12.478287,43.917038],[12.464397,43.900073],[12.468031,43.922576]]]}},{"type":"Feature","properties":{"NAMEUNIT":"Fiorentino","COUNTRY":"San Marino","boundary_level":"admin1"},"geometry":{"type":"Polygon","coordinates":[[[12.460456,43.895259],[12.441264,43.893276],[12.435126,43.903966],[12.464525,43.924464],[12.460456,43.895259]]]}},{"type":"Feature","properties":{"NAMEUNIT":"Chiesanuova","COUNTRY":"San Marino","boundary_level":"admin1"},"geometry":{"type":"Polygon","coordinates":[[[12.42945,43.892056],[12.399581,43.903218],[12.389964,43.917912],[12.421371,43.913136],[12.439172,43.89992],[12.42945,43.892056]]]}},{"type":"Feature","properties":{"NAMEUNIT":"San Marino","COUNTRY":"San Marino","boundary_level":"admin1"},"geometry":{"type":"Polygon","coordinates":[[[12.385629,43.924534],[12.418134,43.940646],[12.44106,43.914485],[12.426495,43.903966],[12.385629,43.924534]]]}},{"type":"Feature","properties":{"NAMEUNIT":"Acquaviva","COUNTRY":"San Marino","boundary_level":"admin1"},"geometry":{"type":"Polygon","coordinates":[[[12.385629,43.924534],[12.41657,43.963697],[12.425686,43.956829],[12.414359,43.931207],[12.385629,43.924534]]]}},{"type":"Feature","properties":{"NAMEUNIT":"Borgo Maggiore","COUNTRY":"San Marino","boundary_level":"admin1"},"geometry":{"type":"Polygon","coordinates":[[[12.421389,43.967219],[12.444296,43.967887],[12.444836,43.940377],[12.466412,43.930667],[12.457512,43.917451],[12.44106,43.914485],[12.418134,43.940646],[12.421389,43.967219]]]}},{"type":"Feature","properties":{"NAMEUNIT":"Salzburgo","COUNTRY":"Austria","boundary_level":"admin1"},"geometry":{"type":"Polygon","coordinates":[[[12.204195,47.079686],[12.133146,47.078832],[12.127818,47.13118],[12.081878,47.187301],[12.096037,47.279905],[12.315455,47.332822],[12.425474,47.323959],[12.469658,47.341736],[12.501801,47.385222],[12.598797,47.405996],[12.678844,47.498858],[12.653109,47.550173],[12.654194,47.575649],[12.589185,47.611539],[12.563375,47.641761],[12.598383,47.66288],[12.653057,47.675127],[12.761991,47.666859],[12.751655,47.649392],[12.81315,47.611824],[12.785865,47.602677],[12.773669,47.5795],[12.77894,47.554825],[12.942548,47.470489],[13.001873,47.466019],[13.037323,47.493045],[13.028124,47.541647],[13.04125,47.561904],[13.038253,47.584022],[13.072049,47.622417],[13.072049,47.659469],[13.019856,47.712929],[12.964045,47.705358],[12.892009,47.723548],[12.991227,47.847106],[12.931076,47.924879],[12.862036,47.962552],[12.848246,47.982389],[12.91485,47.996657],[12.937536,48.021307],[12.968387,48.031642],[13.035928,48.030893],[13.138919,47.987175],[13.234676,47.988854],[13.30294,48.009938],[13.360973,47.980586],[13.350896,47.965548],[13.279531,47.960742],[13.272245,47.89904],[13.287747,47.849534],[13.31679,47.82504],[13.497554,47.79791],[13.520963,47.783544],[13.444637,47.761529],[13.467581,47.743469],[13.513212,47.735407],[13.525614,47.717501],[13.489027,47.641485],[13.508561,47.61327],[13.481069,47.549294],[13.524219,47.511209],[13.581786,47.486404],[13.565198,47.445425],[13.604472,47.342537],[13.630672,47.30564],[13.679248,47.277218],[13.809886,47.296235],[13.868694,47.212777],[13.939336,47.160843],[13.879908,47.105368],[13.880218,47.072734],[13.863733,47.042323],[13.782291,46.954189],[13.667156,47.026122],[13.606178,47.044209],[13.308211,47.087204],[13.27426,47.083845],[13.173543,47.037491],[13.02952,47.03098],[12.914385,47.075964],[12.77243,47.099296],[12.674193,47.135935],[12.633834,47.112034],[12.577662,47.144229],[12.502731,47.155442],[12.396897,47.14937],[12.320571,47.104877],[12.203897,47.067012],[12.204195,47.079686]]]}},{"type":"Feature","properties":{"NAMEUNIT":"Veneto","COUNTRY":"Italy","boundary_level":"admin1"},"geometry":{"type":"MultiPolygon","coordinates":[[[[12.307302,45.107856],[12.307302,45.128363],[12.296723,45.088568],[12.306651,45.078559],[12.328461,45.079901],[12.321056,45.093573],[12.376231,45.038967],[12.355154,45.024644],[12.368826,45.010972],[12.386567,45.038764],[12.368826,45.065619],[12.413422,45.042873],[12.41033,45.032172],[12.486176,44.976508],[12.499197,44.98371],[12.486095,44.991156],[12.502615,44.991441],[12.533865,44.970038],[12.512706,44.922309],[12.499034,44.921454],[12.487315,44.86225],[12.444591,44.820502],[12.424001,44.854641],[12.438324,44.901109],[12.406912,44.891303],[12.391612,44.858832],[12.415863,44.843573],[12.396739,44.826646],[12.424001,44.820502],[12.39796,44.793769],[12.349717,44.818039],[12.336533,44.848636],[12.293379,44.864752],[12.287644,44.935351],[12.223264,44.926122],[12.14803,44.933428],[12.087209,44.970485],[11.978269,44.98558],[11.797346,44.977648],[11.747534,44.956741],[11.735691,44.938548],[11.622268,44.895086],[11.524907,44.939976],[11.431897,44.937669],[11.419021,44.96687],[11.272683,45.033788],[11.272837,45.059573],[11.195735,45.063396],[11.19123,45.090939],[11.210303,45.104298],[11.204106,45.112439],[11.15491,45.119317],[11.077346,45.099464],[11.048298,45.122646],[11.049221,45.151968],[11.001892,45.155077],[11.005298,45.179983],[10.987324,45.197375],[10.848611,45.263073],[10.794624,45.307205],[10.761072,45.29367],[10.740154,45.316049],[10.697461,45.320257],[10.717939,45.361214],[10.702119,45.38245],[10.702427,45.422814],[10.661755,45.419035],[10.642991,45.448028],[10.644243,45.609571],[10.844897,45.834054],[10.88458,45.816949],[10.899521,45.790021],[10.877307,45.757853],[10.872495,45.71783],[10.89405,45.714215],[10.931777,45.681894],[10.983435,45.692715],[11.011252,45.714622],[11.130718,45.699593],[11.18488,45.754722],[11.182507,45.778441],[11.201931,45.791263],[11.200547,45.810895],[11.274529,45.91498],[11.310718,45.93771],[11.35897,45.922934],[11.383008,45.94484],[11.387512,45.978898],[11.495046,46.012439],[11.564238,46.014142],[11.613589,45.975591],[11.684802,45.984325],[11.684495,46.03027],[11.704687,46.053418],[11.706863,46.099385],[11.810684,46.1069],[11.9022,46.136585],[11.971282,46.193098],[11.922568,46.219839],[11.924568,46.253095],[11.892905,46.271903],[11.853464,46.273716],[11.848037,46.307873],[11.799214,46.353191],[11.802927,46.36621],[11.848191,46.38102],[11.860957,46.427085],[11.895696,46.45476],[11.880798,46.471371],[11.834238,46.48383],[11.832239,46.504034],[12.022039,46.53941],[12.071191,46.613128],[12.08967,46.666818],[12.174375,46.636968],[12.208081,46.594934],[12.34073,46.628157],[12.388674,46.619434],[12.399221,46.639737],[12.469632,46.675799],[12.547327,46.652192],[12.62019,46.656481],[12.706593,46.637749],[12.748499,46.641],[12.760188,46.536927],[12.681636,46.524962],[12.646436,46.501759],[12.642261,46.491267],[12.67032,46.477007],[12.669858,46.459132],[12.593064,46.463681],[12.529299,46.449025],[12.465315,46.356443],[12.436641,46.332108],[12.370393,46.306269],[12.336533,46.266432],[12.382786,46.229947],[12.452922,46.20971],[12.462832,46.178443],[12.494978,46.155679],[12.499175,46.106647],[12.447341,46.085202],[12.418953,46.050683],[12.447803,45.95965],[12.526289,45.920352],[12.567905,45.838855],[12.603127,45.826243],[12.638855,45.832088],[12.690161,45.800568],[12.79196,45.85617],[12.826743,45.824441],[12.870051,45.846842],[12.894551,45.825836],[12.946846,45.819322],[12.972883,45.842624],[12.999294,45.825474],[13.001931,45.781957],[13.095628,45.652321],[13.060557,45.636664],[12.943858,45.628567],[12.780772,45.553534],[12.423676,45.438056],[12.41033,45.436225],[12.435802,45.474921],[12.430919,45.484036],[12.447276,45.48432],[12.451427,45.498236],[12.471934,45.485907],[12.478689,45.49079],[12.465017,45.504462],[12.497325,45.506741],[12.506602,45.498236],[12.492931,45.49079],[12.515147,45.492743],[12.521495,45.518988],[12.562511,45.531643],[12.581716,45.552883],[12.537283,45.535834],[12.506602,45.57331],[12.441905,45.530341],[12.451427,45.511908],[12.403575,45.518134],[12.396739,45.539252],[12.384125,45.523017],[12.424001,45.498236],[12.393403,45.491645],[12.380544,45.494778],[12.383067,45.504462],[12.350434,45.504869],[12.272716,45.463609],[12.246104,45.411322],[12.258962,45.395209],[12.245291,45.36107],[12.223806,45.353949],[12.232188,45.340562],[12.216319,45.31623],[12.187511,45.306464],[12.15447,45.313463],[12.149099,45.292182],[12.180675,45.258043],[12.199392,45.274604],[12.197439,45.299628],[12.217296,45.29385],[12.224864,45.251166],[12.211111,45.242987],[12.230479,45.20425],[12.247325,45.196926],[12.266368,45.196601],[12.258962,45.202826],[12.307302,45.230699],[12.298025,45.215399],[12.321056,45.172349],[12.328461,45.10102],[12.307302,45.107856]]],[[[12.430919,45.415676],[12.376231,45.422553],[12.321462,45.348009],[12.371837,45.424872],[12.389171,45.433539],[12.430919,45.415676]]],[[[12.33725,45.427395],[12.320649,45.429836],[12.31658,45.443061],[12.329845,45.458808],[12.36378,45.449652],[12.33725,45.427395]]]]}},{"type":"Feature","properties":{"NAMEUNIT":"Carintia","COUNTRY":"Austria","boundary_level":"admin1"},"geometry":{"type":"Polygon","coordinates":[[[12.773566,46.635191],[12.671368,46.652466],[12.724319,46.748852],[12.88679,46.77854],[12.93304,46.757508],[12.951179,46.767378],[12.828757,46.875976],[12.806898,46.929384],[12.738892,46.985504],[12.752741,47.050152],[12.636779,47.092836],[12.633834,47.112034],[12.665046,47.136477],[12.77243,47.099296],[12.914385,47.075964],[13.02952,47.03098],[13.173543,47.037491],[13.27426,47.083845],[13.308211,47.087204],[13.606178,47.044209],[13.667156,47.026122],[13.843889,46.922692],[13.978868,46.972999],[14.026669,47.017544],[14.165265,47.057102],[14.200612,47.056715],[14.394605,46.998165],[14.496563,47.02297],[14.616038,47.016795],[14.865222,47.039558],[14.929611,46.993618],[15.008314,46.911245],[14.986869,46.842206],[15.022577,46.727174],[15.034669,46.703299],[15.105591,46.646323],[15.004386,46.636844],[14.967179,46.600257],[14.933589,46.621135],[14.85039,46.601136],[14.788585,46.506646],[14.709727,46.492512],[14.679961,46.458871],[14.590148,46.434428],[14.557695,46.38394],[14.540332,46.378643],[14.502194,46.418356],[14.450931,46.414481],[14.395844,46.440991],[14.149865,46.440061],[14.066355,46.48104],[13.98233,46.481918],[13.890862,46.511787],[13.670256,46.518712],[13.506751,46.546927],[13.478019,46.563567],[13.231109,46.552173],[13.146463,46.584961],[12.83041,46.609637],[12.773566,46.635191]]]}},{"type":"Feature","properties":{"NAMEUNIT":"Friuli-Venezia Giulia","COUNTRY":"Italy","boundary_level":"admin1"},"geometry":{"type":"Polygon","coordinates":[[[13.660334,45.792038],[13.778724,45.743411],[13.858409,45.649359],[13.893136,45.634683],[13.887038,45.618767],[13.847764,45.584661],[13.711762,45.593207],[13.730154,45.613105],[13.808116,45.614325],[13.739268,45.649115],[13.75766,45.654975],[13.753673,45.672309],[13.726248,45.703762],[13.628917,45.77261],[13.574229,45.789618],[13.55128,45.792426],[13.524181,45.760077],[13.528331,45.740546],[13.554942,45.737209],[13.401703,45.675442],[13.37672,45.683173],[13.431407,45.706855],[13.422618,45.724066],[13.381684,45.730048],[13.369395,45.744615],[13.254893,45.756049],[13.215505,45.778795],[13.169444,45.768744],[13.149669,45.751532],[13.119314,45.771959],[13.108165,45.758205],[13.122895,45.737209],[13.080577,45.727607],[13.069591,45.71369],[13.075043,45.696845],[13.091482,45.689195],[13.149669,45.703762],[13.095628,45.652321],[13.001931,45.781957],[12.999294,45.825474],[12.972883,45.842624],[12.946846,45.819322],[12.894551,45.825836],[12.870051,45.846842],[12.826743,45.824441],[12.79196,45.85617],[12.690161,45.800568],[12.638855,45.832088],[12.603127,45.826243],[12.567905,45.838855],[12.526289,45.920352],[12.447803,45.95965],[12.418953,46.050683],[12.447341,46.085202],[12.499175,46.106647],[12.494978,46.155679],[12.462832,46.178443],[12.452922,46.20971],[12.382786,46.229947],[12.335918,46.269475],[12.370393,46.306269],[12.436641,46.332108],[12.465315,46.356443],[12.529299,46.449025],[12.593064,46.463681],[12.669858,46.459132],[12.67032,46.477007],[12.642261,46.491267],[12.646436,46.501759],[12.681636,46.524962],[12.760188,46.536927],[12.748499,46.641],[12.83041,46.609637],[13.146463,46.584961],[13.231109,46.552173],[13.478019,46.563567],[13.506751,46.546927],[13.700951,46.519746],[13.67749,46.452075],[13.600182,46.442644],[13.530006,46.388332],[13.434094,46.353864],[13.391306,46.301568],[13.365261,46.290302],[13.410116,46.207982],[13.437402,46.210927],[13.422829,46.228601],[13.468304,46.223433],[13.559048,46.184107],[13.637389,46.180386],[13.645037,46.161731],[13.616409,46.125041],[13.505098,46.066027],[13.482257,46.044839],[13.490008,46.025564],[13.461793,46.006392],[13.509439,45.967428],[13.605867,45.985411],[13.622817,45.966394],[13.56928,45.86454],[13.565973,45.83033],[13.581269,45.809246],[13.660334,45.792038]]]}},{"type":"Feature","properties":{"NAMEUNIT":"Monaco-Ville","COUNTRY":"Monaco","boundary_level":"admin1"},"geometry":{"type":"Polygon","coordinates":[[[7.426246,43.755464],[7.437454,43.743361],[7.404319,43.717969],[7.36575,43.72273],[7.387538,43.757899],[7.426246,43.755464]]]}},{"type":"Feature","properties":{"NAMEUNIT":"Gorenjska","COUNTRY":"Slovenia","boundary_level":"admin1"},"geometry":{"type":"Polygon","coordinates":[[[14.138703,46.005771],[14.023258,46.079048],[14.027754,46.101631],[14.073694,46.158061],[13.98848,46.18067],[14.004965,46.219866],[13.997006,46.2394],[13.865748,46.2317],[13.770767,46.261983],[13.736661,46.286116],[13.727359,46.30167],[13.749528,46.33526],[13.841719,46.382182],[13.811281,46.412981],[13.767356,46.433083],[13.687,46.43174],[13.700951,46.519746],[13.782135,46.507782],[13.860683,46.51525],[13.98233,46.481918],[14.050026,46.484399],[14.149865,46.440061],[14.395844,46.440991],[14.450931,46.414481],[14.502194,46.418356],[14.540332,46.378643],[14.562108,46.391737],[14.568703,46.368798],[14.53594,46.360323],[14.553148,46.321333],[14.543691,46.298751],[14.569943,46.261466],[14.564052,46.247255],[14.500697,46.202865],[14.406542,46.191754],[14.414294,46.170541],[14.337813,46.1346],[14.325048,46.098323],[14.267326,46.106488],[14.211154,46.088143],[14.206813,46.060083],[14.171156,46.020189],[14.138703,46.005771]]]}},{"type":"Feature","properties":{"NAMEUNIT":"Goriška","COUNTRY":"Slovenia","boundary_level":"admin1"},"geometry":{"type":"Polygon","coordinates":[[[13.56928,45.86454],[13.622817,45.966394],[13.605867,45.985411],[13.509439,45.967428],[13.461793,46.006392],[13.490008,46.025564],[13.482257,46.044839],[13.505098,46.066027],[13.616409,46.125041],[13.645037,46.161731],[13.637389,46.180386],[13.559048,46.184107],[13.468304,46.223433],[13.422829,46.228601],[13.437402,46.210927],[13.410116,46.207982],[13.365261,46.290302],[13.391306,46.301568],[13.434094,46.353864],[13.530006,46.388332],[13.600182,46.442644],[13.658783,46.445125],[13.685853,46.464047],[13.687,46.43174],[13.767356,46.433083],[13.811281,46.412981],[13.841719,46.382182],[13.749528,46.33526],[13.727359,46.30167],[13.736661,46.286116],[13.770767,46.261983],[13.865748,46.2317],[13.997006,46.2394],[14.004965,46.219866],[13.98848,46.18067],[14.067493,46.167286],[14.073694,46.158061],[14.021863,46.0822],[14.111211,46.012644],[14.138703,46.005771],[14.108576,45.969287],[14.114829,45.951562],[14.100359,45.921538],[14.125991,45.868803],[14.046047,45.836944],[14.058656,45.808625],[14.037211,45.761006],[13.989875,45.76501],[13.885902,45.82865],[13.762395,45.844489],[13.709169,45.865004],[13.706378,45.846427],[13.670101,45.822604],[13.574172,45.819028],[13.56928,45.86454]]]}},{"type":"Feature","properties":{"NAMEUNIT":"Nouvelle-Aquitaine","COUNTRY":"France","boundary_level":"admin1"},"geometry":{"type":"MultiPolygon","coordinates":[[[[-1.768234,43.330922],[-1.796914,43.341128],[-1.794075,43.386015],[-1.775502,43.376166],[-1.661,43.399685],[-1.59675,43.442532],[-1.476877,43.580064],[-1.346099,44.019192],[-1.281565,44.302191],[-1.247304,44.504543],[-1.257232,44.556057],[-1.186513,44.665473],[-1.100209,44.655341],[-1.044749,44.66942],[-1.044423,44.684638],[-1.069163,44.703192],[-1.055491,44.703192],[-1.065297,44.717475],[-1.172231,44.778266],[-1.233632,44.706855],[-1.260365,44.627427],[-1.199452,45.120836],[-1.157867,45.27912],[-1.139963,45.490058],[-1.085276,45.569037],[-1.058583,45.569648],[-1.062327,45.532416],[-1.039947,45.50727],[-0.915273,45.450426],[-0.766184,45.326077],[-0.715972,45.134508],[-0.6822,45.076483],[-0.568959,44.997992],[-0.556508,44.918524],[-0.534657,44.894965],[-0.548451,44.94953],[-0.538971,44.976508],[-0.550364,44.998196],[-0.596181,45.024644],[-0.539418,45.019517],[-0.493764,44.997992],[-0.518951,45.029446],[-0.602162,45.053453],[-0.637766,45.073065],[-0.655995,45.099107],[-0.719716,45.36107],[-0.795481,45.477118],[-0.841786,45.514553],[-0.98351,45.586982],[-0.990875,45.610053],[-1.083811,45.660386],[-1.149322,45.6789],[-1.194203,45.710191],[-1.247304,45.709906],[-1.230295,45.792426],[-1.163808,45.806708],[-1.144276,45.806098],[-1.05724,45.74022],[-0.987172,45.717353],[-1.125356,45.807685],[-1.151723,45.86815],[-1.112538,45.895657],[-1.073354,45.904364],[-1.070424,45.926337],[-1.089752,45.950751],[-1.069163,45.964342],[-1.096588,45.985419],[-1.110748,46.018378],[-1.072987,46.007473],[-1.048695,46.038804],[-1.084218,46.056545],[-1.097035,46.101549],[-1.129018,46.11579],[-1.117014,46.128241],[-1.152089,46.143866],[-1.151723,46.156195],[-1.209706,46.166164],[-1.18517,46.19717],[-1.190541,46.216295],[-1.179596,46.229478],[-1.110748,46.259223],[-1.103505,46.280015],[-1.11919,46.311011],[-1.097033,46.334613],[-0.969833,46.362442],[-0.955002,46.353708],[-0.973118,46.329219],[-0.959935,46.320067],[-0.85061,46.334306],[-0.756589,46.301204],[-0.695252,46.32355],[-0.649516,46.325725],[-0.612074,46.35206],[-0.565416,46.356993],[-0.555286,46.369726],[-0.603494,46.406189],[-0.629927,46.408507],[-0.624115,46.461429],[-0.640134,46.514943],[-0.615953,46.54755],[-0.626774,46.606558],[-0.652999,46.642527],[-0.662282,46.683045],[-0.724728,46.767508],[-0.712017,46.802049],[-0.812421,46.862825],[-0.833614,46.919251],[-0.946004,47.000385],[-0.941357,47.013305],[-0.851126,46.98964],[-0.63241,46.992431],[-0.549156,47.02517],[-0.558461,47.0548],[-0.537741,47.070258],[-0.473196,47.06638],[-0.269697,47.097229],[-0.170578,47.098262],[-0.143013,47.062809],[-0.118228,47.057338],[-0.09185,47.086144],[-0.053068,47.096252],[-0.004047,47.156556],[0.06676,47.153688],[0.100114,47.118576],[0.135534,47.127046],[0.147158,47.098833],[0.19185,47.102294],[0.200068,47.055503],[0.257944,47.063435],[0.27717,47.045297],[0.306987,47.042583],[0.303581,46.965921],[0.326674,46.938532],[0.433923,46.932742],[0.483713,46.950804],[0.572746,46.954989],[0.583667,46.965042],[0.572439,47.0039],[0.671777,46.965976],[0.713371,46.90008],[0.831452,46.779417],[0.902358,46.729814],[0.916926,46.69948],[0.906994,46.644186],[0.924111,46.605734],[1.014089,46.564392],[1.026789,46.5383],[1.111538,46.532532],[1.142585,46.512196],[1.142387,46.464505],[1.194682,46.42792],[1.177016,46.387018],[1.194067,46.377636],[1.290769,46.371593],[1.344909,46.396137],[1.414431,46.350939],[1.525525,46.414429],[1.598034,46.407354],[1.603923,46.389413],[1.628884,46.38125],[1.672478,46.401015],[1.736879,46.398257],[1.75237,46.41489],[1.753469,46.442104],[1.770739,46.452002],[1.831384,46.420472],[1.881525,46.438203],[2.102329,46.415879],[2.253896,46.419801],[2.315969,46.366682],[2.339743,46.322649],[2.396828,46.310147],[2.424602,46.275111],[2.463405,46.279857],[2.514602,46.225805],[2.566743,46.135948],[2.561162,46.081895],[2.594648,46.026853],[2.595285,45.971197],[2.505769,45.872913],[2.464021,45.868672],[2.398234,45.821804],[2.438576,45.761544],[2.48417,45.741187],[2.524687,45.697725],[2.52049,45.644375],[2.481379,45.623732],[2.465097,45.584555],[2.495398,45.54518],[2.499419,45.491017],[2.518645,45.47924],[2.48217,45.3918],[2.441389,45.392272],[2.391247,45.413278],[2.351828,45.406631],[2.369033,45.376606],[2.347785,45.339713],[2.297666,45.293098],[2.246008,45.274784],[2.237614,45.249878],[2.194636,45.223698],[2.206875,45.159494],[2.160666,45.086237],[2.107448,45.050949],[2.131618,44.992655],[1.953508,44.960872],[1.917473,44.970386],[1.777858,44.933384],[1.714226,44.960202],[1.693418,44.984646],[1.609812,45.029086],[1.546179,45.027636],[1.52258,45.045049],[1.487226,45.02935],[1.429965,45.000093],[1.425022,44.983822],[1.446709,44.932945],[1.433371,44.87597],[1.363674,44.810963],[1.313906,44.788738],[1.321662,44.751428],[1.299602,44.725644],[1.189563,44.682566],[1.119909,44.603629],[1.002136,44.53925],[1.033974,44.452633],[1.067461,44.422245],[1.064516,44.378432],[1.051333,44.367786],[0.969528,44.362798],[0.92009,44.378992],[0.904226,44.373213],[0.886538,44.312646],[0.947204,44.272908],[0.905918,44.201024],[0.871816,44.180864],[0.894602,44.157925],[0.889482,44.144027],[0.807898,44.145423],[0.795109,44.122549],[0.758371,44.105366],[0.741738,44.067024],[0.679665,44.040459],[0.658901,44.03757],[0.5925,44.072814],[0.508674,44.052379],[0.466311,44.056334],[0.303735,43.996646],[0.211867,44.017102],[0.157067,43.969125],[0.123999,43.981298],[0.089743,43.972871],[0.076032,43.955974],[0.079987,43.921972],[0.064365,43.908535],[-0.000279,43.91494],[-0.00909,43.929926],[0.002973,43.95871],[-0.023976,43.971114],[-0.100013,43.928377],[-0.16748,43.930915],[-0.221917,43.89867],[-0.183882,43.841771],[-0.208118,43.788026],[-0.208953,43.756551],[-0.195275,43.738852],[-0.222104,43.692731],[-0.252668,43.68648],[-0.245252,43.65964],[-0.267005,43.623176],[-0.236342,43.587053],[-0.109681,43.574804],[-0.053453,43.529276],[-0.016297,43.459107],[-0.049684,43.449856],[-0.049014,43.421171],[-0.034183,43.414381],[-0.007793,43.434168],[0.007005,43.428565],[0.00561,43.384685],[0.023232,43.339169],[-0.027514,43.310308],[-0.036863,43.276898],[-0.027206,43.247927],[-0.066351,43.211475],[-0.085928,43.165947],[-0.110944,43.164761],[-0.138871,43.12499],[-0.191408,43.091845],[-0.189617,43.039418],[-0.246054,43.030497],[-0.288318,42.994693],[-0.284187,42.940761],[-0.317026,42.893871],[-0.305139,42.830812],[-0.322792,42.842502],[-0.335169,42.824958],[-0.351679,42.829247],[-0.423923,42.790671],[-0.53389,42.808008],[-0.535647,42.784211],[-0.56903,42.772636],[-0.582931,42.795839],[-0.610165,42.799094],[-0.648302,42.849789],[-0.740286,42.884799],[-0.759665,42.946501],[-0.943219,42.947896],[-1.028485,42.986705],[-1.112408,43.008254],[-1.149925,43.005722],[-1.216898,43.03926],[-1.293689,43.055203],[-1.315083,43.082875],[-1.286041,43.109179],[-1.308623,43.113571],[-1.348259,43.093081],[-1.366139,43.033318],[-1.435024,43.035721],[-1.47528,43.060138],[-1.487837,43.081816],[-1.425774,43.135275],[-1.399677,43.206744],[-1.403501,43.243331],[-1.432233,43.265009],[-1.466392,43.260771],[-1.559047,43.284077],[-1.587573,43.251599],[-1.621886,43.247],[-1.639043,43.255681],[-1.645037,43.292372],[-1.683019,43.304929],[-1.747356,43.291002],[-1.768234,43.330922]],[[-0.076766,43.333863],[-0.064483,43.37282],[-0.099288,43.385048],[-0.112284,43.338477],[-0.096805,43.327787],[-0.076766,43.333863]],[[-0.090301,43.295498],[-0.113636,43.305265],[-0.137278,43.285819],[-0.127511,43.250806],[-0.097497,43.250795],[-0.080501,43.272152],[-0.090301,43.295498]]],[[[-1.176096,45.898749],[-1.194569,45.830064],[-1.209218,45.814154],[-1.226877,45.81977],[-1.260365,45.881822],[-1.378326,45.975979],[-1.371653,45.995307],[-1.404937,46.053168],[-1.339915,46.037828],[-1.273834,45.997626],[-1.247629,46.001776],[-1.233632,45.991685],[-1.224355,45.935045],[-1.18517,45.915961],[-1.176096,45.898749]]],[[[-1.488922,46.203355],[-1.555816,46.251776],[-1.480092,46.259223],[-1.467885,46.249905],[-1.473866,46.238105],[-1.507965,46.245551],[-1.490549,46.224433],[-1.411122,46.238105],[-1.425364,46.223822],[-1.308095,46.206936],[-1.25414,46.162421],[-1.33609,46.167222],[-1.432851,46.210842],[-1.488922,46.203355]]]]}},{"type":"Feature","properties":{"NAMEUNIT":"Foral de Navarra","COUNTRY":"Spain","boundary_level":"admin1"},"geometry":{"type":"MultiPolygon","coordinates":[[[[-1.158141,42.425989],[-1.176331,42.403665],[-1.197002,42.411933],[-1.163929,42.440872],[-1.158141,42.425989]]],[[[-1.09861,42.482213],[-1.06719,42.436738],[-1.134163,42.44666],[-1.112666,42.482213],[-1.09861,42.482213]]],[[[-1.773452,43.289709],[-1.654907,43.297539],[-1.639043,43.255681],[-1.621886,43.247],[-1.587573,43.251599],[-1.559047,43.284077],[-1.466392,43.260771],[-1.432233,43.265009],[-1.403501,43.243331],[-1.399677,43.206744],[-1.425774,43.135275],[-1.487837,43.081816],[-1.47528,43.060138],[-1.435024,43.035721],[-1.366139,43.033318],[-1.348259,43.093081],[-1.308623,43.113571],[-1.286041,43.109179],[-1.315083,43.082875],[-1.310587,43.069491],[-1.274879,43.046831],[-1.216898,43.03926],[-1.149925,43.005722],[-1.112408,43.008254],[-1.028485,42.986705],[-0.943219,42.947896],[-0.786433,42.953271],[-0.759665,42.946501],[-0.745032,42.918727],[-0.806224,42.904358],[-0.850382,42.840486],[-0.867022,42.769948],[-0.904358,42.742559],[-0.964509,42.710287],[-1.024635,42.696128],[-1.044453,42.649955],[-1.145015,42.641377],[-1.155531,42.618639],[-1.172326,42.613472],[-1.154782,42.601793],[-1.205347,42.5581],[-1.257411,42.553217],[-1.278159,42.53203],[-1.284516,42.516578],[-1.272682,42.487639],[-1.341954,42.414827],[-1.349111,42.379171],[-1.331024,42.357983],[-1.384019,42.300416],[-1.41642,42.220576],[-1.396628,42.177968],[-1.392468,42.120788],[-1.350661,42.072729],[-1.316452,42.062756],[-1.315961,42.03715],[-1.419288,41.908863],[-1.490705,41.922661],[-1.555946,41.911602],[-1.639403,41.957594],[-1.70418,41.955062],[-1.767716,41.990616],[-1.852414,42.001209],[-1.890603,42.025316],[-1.89993,42.06937],[-1.823423,42.145619],[-1.688186,42.143061],[-1.697074,42.215821],[-1.829314,42.277575],[-1.857271,42.277575],[-1.863472,42.304912],[-1.976747,42.393046],[-2.055605,42.399066],[-2.069558,42.414776],[-2.05527,42.428418],[-2.076509,42.442578],[-2.191385,42.442939],[-2.278383,42.489862],[-2.343262,42.48304],[-2.406075,42.497096],[-2.394009,42.564973],[-2.400675,42.590734],[-2.42132,42.598795],[-2.450052,42.576006],[-2.493279,42.595307],[-2.492736,42.609337],[-2.418012,42.657526],[-2.391037,42.658585],[-2.365871,42.637915],[-2.298459,42.657758],[-2.293162,42.672021],[-2.312024,42.682925],[-2.32037,42.728994],[-2.279416,42.750931],[-2.274429,42.79098],[-2.242312,42.839194],[-2.252958,42.900069],[-2.231693,42.935157],[-2.200816,42.951642],[-2.122759,42.949627],[-2.09475,42.975465],[-2.049404,42.988229],[-2.0146,43.066958],[-1.937912,43.105586],[-1.912488,43.135145],[-1.919283,43.184548],[-1.908534,43.218344],[-1.883704,43.211962],[-1.872697,43.227698],[-1.847401,43.223615],[-1.773452,43.289709]]]]}},{"type":"Feature","properties":{"NAMEUNIT":"País Vasco","COUNTRY":"Spain","boundary_level":"admin1"},"geometry":{"type":"Polygon","coordinates":[[[-2.829925,42.613807],[-2.852456,42.665406],[-3.031437,42.772738],[-3.063503,42.785296],[-3.136315,42.769896],[-3.129002,42.786252],[-3.151197,42.817593],[-3.112544,42.868262],[-3.114223,42.886917],[-3.195691,42.86033],[-3.217395,42.829737],[-3.280078,42.880355],[-3.224113,42.943787],[-3.166054,42.942857],[-3.141043,42.916089],[-3.084742,42.905547],[-3.029189,42.910249],[-2.979063,42.933607],[-2.983378,42.950996],[-3.039628,42.978049],[-3.03937,42.987041],[-2.99932,42.989469],[-2.987409,43.008925],[-3.028621,43.047347],[-3.05526,43.043135],[-3.084948,43.010708],[-3.165124,43.026676],[-3.14851,43.050447],[-3.141844,43.104139],[-3.172566,43.131373],[-3.142154,43.174781],[-3.25946,43.201188],[-3.423791,43.140623],[-3.441645,43.233305],[-3.322944,43.300096],[-3.203546,43.292293],[-3.160241,43.307796],[-3.150602,43.360155],[-3.112375,43.354071],[-3.089508,43.366889],[-3.008168,43.320909],[-3.029286,43.376166],[-2.939931,43.4171],[-2.946685,43.430772],[-2.930084,43.437934],[-2.755849,43.450263],[-2.706532,43.413682],[-2.691029,43.36754],[-2.677805,43.406195],[-2.661204,43.411933],[-2.48351,43.370632],[-2.464426,43.349229],[-2.367421,43.315701],[-2.284657,43.303494],[-2.196278,43.314765],[-2.174469,43.297431],[-2.144846,43.301093],[-2.127797,43.287421],[-1.960357,43.343085],[-1.918691,43.32099],[-1.904652,43.328437],[-1.925689,43.342637],[-1.811269,43.395087],[-1.794075,43.386015],[-1.796914,43.341128],[-1.768234,43.330922],[-1.74973,43.294793],[-1.791306,43.27741],[-1.833681,43.229506],[-1.872697,43.227698],[-1.883704,43.211962],[-1.908534,43.218344],[-1.919283,43.184548],[-1.912488,43.135145],[-1.937912,43.105586],[-2.0146,43.066958],[-2.049404,42.988229],[-2.09475,42.975465],[-2.122759,42.949627],[-2.200816,42.951642],[-2.231693,42.935157],[-2.252958,42.900069],[-2.242312,42.839194],[-2.274429,42.79098],[-2.279416,42.750931],[-2.32037,42.728994],[-2.312024,42.682925],[-2.295927,42.677912],[-2.292697,42.663081],[-2.348094,42.638121],[-2.40871,42.660213],[-2.492736,42.609337],[-2.488085,42.589907],[-2.450052,42.576006],[-2.42132,42.598795],[-2.400675,42.590734],[-2.394009,42.564973],[-2.406075,42.497096],[-2.462041,42.507251],[-2.501521,42.537662],[-2.524026,42.525105],[-2.522037,42.510351],[-2.557745,42.510842],[-2.583454,42.496683],[-2.595056,42.517508],[-2.617871,42.507716],[-2.684663,42.537766],[-2.689133,42.589494],[-2.733988,42.61572],[-2.761841,42.614505],[-2.77998,42.585618],[-2.821037,42.584274],[-2.826773,42.596005],[-2.812665,42.611094],[-2.816231,42.620215],[-2.829925,42.613807]],[[-2.601541,42.776097],[-2.827083,42.791833],[-2.870155,42.744678],[-2.814138,42.702923],[-2.752436,42.68184],[-2.634071,42.654761],[-2.515267,42.649309],[-2.525783,42.689488],[-2.566065,42.674527],[-2.600792,42.70437],[-2.571285,42.725248],[-2.559192,42.759354],[-2.601541,42.776097]],[[-3.286147,43.256365],[-3.304197,43.260683],[-3.299199,43.216869],[-3.26736,43.227394],[-3.286147,43.256365]]]}},{"type":"Feature","properties":{"NAMEUNIT":"Aragón","COUNTRY":"Spain","boundary_level":"admin1"},"geometry":{"type":"Polygon","coordinates":[[[-1.162714,40.01146],[-1.084114,40.039262],[-1.079954,40.065772],[-1.151061,40.110058],[-1.234674,40.122952],[-1.294592,40.201629],[-1.320017,40.187418],[-1.324539,40.149281],[-1.364123,40.139617],[-1.448537,40.149798],[-1.437323,40.178814],[-1.444377,40.19672],[-1.541709,40.197908],[-1.6601,40.28302],[-1.719037,40.289763],[-1.720639,40.335368],[-1.779292,40.39216],[-1.808256,40.40203],[-1.699762,40.493343],[-1.698599,40.542384],[-1.677799,40.585275],[-1.595711,40.569772],[-1.551192,40.595093],[-1.554241,40.625789],[-1.537446,40.662996],[-1.557005,40.725163],[-1.538764,40.77684],[-1.544551,40.81738],[-1.601034,40.858747],[-1.621885,40.946752],[-1.816912,41.096975],[-1.944863,41.164413],[-1.971864,41.169942],[-2.053228,41.150357],[-2.14914,41.193946],[-2.171877,41.327762],[-2.159837,41.353187],[-2.127952,41.376751],[-2.116274,41.431373],[-2.099711,41.442613],[-2.052117,41.434991],[-2.03062,41.385433],[-1.945948,41.415534],[-1.95618,41.466823],[-1.975274,41.491137],[-1.988271,41.595498],[-1.964552,41.608675],[-1.92352,41.602991],[-1.8543,41.6526],[-1.815878,41.661669],[-1.78818,41.705749],[-1.785544,41.719288],[-1.845851,41.790731],[-1.816033,41.851683],[-1.851587,41.90615],[-1.852414,42.001209],[-1.767716,41.990616],[-1.70418,41.955062],[-1.639403,41.957594],[-1.555946,41.911602],[-1.490705,41.922661],[-1.414663,41.910827],[-1.315961,42.03715],[-1.316452,42.062756],[-1.350661,42.072729],[-1.392468,42.120788],[-1.396628,42.177968],[-1.41642,42.220576],[-1.384019,42.300416],[-1.331024,42.357983],[-1.349111,42.379171],[-1.341954,42.414827],[-1.272682,42.487639],[-1.284516,42.516578],[-1.278159,42.53203],[-1.257411,42.553217],[-1.205347,42.5581],[-1.154782,42.601793],[-1.172326,42.613472],[-1.155531,42.618639],[-1.145015,42.641377],[-1.044453,42.649955],[-1.024635,42.696128],[-0.964509,42.710287],[-0.867022,42.769948],[-0.846222,42.849478],[-0.806224,42.904358],[-0.771446,42.918363],[-0.745032,42.918727],[-0.745867,42.89392],[-0.730106,42.877513],[-0.700392,42.876428],[-0.648302,42.849789],[-0.610165,42.799094],[-0.582931,42.795839],[-0.56903,42.772636],[-0.535647,42.784211],[-0.53389,42.808008],[-0.423923,42.790671],[-0.351679,42.829247],[-0.335169,42.824958],[-0.322792,42.842502],[-0.247034,42.80483],[-0.235149,42.786227],[-0.161407,42.795348],[-0.157789,42.760699],[-0.119032,42.716851],[-0.038933,42.685148],[0.169168,42.726463],[0.238362,42.710366],[0.275388,42.668689],[0.354169,42.717497],[0.389283,42.685148],[0.409282,42.682254],[0.675649,42.688687],[0.716318,42.625719],[0.768925,42.605591],[0.730271,42.500714],[0.701436,42.484332],[0.746394,42.390539],[0.743449,42.27065],[0.705466,42.178356],[0.703141,42.120323],[0.651619,42.001881],[0.566095,41.938887],[0.593277,41.913721],[0.593587,41.867548],[0.54222,41.82675],[0.500931,41.812435],[0.464602,41.767425],[0.40595,41.752956],[0.328538,41.677405],[0.351483,41.607228],[0.423985,41.592914],[0.441193,41.546147],[0.397423,41.494289],[0.351173,41.477598],[0.348537,41.433234],[0.324198,41.390161],[0.327298,41.370111],[0.374014,41.338924],[0.377269,41.321406],[0.352361,41.279212],[0.360371,41.232832],[0.313346,41.206891],[0.29314,41.158263],[0.213713,41.125759],[0.206582,41.11178],[0.227821,41.04318],[0.274227,41.018892],[0.289729,40.98246],[0.249577,40.888564],[0.26725,40.814279],[0.227356,40.771724],[0.167463,40.743198],[0.173044,40.730899],[0.081525,40.71643],[0.045042,40.696173],[0.029539,40.699609],[0.01817,40.726145],[-0.074486,40.730847],[-0.152156,40.774902],[-0.183885,40.779423],[-0.223418,40.745317],[-0.234089,40.694803],[-0.304498,40.663255],[-0.345813,40.6739],[-0.37731,40.660154],[-0.374597,40.618193],[-0.294369,40.605765],[-0.297935,40.513703],[-0.272174,40.475721],[-0.339896,40.4427],[-0.289098,40.389215],[-0.286489,40.371748],[-0.390927,40.295577],[-0.391418,40.263925],[-0.405861,40.251135],[-0.495494,40.230465],[-0.549961,40.235064],[-0.570037,40.153518],[-0.617657,40.107087],[-0.61435,40.07174],[-0.683855,40.044429],[-0.753902,40.039779],[-0.775089,40.001383],[-0.82444,39.981488],[-0.838703,39.952575],[-0.832502,39.919424],[-0.79129,39.87754],[-0.846997,39.855345],[-0.888209,39.855242],[-0.902394,39.865396],[-0.912109,39.906402],[-0.904771,39.934617],[-0.923065,39.955985],[-1.000269,39.979214],[-1.129383,39.964047],[-1.14548,39.972289],[-1.162714,40.01146]],[[-1.158141,42.425989],[-1.163929,42.440872],[-1.197002,42.411933],[-1.176331,42.403665],[-1.158141,42.425989]],[[-1.06719,42.436738],[-1.106051,42.48304],[-1.124241,42.473118],[-1.134163,42.44666],[-1.075459,42.432604],[-1.06719,42.436738]]]}},{"type":"Feature","properties":{"NAMEUNIT":"Occitanie","COUNTRY":"France","boundary_level":"admin1"},"geometry":{"type":"MultiPolygon","coordinates":[[[[0.921111,42.784366],[0.812901,42.831624],[0.679369,42.845112],[0.656321,42.83842],[0.639681,42.774677],[0.65074,42.763386],[0.63348,42.744782],[0.66645,42.714758],[0.656735,42.68799],[0.409282,42.682254],[0.389283,42.685148],[0.354169,42.717497],[0.275388,42.668689],[0.238362,42.710366],[0.169168,42.726463],[-0.038933,42.685148],[-0.119032,42.716851],[-0.157789,42.760699],[-0.161407,42.795348],[-0.235149,42.786227],[-0.247034,42.80483],[-0.305139,42.830812],[-0.317026,42.893871],[-0.284187,42.940761],[-0.288318,42.994693],[-0.246054,43.030497],[-0.189617,43.039418],[-0.191408,43.091845],[-0.138871,43.12499],[-0.110944,43.164761],[-0.085928,43.165947],[-0.066351,43.211475],[-0.027206,43.247927],[-0.036863,43.276898],[-0.027514,43.310308],[0.023232,43.339169],[0.00561,43.384685],[0.007005,43.428565],[-0.007793,43.434168],[-0.034183,43.414381],[-0.049014,43.421171],[-0.049684,43.449856],[-0.016297,43.459107],[-0.053453,43.529276],[-0.109681,43.574804],[-0.236342,43.587053],[-0.267005,43.623176],[-0.245252,43.65964],[-0.252668,43.68648],[-0.222104,43.692731],[-0.195275,43.738852],[-0.208953,43.756551],[-0.208118,43.788026],[-0.183882,43.841771],[-0.221917,43.89867],[-0.16748,43.930915],[-0.100013,43.928377],[-0.023976,43.971114],[0.002973,43.95871],[-0.00909,43.929926],[-0.000279,43.91494],[0.064365,43.908535],[0.079987,43.921972],[0.076032,43.955974],[0.089743,43.972871],[0.123999,43.981298],[0.157067,43.969125],[0.211867,44.017102],[0.303735,43.996646],[0.466311,44.056334],[0.508674,44.052379],[0.5925,44.072814],[0.658901,44.03757],[0.679665,44.040459],[0.741738,44.067024],[0.758371,44.105366],[0.795109,44.122549],[0.807898,44.145423],[0.889482,44.144027],[0.894602,44.157925],[0.871816,44.180864],[0.905918,44.201024],[0.947204,44.272908],[0.886538,44.312646],[0.904226,44.373213],[0.92009,44.378992],[0.969528,44.362798],[1.051333,44.367786],[1.064516,44.378432],[1.067461,44.422245],[1.033974,44.452633],[1.002136,44.53925],[1.119909,44.603629],[1.189563,44.682566],[1.299602,44.725644],[1.321662,44.751428],[1.313906,44.788738],[1.363674,44.810963],[1.43726,44.88344],[1.446709,44.932945],[1.425022,44.983822],[1.429965,45.000093],[1.52258,45.045049],[1.546179,45.027636],[1.580918,45.035601],[1.626247,45.02289],[1.714226,44.960202],[1.777858,44.933384],[1.917473,44.970386],[1.953508,44.960872],[2.058713,44.97511],[2.085388,44.879793],[2.156799,44.783827],[2.132255,44.698672],[2.161281,44.684555],[2.181606,44.631227],[2.205315,44.622339],[2.214213,44.647201],[2.300456,44.668723],[2.340051,44.651903],[2.471623,44.668229],[2.533982,44.723161],[2.594033,44.83499],[2.726726,44.935351],[2.770056,44.899997],[2.775769,44.863105],[2.830085,44.864599],[2.878601,44.797165],[2.926567,44.778092],[2.90688,44.756779],[2.925798,44.690817],[2.980114,44.644279],[3.024961,44.715053],[3.053547,44.811271],[3.089494,44.837001],[3.107072,44.888527],[3.124299,44.895657],[3.154204,44.86974],[3.1682,44.871762],[3.244226,44.922068],[3.379204,44.956796],[3.478674,44.821653],[3.569465,44.829146],[3.594602,44.870982],[3.643469,44.874311],[3.661157,44.862687],[3.655114,44.833518],[3.728679,44.820939],[3.795102,44.776181],[3.872204,44.750912],[3.871106,44.709878],[3.911777,44.59495],[3.957414,44.550873],[3.993999,44.457852],[4.049699,44.403546],[4.036076,44.375564],[4.049875,44.325203],[4.130581,44.331685],[4.251145,44.281796],[4.333828,44.330674],[4.373093,44.339672],[4.394033,44.334398],[4.395637,44.301121],[4.418115,44.290475],[4.445075,44.301121],[4.465598,44.336002],[4.55061,44.327114],[4.585239,44.300659],[4.657837,44.281719],[4.689983,44.214922],[4.721294,44.190247],[4.725952,44.088832],[4.772973,44.087744],[4.849812,44.012664],[4.845461,44.000205],[4.820918,44.000392],[4.821401,43.971894],[4.80635,43.95292],[4.64094,43.8706],[4.64885,43.805857],[4.608794,43.698729],[4.530923,43.713616],[4.477068,43.693072],[4.429431,43.627879],[4.462961,43.615113],[4.453051,43.590987],[4.247585,43.500965],[4.231281,43.47151],[4.205903,43.459906],[4.132823,43.487047],[4.117198,43.510484],[4.132823,43.532782],[4.105317,43.551866],[4.047455,43.556138],[3.952973,43.539944],[3.739919,43.412828],[3.622162,43.374905],[3.513357,43.281073],[3.385427,43.283922],[3.317719,43.263088],[3.244314,43.219428],[3.114024,43.106309],[3.038992,42.942776],[3.056082,42.907131],[3.040457,42.790188],[3.04184,42.629055],[3.05185,42.554877],[3.13738,42.524929],[3.143077,42.492133],[3.175873,42.456488],[3.18097,42.431484],[3.086147,42.427179],[3.053591,42.437643],[3.029613,42.465652],[2.933702,42.470225],[2.900835,42.45126],[2.850813,42.448366],[2.788594,42.412012],[2.690409,42.406172],[2.640283,42.372841],[2.662194,42.339019],[2.548092,42.352248],[2.514812,42.325661],[2.445566,42.351964],[2.422518,42.383693],[2.375493,42.389326],[2.277411,42.428626],[2.184187,42.411805],[2.136954,42.416223],[2.051688,42.352351],[1.995671,42.348682],[1.963735,42.367234],[1.927458,42.436894],[1.869787,42.44679],[1.792686,42.481723],[1.712174,42.493712],[1.721683,42.548515],[1.765091,42.563372],[1.713311,42.589546],[1.721993,42.609855],[1.608304,42.618123],[1.543089,42.649362],[1.466814,42.641455],[1.451415,42.602052],[1.429297,42.595386],[1.361084,42.686724],[1.338243,42.694449],[1.342584,42.70866],[1.151485,42.706723],[1.08906,42.771318],[0.982916,42.780361],[0.950257,42.796123],[0.921111,42.784366]],[[1.978308,42.47498],[1.956604,42.481775],[1.947509,42.451234],[1.999495,42.443896],[1.978308,42.47498]]],[[[-0.117975,43.247565],[-0.138619,43.27179],[-0.113636,43.305265],[-0.090301,43.295498],[-0.080501,43.272152],[-0.097497,43.250795],[-0.117975,43.247565]]],[[[-0.063483,43.367283],[-0.07993,43.331303],[-0.112284,43.338477],[-0.099288,43.385048],[-0.075524,43.384147],[-0.063483,43.367283]]]]}},{"type":"Feature","properties":{"NAMEUNIT":"Cataluña","COUNTRY":"Spain","boundary_level":"admin1"},"geometry":{"type":"MultiPolygon","coordinates":[[[[1.217784,41.104682],[1.172944,41.058661],[1.097667,41.070868],[0.990408,41.0397],[0.714203,40.815212],[0.694835,40.785997],[0.750173,40.76557],[0.767263,40.771023],[0.750173,40.785997],[0.780528,40.779486],[0.841807,40.732123],[0.873709,40.727932],[0.872406,40.707099],[0.848318,40.67536],[0.784028,40.660956],[0.756358,40.642239],[0.677094,40.565172],[0.615896,40.553453],[0.592459,40.582099],[0.640636,40.586859],[0.663178,40.574734],[0.696218,40.590359],[0.732677,40.633734],[0.682221,40.634223],[0.58017,40.603664],[0.52376,40.526163],[0.456076,40.549205],[0.418404,40.59083],[0.29314,40.632145],[0.276242,40.654315],[0.287714,40.683822],[0.243789,40.703046],[0.219294,40.730537],[0.173044,40.730899],[0.167463,40.743198],[0.227356,40.771724],[0.271281,40.821385],[0.249577,40.888564],[0.289729,40.98246],[0.274227,41.018892],[0.227821,41.04318],[0.205342,41.096872],[0.208908,41.119609],[0.29314,41.158263],[0.313346,41.206891],[0.360371,41.232832],[0.352361,41.279212],[0.377269,41.321406],[0.374014,41.338924],[0.327298,41.370111],[0.324198,41.390161],[0.348537,41.433234],[0.351173,41.477598],[0.397423,41.494289],[0.441193,41.546147],[0.423985,41.592914],[0.351483,41.607228],[0.328538,41.677405],[0.40595,41.752956],[0.464602,41.767425],[0.500931,41.812435],[0.54222,41.82675],[0.593587,41.867548],[0.593277,41.913721],[0.566095,41.938887],[0.651619,42.001881],[0.703141,42.120323],[0.705466,42.178356],[0.743449,42.27065],[0.746394,42.390539],[0.701436,42.484332],[0.730271,42.500714],[0.768925,42.605591],[0.716318,42.625719],[0.663426,42.696214],[0.659629,42.729899],[0.63348,42.744782],[0.65074,42.763386],[0.639681,42.774677],[0.656321,42.83842],[0.706757,42.846585],[0.812901,42.831624],[0.921111,42.784366],[0.950257,42.796123],[0.982916,42.780361],[1.08906,42.771318],[1.151485,42.706723],[1.342584,42.70866],[1.338243,42.694449],[1.361084,42.686724],[1.429297,42.595386],[1.418032,42.569832],[1.4263,42.561796],[1.406456,42.52924],[1.428987,42.531462],[1.449968,42.504073],[1.407593,42.486762],[1.447901,42.434646],[1.51663,42.429504],[1.544432,42.450356],[1.639517,42.466427],[1.653986,42.496529],[1.686336,42.490612],[1.707006,42.502781],[1.927458,42.436894],[1.963735,42.367234],[1.995671,42.348682],[2.051688,42.352351],[2.136954,42.416223],[2.184187,42.411805],[2.277411,42.428626],[2.375493,42.389326],[2.422518,42.383693],[2.445566,42.351964],[2.514812,42.325661],[2.548092,42.352248],[2.662194,42.339019],[2.640283,42.372841],[2.708082,42.41289],[2.788594,42.412012],[2.850813,42.448366],[2.900835,42.45126],[2.933702,42.470225],[2.966051,42.461001],[3.022998,42.467047],[3.053591,42.437643],[3.086147,42.427179],[3.18097,42.431484],[3.170177,42.396593],[3.187348,42.349514],[3.317719,42.322984],[3.263031,42.239854],[3.210134,42.239732],[3.170177,42.25967],[3.1303,42.239732],[3.118826,42.218329],[3.122488,42.140489],[3.173106,42.112006],[3.214496,42.068334],[3.195896,42.033118],[3.207856,41.990017],[3.235688,41.965522],[3.232188,41.946031],[3.150165,41.845351],[3.116829,41.847569],[3.078631,41.826618],[3.069058,41.799076],[2.950938,41.73428],[2.932991,41.712464],[2.84018,41.694648],[2.813162,41.670315],[2.792003,41.669013],[2.778497,41.645582],[2.449474,41.535224],[2.371349,41.489203],[2.296723,41.465318],[2.240408,41.420966],[2.163259,41.326646],[2.060313,41.274604],[1.62436,41.192165],[1.539236,41.187445],[1.217784,41.104682]]],[[[1.996084,42.442837],[1.947509,42.451234],[1.956604,42.481775],[1.967972,42.485702],[1.996084,42.442837]]]]}},{"type":"Feature","properties":{"NAMEUNIT":"Ordino","COUNTRY":"Andorra","boundary_level":"admin1"},"geometry":{"type":"Polygon","coordinates":[[[1.597349,42.621921],[1.598739,42.597606],[1.564531,42.58422],[1.555607,42.562654],[1.50132,42.570835],[1.481242,42.595375],[1.451415,42.602052],[1.466814,42.641455],[1.543089,42.649362],[1.597349,42.621921]]]}},{"type":"Feature","properties":{"NAMEUNIT":"Canillo","COUNTRY":"Andorra","boundary_level":"admin1"},"geometry":{"type":"Polygon","coordinates":[[[1.597349,42.621921],[1.721993,42.609855],[1.713311,42.589546],[1.765091,42.563372],[1.739976,42.561641],[1.717091,42.53989],[1.690209,42.552987],[1.682773,42.574553],[1.555607,42.562654],[1.564531,42.58422],[1.598739,42.597606],[1.597349,42.621921]]]}},{"type":"Feature","properties":{"NAMEUNIT":"Encamp","COUNTRY":"Andorra","boundary_level":"admin1"},"geometry":{"type":"Polygon","coordinates":[[[1.717091,42.53989],[1.707006,42.502781],[1.674244,42.490508],[1.641128,42.518035],[1.556351,42.538114],[1.555607,42.562654],[1.682773,42.574553],[1.690209,42.552987],[1.717091,42.53989]]]}},{"type":"Feature","properties":{"NAMEUNIT":"La Massana","COUNTRY":"Andorra","boundary_level":"admin1"},"geometry":{"type":"Polygon","coordinates":[[[1.451415,42.602052],[1.481242,42.595375],[1.50132,42.570835],[1.555607,42.562654],[1.556351,42.538114],[1.449968,42.504073],[1.428987,42.531462],[1.406456,42.52924],[1.4263,42.561796],[1.424853,42.589365],[1.451415,42.602052]]]}},{"type":"Feature","properties":{"NAMEUNIT":"San Julián de Loria","COUNTRY":"Andorra","boundary_level":"admin1"},"geometry":{"type":"Polygon","coordinates":[[[1.447901,42.434646],[1.407593,42.486762],[1.487191,42.518035],[1.499089,42.489032],[1.574942,42.48457],[1.572665,42.453075],[1.544432,42.450356],[1.51663,42.429504],[1.447901,42.434646]]]}},{"type":"Feature","properties":{"NAMEUNIT":"Escaldes-Engordany","COUNTRY":"Andorra","boundary_level":"admin1"},"geometry":{"type":"Polygon","coordinates":[[[1.653986,42.496529],[1.639517,42.466427],[1.572665,42.453075],[1.574942,42.48457],[1.499089,42.489032],[1.568993,42.538857],[1.59279,42.521753],[1.641128,42.518035],[1.653986,42.496529]]]}},{"type":"Feature","properties":{"NAMEUNIT":"Zelanda","COUNTRY":"Netherlands","boundary_level":"admin1"},"geometry":{"type":"MultiPolygon","coordinates":[[[[3.391658,51.24677],[3.353211,51.288602],[3.349415,51.375223],[3.525727,51.415595],[3.755544,51.350084],[3.833995,51.343248],[3.955821,51.371772],[3.984141,51.410468],[4.029063,51.404202],[4.07016,51.370551],[4.121918,51.359361],[4.156505,51.357571],[4.180024,51.377427],[4.221491,51.368001],[4.207939,51.330589],[4.168562,51.29687],[3.927026,51.206255],[3.808687,51.205325],[3.781402,51.219872],[3.776234,51.254521],[3.609526,51.290436],[3.514338,51.281031],[3.503383,51.273952],[3.501212,51.240284],[3.391658,51.24677]]],[[[4.261068,51.369379],[4.234711,51.419013],[4.20102,51.405341],[4.111095,51.406968],[4.015147,51.44892],[3.957042,51.455797],[3.90211,51.404934],[3.827159,51.391059],[3.689708,51.454291],[3.610037,51.445054],[3.535411,51.459215],[3.461925,51.518988],[3.447032,51.545966],[3.560395,51.594631],[3.851085,51.610785],[3.905772,51.569241],[3.871593,51.549384],[4.01588,51.530829],[4.05714,51.508368],[4.104828,51.445705],[4.263802,51.444457],[4.266644,51.38813],[4.281124,51.368947],[4.261068,51.369379]]],[[[4.230479,51.519558],[4.091319,51.535061],[3.988129,51.590277],[4.067719,51.610663],[4.157237,51.607896],[4.206812,51.590557],[4.24401,51.555303],[4.230479,51.519558]]],[[[4.118012,51.630683],[4.110919,51.646987],[4.130656,51.658305],[4.197784,51.637892],[4.186127,51.616807],[4.118012,51.630683]]],[[[4.089041,51.644029],[3.960297,51.623847],[3.901541,51.641995],[3.88559,51.668362],[3.809255,51.69953],[3.765391,51.678412],[3.700043,51.680609],[3.686697,51.692694],[3.689464,51.725043],[3.81422,51.748236],[3.961762,51.738105],[4.036632,51.685858],[4.097341,51.670233],[4.089041,51.644029]]]]}},{"type":"Feature","properties":{"NAMEUNIT":"Brabante Septentrional","COUNTRY":"Netherlands","boundary_level":"admin1"},"geometry":{"type":"Polygon","coordinates":[[[4.822682,51.413685],[4.823922,51.475645],[4.778654,51.495359],[4.731215,51.485618],[4.630136,51.418206],[4.540632,51.420067],[4.521512,51.428645],[4.533191,51.467583],[4.525232,51.475929],[4.483064,51.474327],[4.377128,51.442882],[4.38922,51.434588],[4.379918,51.409525],[4.416195,51.373971],[4.411234,51.356737],[4.345605,51.352293],[4.281124,51.368947],[4.262148,51.418877],[4.263802,51.444457],[4.283214,51.447699],[4.296723,51.470526],[4.288585,51.492133],[4.230479,51.519558],[4.24401,51.555303],[4.186127,51.616807],[4.197784,51.637892],[4.333678,51.656911],[4.372736,51.673547],[4.403113,51.708264],[4.544876,51.695968],[4.675554,51.719374],[4.790385,51.802678],[4.870328,51.808104],[4.908982,51.829912],[5.009286,51.825209],[5.012077,51.811463],[5.064994,51.783093],[5.100392,51.784798],[5.137341,51.769243],[5.126023,51.736739],[5.134912,51.734827],[5.31795,51.747436],[5.367507,51.775393],[5.381098,51.811618],[5.500833,51.835028],[5.534577,51.823917],[5.643201,51.823814],[5.661288,51.800198],[5.759938,51.762577],[5.882721,51.753275],[5.888199,51.728988],[5.959978,51.712399],[5.988916,51.665529],[5.98225,51.655865],[6.02602,51.620674],[6.049481,51.574527],[6.033772,51.557887],[5.999613,51.569979],[5.923597,51.556647],[5.837763,51.567034],[5.875952,51.446834],[5.934449,51.384874],[5.875022,51.354075],[5.675757,51.316351],[5.630024,51.272685],[5.615399,51.231964],[5.551407,51.216767],[5.535197,51.26204],[5.493235,51.286535],[5.389056,51.258707],[5.215423,51.258733],[5.214906,51.294338],[5.197336,51.308342],[5.122922,51.313381],[5.102561,51.350665],[5.068145,51.37454],[5.065251,51.405907],[5.079927,51.438541],[5.027527,51.476807],[5.012128,51.474327],[4.980192,51.430531],[4.931926,51.395624],[4.762117,51.413375],[4.779067,51.426423],[4.822682,51.413685]]]}},{"type":"Feature","properties":{"NAMEUNIT":"Baden-Wurtemberg","COUNTRY":"Germany","boundary_level":"admin1"},"geometry":{"type":"Polygon","coordinates":[[[9.547482,47.534547],[9.273211,47.65009],[9.196937,47.656136],[9.183398,47.670425],[9.016586,47.6789],[8.906205,47.651795],[8.852668,47.670786],[8.837682,47.687788],[8.856079,47.690682],[8.797581,47.720034],[8.77071,47.720861],[8.761718,47.70125],[8.769883,47.695074],[8.71707,47.694558],[8.70043,47.723496],[8.719757,47.747319],[8.713142,47.757422],[8.68193,47.75874],[8.644102,47.791012],[8.617437,47.757319],[8.601624,47.794603],[8.583124,47.800236],[8.5423,47.795017],[8.551602,47.779255],[8.536512,47.774088],[8.463648,47.763907],[8.437913,47.723186],[8.390991,47.692129],[8.391301,47.665464],[8.458274,47.639884],[8.568241,47.662932],[8.607309,47.656291],[8.601624,47.632598],[8.580334,47.639005],[8.580644,47.600171],[8.560697,47.589396],[8.522353,47.621901],[8.461788,47.606139],[8.448869,47.58428],[8.354094,47.581024],[8.306345,47.592187],[8.288569,47.615803],[8.232965,47.621952],[8.179015,47.615803],[8.087237,47.567382],[8.042279,47.560561],[7.912157,47.560561],[7.898205,47.587846],[7.819657,47.595339],[7.76674,47.555961],[7.683438,47.544257],[7.609747,47.564746],[7.635895,47.564591],[7.659666,47.596579],[7.586028,47.584619],[7.590317,47.607948],[7.517866,47.675024],[7.511872,47.707322],[7.537813,47.731816],[7.528615,47.797032],[7.542878,47.829433],[7.561998,47.839226],[7.557864,47.878526],[7.578948,47.906328],[7.584942,47.940408],[7.621116,47.97144],[7.618945,48.002652],[7.575744,48.053709],[7.572643,48.094972],[7.613364,48.179205],[7.687158,48.252921],[7.702454,48.311187],[7.75072,48.341366],[7.738318,48.406607],[7.776455,48.498178],[7.813455,48.519468],[7.801673,48.54758],[7.810252,48.615018],[7.852419,48.658685],[7.959183,48.721368],[7.970138,48.757283],[8.017267,48.761831],[8.038765,48.79077],[8.090338,48.807513],[8.179325,48.942698],[8.262576,48.988457],[8.357144,49.109561],[8.387323,49.231982],[8.479876,49.296991],[8.483441,49.309549],[8.459877,49.315026],[8.497756,49.37647],[8.490314,49.411222],[8.504577,49.431092],[8.442513,49.452176],[8.463597,49.472691],[8.408355,49.555218],[8.41683,49.579455],[8.474449,49.585759],[8.566175,49.527313],[8.616611,49.545038],[8.598886,49.609995],[8.675729,49.622501],[8.691697,49.602296],[8.691542,49.573693],[8.718104,49.541783],[8.764923,49.523799],[8.807607,49.523489],[8.828433,49.502819],[8.890496,49.506126],[8.876957,49.475482],[8.852308,49.484732],[8.829208,49.465508],[8.832619,49.435432],[8.810863,49.406597],[8.846261,49.396288],[8.891272,49.425201],[8.901349,49.446595],[8.914061,49.437655],[8.940313,49.447318],[8.927238,49.481528],[8.953645,49.502741],[9.035087,49.50132],[9.076377,49.518993],[9.126813,49.508167],[9.074981,49.572272],[9.099166,49.564882],[9.11069,49.575114],[9.25342,49.577568],[9.289594,49.610538],[9.293779,49.633276],[9.376617,49.650458],[9.404419,49.640071],[9.422867,49.651233],[9.424262,49.711178],[9.397132,49.718154],[9.368865,49.698414],[9.36654,49.721255],[9.313623,49.732107],[9.312331,49.765671],[9.328351,49.778357],[9.472528,49.795591],[9.601926,49.770838],[9.649262,49.783163],[9.646936,49.728851],[9.631898,49.696708],[9.673188,49.687975],[9.707449,49.721255],[9.7275,49.687303],[9.797159,49.719601],[9.832971,49.688673],[9.835658,49.649321],[9.882322,49.611184],[9.839224,49.548165],[9.863874,49.545038],[9.912915,49.579041],[9.912295,49.56235],[9.929813,49.550361],[9.936324,49.481735],[10.027895,49.483233],[10.065774,49.509226],[10.05735,49.527287],[10.085152,49.544315],[10.102671,49.536021],[10.09864,49.519458],[10.127527,49.511448],[10.120551,49.49207],[10.132023,49.472381],[10.112437,49.44215],[10.140394,49.432874],[10.171555,49.382051],[10.139619,49.383549],[10.121791,49.369545],[10.121791,49.33487],[10.154037,49.31668],[10.146751,49.29911],[10.159153,49.268931],[10.126752,49.267587],[10.161323,49.212139],[10.147681,49.203483],[10.218736,49.155088],[10.241732,49.160462],[10.263281,49.147595],[10.253979,49.110439],[10.22964,49.102972],[10.261421,49.091061],[10.25925,49.078839],[10.278319,49.066411],[10.274443,49.050185],[10.354231,49.03339],[10.367254,49.010807],[10.458824,48.93939],[10.467351,48.914999],[10.44482,48.906472],[10.455569,48.898928],[10.448076,48.849628],[10.459135,48.83056],[10.431643,48.755887],[10.471072,48.733744],[10.495101,48.699457],[10.438464,48.667572],[10.432108,48.677649],[10.444355,48.699302],[10.431023,48.705089],[10.371905,48.664498],[10.351131,48.68876],[10.293873,48.703022],[10.269482,48.669484],[10.332941,48.623286],[10.311082,48.604915],[10.323794,48.579464],[10.311392,48.539777],[10.319453,48.532645],[10.268242,48.528304],[10.250568,48.505153],[10.153417,48.465828],[10.130007,48.487842],[10.064068,48.471228],[10.040762,48.450015],[10.043863,48.436579],[9.980559,48.381337],[10.054095,48.304855],[10.139309,48.094429],[10.130162,48.034924],[10.085307,47.965961],[10.110267,47.933948],[10.106236,47.897749],[10.086082,47.865864],[10.103911,47.859921],[10.129542,47.816513],[10.079261,47.790003],[10.11714,47.762821],[10.127062,47.677297],[10.090113,47.679261],[10.075695,47.649702],[10.052699,47.679726],[9.953274,47.659468],[9.864649,47.674816],[9.715046,47.604847],[9.680009,47.611564],[9.61438,47.588878],[9.547482,47.534547]]]}},{"type":"Feature","properties":{"NAMEUNIT":"Schaffhausen","COUNTRY":"Switzerland","boundary_level":"admin1"},"geometry":{"type":"MultiPolygon","coordinates":[[[[8.576305,47.595023],[8.555943,47.560741],[8.529382,47.575443],[8.551719,47.596863],[8.576305,47.595023]]],[[[8.601624,47.794603],[8.617437,47.757319],[8.644102,47.791012],[8.68193,47.75874],[8.713142,47.757422],[8.719757,47.747319],[8.70043,47.723496],[8.71707,47.694558],[8.769883,47.695074],[8.761718,47.70125],[8.77071,47.720861],[8.797581,47.720034],[8.856079,47.690682],[8.837682,47.687788],[8.851935,47.671282],[8.800321,47.681793],[8.777687,47.655489],[8.70782,47.647221],[8.68162,47.664326],[8.683171,47.695539],[8.640021,47.696314],[8.593589,47.658169],[8.519666,47.657351],[8.476051,47.640401],[8.391301,47.665464],[8.392128,47.699519],[8.437913,47.723186],[8.463648,47.763907],[8.551602,47.779255],[8.5423,47.795017],[8.558216,47.801166],[8.601624,47.794603]]]]}},{"type":"Feature","properties":{"NAMEUNIT":"Turgovia","COUNTRY":"Switzerland","boundary_level":"admin1"},"geometry":{"type":"Polygon","coordinates":[[[8.800321,47.681793],[8.906205,47.651795],[9.016586,47.6789],[9.183398,47.670425],[9.196937,47.656136],[9.273211,47.65009],[9.547482,47.534547],[9.553059,47.516891],[9.459661,47.496378],[9.43837,47.516738],[9.380492,47.481417],[9.342975,47.507514],[9.335069,47.535445],[9.267993,47.520717],[9.299825,47.515756],[9.304941,47.50077],[9.289749,47.483407],[9.255745,47.477412],[9.199108,47.484957],[9.151462,47.507591],[9.113325,47.487851],[9.027646,47.495706],[9.000361,47.481857],[9.031211,47.460101],[9.030281,47.44049],[8.989147,47.433487],[8.932354,47.379951],[8.892512,47.408579],[8.911425,47.436433],[8.874322,47.479505],[8.888481,47.52821],[8.841766,47.544127],[8.827503,47.575649],[8.739343,47.610583],[8.754381,47.620014],[8.793345,47.607534],[8.808228,47.6219],[8.821715,47.641123],[8.804972,47.667427],[8.788539,47.662621],[8.800321,47.681793]]]}},{"type":"Feature","properties":{"NAMEUNIT":"Zúrich","COUNTRY":"Switzerland","boundary_level":"admin1"},"geometry":{"type":"Polygon","coordinates":[[[8.607309,47.656291],[8.593589,47.658169],[8.640021,47.696314],[8.683171,47.695539],[8.68162,47.664326],[8.70782,47.647221],[8.748645,47.646136],[8.804972,47.667427],[8.821715,47.641123],[8.793345,47.607534],[8.754381,47.620014],[8.739343,47.610583],[8.827503,47.575649],[8.835874,47.548778],[8.891117,47.524903],[8.874322,47.479505],[8.911425,47.436433],[8.892512,47.408579],[8.936695,47.37561],[8.969148,47.317267],[8.930029,47.274841],[8.861764,47.250475],[8.807607,47.253602],[8.775361,47.220581],[8.683171,47.191487],[8.674954,47.180945],[8.683481,47.165364],[8.631649,47.172186],[8.570826,47.217325],[8.474139,47.213449],[8.415952,47.226627],[8.382465,47.286106],[8.414867,47.295873],[8.445614,47.33277],[8.415952,47.326414],[8.401999,47.33892],[8.403549,47.36251],[8.370787,47.378297],[8.403549,47.41044],[8.357919,47.473769],[8.358074,47.516842],[8.4211,47.581112],[8.448869,47.58428],[8.461788,47.606139],[8.49238,47.619833],[8.537752,47.612134],[8.551719,47.596863],[8.529382,47.575443],[8.555943,47.560741],[8.580644,47.600171],[8.580334,47.639005],[8.601624,47.632598],[8.607309,47.656291]]]}},{"type":"Feature","properties":{"NAMEUNIT":"Argovia","COUNTRY":"Switzerland","boundary_level":"admin1"},"geometry":{"type":"Polygon","coordinates":[[[8.276993,47.61663],[8.316164,47.587846],[8.4211,47.581112],[8.358074,47.516842],[8.352648,47.487644],[8.403549,47.41044],[8.370787,47.378297],[8.403549,47.36251],[8.401999,47.33892],[8.415952,47.326414],[8.445614,47.33277],[8.414867,47.295873],[8.382465,47.286106],[8.407425,47.245514],[8.393007,47.219521],[8.405565,47.142317],[8.351408,47.15676],[8.288569,47.268071],[8.260612,47.282282],[8.243714,47.281094],[8.183511,47.223862],[8.159327,47.229934],[8.160412,47.242879],[8.089305,47.26125],[8.02042,47.243008],[7.982697,47.277399],[7.957117,47.276649],[7.954171,47.249829],[7.923269,47.240347],[7.839346,47.231846],[7.826324,47.247039],[7.822913,47.268976],[7.854539,47.308017],[7.901875,47.338299],[7.996856,47.334475],[8.029102,47.37915],[8.028017,47.398141],[7.997011,47.409923],[7.979131,47.44868],[7.942389,47.463356],[7.940219,47.483614],[7.900479,47.490435],[7.849423,47.545341],[7.829114,47.547486],[7.821363,47.529657],[7.782709,47.512837],[7.777748,47.532603],[7.72732,47.550423],[7.78555,47.563196],[7.819657,47.595339],[7.898205,47.587846],[7.912157,47.560561],[8.042279,47.560561],[8.087237,47.567382],[8.179015,47.615803],[8.276993,47.61663]]]}},{"type":"Feature","properties":{"NAMEUNIT":"Basilea-Ciudad","COUNTRY":"Switzerland","boundary_level":"admin1"},"geometry":{"type":"Polygon","coordinates":[[[7.646541,47.571542],[7.609747,47.564746],[7.646901,47.551445],[7.640392,47.529657],[7.611711,47.544023],[7.58887,47.534877],[7.520867,47.563416],[7.659666,47.596579],[7.646541,47.571542]]]}},{"type":"Feature","properties":{"NAMEUNIT":"Basilea-Campiña","COUNTRY":"Switzerland","boundary_level":"admin1"},"geometry":{"type":"MultiPolygon","coordinates":[[[[7.384232,47.413101],[7.342477,47.42726],[7.33693,47.431854],[7.388219,47.433289],[7.384232,47.413101]]],[[[7.730567,47.548778],[7.777748,47.532603],[7.782709,47.512837],[7.821363,47.529657],[7.829114,47.547486],[7.849423,47.545341],[7.900479,47.490435],[7.940219,47.483614],[7.942389,47.463356],[7.954946,47.457724],[7.944869,47.440567],[7.953706,47.422325],[7.882031,47.402378],[7.870507,47.384653],[7.805343,47.363595],[7.786119,47.338506],[7.713824,47.366205],[7.645198,47.372199],[7.637911,47.406461],[7.67548,47.414496],[7.713359,47.467336],[7.664318,47.491572],[7.614502,47.484079],[7.608146,47.472839],[7.626594,47.461806],[7.615122,47.439714],[7.516265,47.390338],[7.466294,47.397831],[7.426296,47.379331],[7.384232,47.413101],[7.455132,47.421447],[7.420563,47.450857],[7.429293,47.465114],[7.414307,47.490177],[7.445996,47.486884],[7.454202,47.452039],[7.533938,47.460824],[7.528977,47.493949],[7.485776,47.498768],[7.475595,47.511726],[7.501123,47.517307],[7.505154,47.533017],[7.482726,47.542267],[7.520867,47.563416],[7.58887,47.534877],[7.611711,47.544023],[7.640392,47.529657],[7.646901,47.551445],[7.730567,47.548778]]]]}},{"type":"Feature","properties":{"NAMEUNIT":"San Galo","COUNTRY":"Switzerland","boundary_level":"admin1"},"geometry":{"type":"Polygon","coordinates":[[[9.554951,47.5109],[9.58451,47.480721],[9.650346,47.452092],[9.649519,47.409717],[9.487358,47.210014],[9.484981,47.176346],[9.51237,47.10803],[9.475886,47.073226],[9.477179,47.059996],[9.531956,46.983334],[9.492837,46.953207],[9.474388,46.909721],[9.445708,46.88272],[9.260241,46.906905],[9.240863,46.92034],[9.230166,46.957909],[9.237762,46.992326],[9.218693,47.026742],[9.202364,47.038524],[9.157819,47.031238],[9.132239,47.041677],[9.169342,47.060642],[9.179884,47.12224],[9.074671,47.13627],[9.007027,47.174692],[8.985116,47.16893],[8.95194,47.195698],[8.95535,47.213914],[8.775361,47.220581],[8.807607,47.253602],[8.861764,47.250475],[8.920727,47.269105],[8.966047,47.313391],[8.960466,47.34649],[8.932354,47.379951],[8.989147,47.433487],[9.030281,47.44049],[9.031211,47.460101],[9.000361,47.481857],[9.027646,47.495706],[9.113325,47.487851],[9.151462,47.507591],[9.199108,47.484957],[9.255745,47.477412],[9.289749,47.483407],[9.304941,47.50077],[9.299825,47.515756],[9.266287,47.519425],[9.320909,47.535135],[9.335069,47.535445],[9.342975,47.507514],[9.380492,47.481417],[9.43837,47.516738],[9.459661,47.496378],[9.554951,47.5109]],[[9.488186,47.353389],[9.486636,47.393619],[9.540483,47.397236],[9.583167,47.415246],[9.583167,47.431756],[9.608437,47.449766],[9.522344,47.468111],[9.425658,47.433953],[9.40938,47.411835],[9.22598,47.400311],[9.186086,47.357704],[9.218022,47.336853],[9.201899,47.319257],[9.208255,47.290499],[9.196628,47.281094],[9.360339,47.241148],[9.403798,47.247039],[9.43775,47.260992],[9.471133,47.296442],[9.488186,47.353389]]]}},{"type":"Feature","properties":{"NAMEUNIT":"Vaduz","COUNTRY":"Liechtenstein","boundary_level":"admin1"},"geometry":{"type":"MultiPolygon","coordinates":[[[[9.568309,47.107377],[9.591665,47.111269],[9.597783,47.090694],[9.567753,47.088469],[9.568309,47.107377]]],[[[9.495534,47.155951],[9.508251,47.152977],[9.50547,47.169104],[9.54829,47.160762],[9.527158,47.130733],[9.511853,47.129372],[9.495534,47.155951]]]]}},{"type":"Feature","properties":{"NAMEUNIT":"Gamprin","COUNTRY":"Liechtenstein","boundary_level":"admin1"},"geometry":{"type":"Polygon","coordinates":[[[9.486434,47.196918],[9.497044,47.228934],[9.512699,47.224714],[9.509363,47.204694],[9.531051,47.194684],[9.499909,47.191904],[9.486434,47.196918]]]}},{"type":"Feature","properties":{"NAMEUNIT":"Soleura","COUNTRY":"Switzerland","boundary_level":"admin1"},"geometry":{"type":"MultiPolygon","coordinates":[[[[7.568872,47.323985],[7.564686,47.340573],[7.520606,47.36791],[7.437148,47.379279],[7.452651,47.395764],[7.506808,47.388581],[7.538331,47.409665],[7.576003,47.413437],[7.574763,47.428346],[7.615122,47.439714],[7.626594,47.461806],[7.608146,47.472839],[7.614502,47.484079],[7.656257,47.491959],[7.713359,47.467336],[7.67548,47.414496],[7.637911,47.406461],[7.653776,47.368065],[7.713824,47.366205],[7.786119,47.338506],[7.805343,47.363595],[7.870507,47.384653],[7.882031,47.402378],[7.947815,47.417132],[7.954946,47.457724],[7.979131,47.44868],[7.997011,47.409923],[8.028017,47.398141],[8.029102,47.37915],[7.996856,47.334475],[7.901875,47.338299],[7.857485,47.310653],[7.822913,47.268976],[7.731807,47.261534],[7.686332,47.294219],[7.583444,47.277554],[7.602875,47.247246],[7.655791,47.210168],[7.67269,47.172418],[7.637446,47.152523],[7.553369,47.164977],[7.468619,47.109425],[7.475441,47.091493],[7.464744,47.079711],[7.446295,47.075447],[7.436838,47.097978],[7.388263,47.096247],[7.37648,47.119941],[7.430017,47.121207],[7.444435,47.14981],[7.490995,47.164563],[7.475906,47.190918],[7.392603,47.161256],[7.348833,47.216576],[7.423764,47.239494],[7.442264,47.258769],[7.542827,47.297992],[7.568872,47.323985]]],[[[7.420819,47.450644],[7.455132,47.421447],[7.384232,47.413101],[7.388219,47.433289],[7.420819,47.450644]]],[[[7.485827,47.495784],[7.528977,47.493949],[7.533938,47.460824],[7.454202,47.452039],[7.445996,47.486884],[7.46743,47.481909],[7.485827,47.495784]]]]}},{"type":"Feature","properties":{"NAMEUNIT":"Jura","COUNTRY":"Switzerland","boundary_level":"admin1"},"geometry":{"type":"Polygon","coordinates":[[[7.018879,47.49767],[7.180833,47.488265],[7.162642,47.459895],[7.168327,47.443565],[7.23809,47.416797],[7.33693,47.431854],[7.411207,47.398296],[7.426296,47.379331],[7.528977,47.36375],[7.554454,47.344036],[7.536626,47.323882],[7.55895,47.320652],[7.496576,47.306622],[7.387177,47.312616],[7.369039,47.324709],[7.319223,47.294736],[7.278243,47.286261],[7.174891,47.297113],[7.154737,47.247504],[7.067817,47.242336],[7.040222,47.209367],[6.993506,47.184355],[6.960433,47.183529],[6.894029,47.154306],[6.838076,47.168132],[6.888344,47.211305],[6.956247,47.245231],[6.958624,47.290551],[7.044303,47.340497],[7.003996,47.368143],[6.86664,47.354165],[6.884003,47.382587],[6.924517,47.405996],[6.926068,47.424858],[6.990973,47.452221],[6.9733,47.489092],[7.018879,47.49767]]]}},{"type":"Feature","properties":{"NAMEUNIT":"Bourgogne-Franche-Comté","COUNTRY":"France","boundary_level":"admin1"},"geometry":{"type":"Polygon","coordinates":[[[6.924517,47.405996],[6.884003,47.382587],[6.86664,47.354165],[7.003996,47.368143],[7.044303,47.340497],[6.958624,47.290551],[6.956247,47.245231],[6.888344,47.211305],[6.774759,47.128184],[6.744787,47.121053],[6.746027,47.103948],[6.6897,47.07829],[6.676264,47.0624],[6.688253,47.043848],[6.665412,47.021291],[6.598698,46.986539],[6.442635,46.944164],[6.427752,46.909076],[6.446769,46.857709],[6.417107,46.802157],[6.432609,46.785983],[6.429199,46.760816],[6.266315,46.680356],[6.131853,46.595607],[6.121517,46.570285],[6.145702,46.55163],[6.064157,46.471118],[6.059013,46.417386],[5.880923,46.275474],[5.721687,46.273606],[5.697824,46.312113],[5.647859,46.34404],[5.552717,46.27966],[5.50987,46.260686],[5.48258,46.266169],[5.46988,46.276869],[5.473901,46.315519],[5.382956,46.352334],[5.363884,46.391402],[5.311281,46.419856],[5.310974,46.455353],[5.240376,46.468712],[5.15532,46.511219],[5.041435,46.490905],[4.959983,46.509516],[4.937614,46.501606],[4.872751,46.337591],[4.815183,46.250557],[4.797824,46.171752],[4.720217,46.188649],[4.704089,46.247459],[4.677414,46.261313],[4.67302,46.288185],[4.638149,46.299193],[4.622944,46.292602],[4.614221,46.267256],[4.591589,46.262444],[4.554323,46.288669],[4.49893,46.275034],[4.414226,46.293459],[4.383947,46.224772],[4.354328,46.196867],[4.300012,46.173982],[4.075341,46.19356],[3.99167,46.176355],[3.897671,46.213203],[3.886465,46.276199],[3.999734,46.326341],[3.978947,46.388172],[3.989494,46.427239],[3.976794,46.466856],[3.74094,46.54933],[3.740017,46.615446],[3.657883,46.685934],[3.62488,46.739262],[3.596755,46.742887],[3.559863,46.681386],[3.470456,46.649965],[3.43352,46.705775],[3.397243,46.709632],[3.35844,46.684649],[3.285512,46.702425],[3.204192,46.687275],[3.14737,46.724639],[3.071059,46.739163],[3.032871,46.768518],[3.0352,46.81487],[3.073235,46.870318],[3.054162,46.913263],[3.075564,46.973952],[3.068423,47.045506],[3.031618,47.075839],[3.033486,47.12219],[2.976862,47.260453],[2.875041,47.337116],[2.923007,47.408681],[2.93184,47.447781],[2.855969,47.536375],[2.899914,47.559886],[2.96926,47.567587],[2.925007,47.619003],[2.934323,47.648644],[2.914636,47.67745],[2.836897,47.71587],[2.830876,47.730108],[2.850871,47.759441],[2.918195,47.765044],[2.992353,47.792378],[3.012107,47.847233],[2.994572,47.907262],[3.085012,47.948758],[3.117927,48.000844],[3.107995,48.032364],[3.04511,48.076397],[3.022653,48.131845],[2.925644,48.155927],[2.940564,48.199543],[3.002329,48.229305],[3.027905,48.262044],[3.012414,48.307648],[3.031794,48.354494],[3.130627,48.372347],[3.346355,48.371468],[3.395376,48.411744],[3.412888,48.402054],[3.421281,48.369809],[3.461623,48.368183],[3.509743,48.347441],[3.599875,48.26724],[3.613235,48.217209],[3.581572,48.180965],[3.665793,48.143886],[3.697632,48.145896],[3.708178,48.160519],[3.733183,48.157212],[3.858713,48.015258],[3.831687,47.993813],[3.858713,47.982607],[3.89844,47.986353],[3.916281,47.933772],[4.037614,47.922654],[4.067893,47.938211],[4.127483,47.933146],[4.161738,47.954097],[4.203025,47.939145],[4.21823,47.972422],[4.255495,47.934541],[4.28841,47.924258],[4.325918,47.946044],[4.541777,47.965292],[4.583217,48.010743],[4.659221,48.008699],[4.698508,48.022026],[4.804812,47.99133],[4.800769,47.96638],[4.860666,47.943847],[4.843879,47.917029],[4.848889,47.900253],[4.86438,47.895628],[4.894614,47.910976],[4.967893,47.842146],[4.989448,47.800805],[4.940559,47.786665],[4.931572,47.773438],[4.954511,47.750993],[4.971452,47.693424],[4.991447,47.68613],[5.033679,47.703807],[5.069692,47.667035],[5.109375,47.648337],[5.137961,47.650534],[5.179358,47.676571],[5.203593,47.646315],[5.263491,47.618959],[5.283794,47.588307],[5.330508,47.608566],[5.365598,47.596679],[5.406885,47.658697],[5.433406,47.674143],[5.501345,47.6819],[5.576338,47.656884],[5.692397,47.685668],[5.704175,47.705509],[5.704328,47.801134],[5.821025,47.863482],[5.860752,47.90111],[5.892085,47.909064],[5.891755,47.93263],[5.922209,47.944099],[5.955058,47.979651],[5.966594,47.974982],[5.970923,47.940902],[6.070986,48.00436],[6.099397,48.008699],[6.166897,47.99211],[6.186123,47.952834],[6.243845,47.932212],[6.37344,47.95302],[6.518349,47.900802],[6.576533,47.908031],[6.624631,47.940331],[6.68499,47.895573],[6.841743,47.821217],[6.868923,47.818998],[6.882722,47.791038],[7.050307,47.715584],[7.057888,47.666442],[7.023435,47.605984],[7.079751,47.590922],[7.134221,47.549712],[7.150547,47.507975],[7.142169,47.487651],[7.009784,47.499247],[6.9733,47.489092],[6.990973,47.452221],[6.926068,47.424858],[6.924517,47.405996]]]}},{"type":"Feature","properties":{"NAMEUNIT":"Ginebra","COUNTRY":"Switzerland","boundary_level":"admin1"},"geometry":{"type":"Polygon","coordinates":[[[5.95853,46.211961],[6.094026,46.253044],[6.100743,46.301413],[6.118607,46.331771],[6.174176,46.300017],[6.216594,46.309504],[6.237583,46.267926],[6.27603,46.26312],[6.281198,46.240073],[6.107875,46.138632],[6.028293,46.147934],[5.95884,46.130467],[5.982921,46.170826],[5.954809,46.19992],[5.95853,46.211961]]]}},{"type":"Feature","properties":{"NAMEUNIT":"Vaud","COUNTRY":"Switzerland","boundary_level":"admin1"},"geometry":{"type":"MultiPolygon","coordinates":[[[[6.135057,46.370401],[6.108185,46.396497],[6.054235,46.419416],[6.067567,46.433601],[6.064157,46.471118],[6.145702,46.55163],[6.118417,46.583463],[6.266315,46.680356],[6.417933,46.751101],[6.433023,46.76911],[6.417107,46.802157],[6.443118,46.851455],[6.521752,46.85652],[6.725512,46.93897],[6.770988,46.819106],[6.797963,46.800322],[6.793467,46.790374],[6.835531,46.780246],[6.918524,46.786188],[6.930048,46.804947],[6.911237,46.808435],[6.929893,46.855409],[6.901005,46.866907],[6.924001,46.871765],[6.875116,46.907163],[6.907362,46.925456],[6.96648,46.872695],[6.984515,46.881402],[6.98777,46.849647],[7.001413,46.844376],[6.973301,46.819158],[6.96927,46.795128],[6.921366,46.760609],[6.94369,46.749343],[6.93997,46.741023],[6.87217,46.66431],[6.809176,46.651365],[6.807006,46.580671],[6.859871,46.583074],[6.904726,46.569251],[6.866589,46.537056],[6.82809,46.542896],[6.819563,46.530959],[6.837857,46.506361],[6.919196,46.518918],[6.974696,46.490444],[7.000328,46.444504],[7.155202,46.5276],[7.242535,46.556073],[7.253852,46.538607],[7.235094,46.462642],[7.203158,46.437218],[7.211684,46.409209],[7.200367,46.384663],[7.233233,46.364147],[7.227807,46.331436],[7.198455,46.308853],[7.195975,46.284927],[7.17024,46.257022],[7.044873,46.189868],[6.940125,46.307613],[6.931029,46.33433],[6.894494,46.348076],[6.894494,46.374767],[6.866589,46.402698],[6.788107,46.405008],[6.762667,46.42926],[6.613684,46.455899],[6.482942,46.448587],[6.397676,46.408176],[6.301558,46.394482],[6.219496,46.329111],[6.216594,46.309504],[6.174176,46.300017],[6.118607,46.331771],[6.135057,46.370401]],[[6.772745,46.718854],[6.786801,46.751927],[6.756208,46.735391],[6.772745,46.718854]],[[6.877751,46.734564],[6.8885,46.751927],[6.859561,46.773424],[6.797549,46.73043],[6.877751,46.734564]]],[[[7.069367,46.944577],[7.106936,46.900858],[7.084405,46.894967],[7.067507,46.86577],[7.041462,46.852386],[6.945861,46.947186],[7.021102,46.989664],[7.062391,46.978218],[7.069367,46.944577]]]]}},{"type":"Feature","properties":{"NAMEUNIT":"Neuchâtel","COUNTRY":"Switzerland","boundary_level":"admin1"},"geometry":{"type":"Polygon","coordinates":[[[6.446769,46.857709],[6.427752,46.909076],[6.442635,46.944164],[6.598698,46.986539],[6.665412,47.021291],[6.688253,47.043848],[6.676264,47.0624],[6.6897,47.07829],[6.746027,47.103948],[6.744787,47.121053],[6.838076,47.168132],[6.887828,47.13826],[6.877286,47.089736],[7.039137,47.123351],[7.039757,47.109631],[7.094224,47.087049],[7.091123,47.05656],[7.043787,47.035889],[7.021102,46.989664],[6.766027,46.84528],[6.725512,46.93897],[6.521752,46.85652],[6.446769,46.857709]]]}},{"type":"Feature","properties":{"NAMEUNIT":"Extremadura","COUNTRY":"Spain","boundary_level":"admin1"},"geometry":{"type":"Polygon","coordinates":[[[-7.275856,38.60382],[-7.292961,38.656272],[-7.27043,38.737507],[-7.151006,38.819285],[-7.104859,38.827192],[-7.056076,38.855149],[-7.0522,38.884992],[-7.06605,38.904603],[-6.97882,39.003822],[-6.979388,39.047178],[-6.999697,39.084696],[-7.038816,39.109138],[-7.091268,39.112446],[-7.127286,39.097485],[-7.157207,39.105444],[-7.168886,39.121851],[-7.155812,39.151513],[-7.168059,39.170633],[-7.244127,39.195645],[-7.265779,39.231353],[-7.250845,39.270627],[-7.326654,39.341321],[-7.331925,39.384729],[-7.313528,39.457438],[-7.399414,39.493663],[-7.417553,39.524204],[-7.451349,39.537846],[-7.515841,39.59376],[-7.557286,39.679801],[-7.341433,39.671843],[-7.235755,39.686519],[-7.18289,39.675099],[-7.021143,39.694012],[-6.993031,39.774214],[-7.000266,39.802533],[-6.92766,39.861909],[-6.925231,39.917926],[-6.879705,40.009187],[-6.955721,40.102928],[-7.015769,40.119051],[-7.027654,40.132642],[-7.043105,40.181373],[-7.015769,40.225504],[-6.954687,40.253358],[-6.896448,40.255477],[-6.874509,40.279188],[-6.814695,40.244417],[-6.717646,40.258938],[-6.688578,40.24974],[-6.571015,40.276534],[-6.553186,40.293872],[-6.557966,40.32157],[-6.546882,40.333637],[-6.372396,40.405441],[-6.333484,40.441589],[-6.236694,40.479442],[-6.20667,40.477555],[-6.069133,40.40017],[-6.093163,40.353687],[-5.92555,40.281495],[-5.896456,40.289996],[-5.875062,40.321673],[-5.804162,40.342964],[-5.78158,40.323353],[-5.791811,40.296042],[-5.783647,40.286146],[-5.727733,40.293975],[-5.686908,40.281495],[-5.603813,40.219406],[-5.539811,40.197443],[-5.4863,40.201345],[-5.423591,40.243125],[-5.354603,40.255166],[-5.361502,40.164836],[-5.327964,40.115898],[-5.365042,40.093264],[-5.390596,39.893586],[-5.386151,39.881029],[-5.321504,39.887488],[-5.28931,39.861702],[-5.314347,39.793437],[-5.30812,39.758297],[-5.260268,39.752251],[-5.208746,39.792739],[-5.168129,39.792894],[-5.165364,39.747187],[-5.140585,39.712357],[-5.15738,39.649673],[-5.196447,39.587661],[-5.079245,39.492835],[-5.039248,39.478107],[-4.966487,39.406225],[-4.880136,39.366874],[-4.767016,39.404649],[-4.692731,39.449815],[-4.677874,39.417594],[-4.710947,39.344136],[-4.749394,39.324577],[-4.75619,39.306154],[-4.715676,39.232076],[-4.658392,39.17394],[-4.727329,39.196497],[-4.806781,39.198796],[-4.847037,39.165491],[-4.867398,39.10614],[-4.863987,39.08162],[-4.833627,39.062887],[-4.834712,39.047591],[-4.877294,39.032605],[-4.928583,39.051518],[-4.954137,39.045576],[-4.920624,38.964134],[-4.840061,38.939639],[-4.845719,38.892045],[-4.904682,38.885999],[-4.927342,38.870315],[-4.990775,38.739315],[-5.170454,38.713813],[-5.180815,38.666038],[-5.255772,38.634386],[-5.306828,38.5855],[-5.362406,38.583873],[-5.419638,38.515841],[-5.488212,38.464629],[-5.56937,38.425329],[-5.567122,38.336291],[-5.522939,38.270739],[-5.517823,38.237615],[-5.538209,38.162374],[-5.581049,38.135089],[-5.62345,38.136897],[-5.710886,38.088683],[-5.728249,38.095401],[-5.734657,38.12341],[-5.691714,38.153847],[-5.71378,38.179995],[-5.740393,38.190202],[-5.83708,38.174259],[-5.915396,38.114082],[-5.92276,38.092791],[-5.91369,38.059589],[-5.941079,38.018274],[-5.975986,37.998637],[-6.114092,37.978587],[-6.18326,37.938977],[-6.356273,38.000006],[-6.372422,38.031167],[-6.423969,38.056799],[-6.449575,38.051399],[-6.484792,38.016388],[-6.571712,38.023855],[-6.584399,38.056825],[-6.617342,38.086771],[-6.748833,38.093644],[-6.801905,38.108682],[-6.813144,38.118811],[-6.792371,38.158317],[-6.7979,38.172942],[-6.933809,38.209296],[-6.950576,38.198386],[-7.026414,38.199633],[-7.063053,38.177542],[-7.103515,38.173588],[-7.126873,38.1909],[-7.167181,38.272084],[-7.317146,38.424581],[-7.35921,38.446362],[-7.335181,38.469436],[-7.345619,38.494137],[-7.317714,38.556252],[-7.275856,38.60382]]]}},{"type":"Feature","properties":{"NAMEUNIT":"Alentejo","COUNTRY":"Portugal","boundary_level":"admin1"},"geometry":{"type":"Polygon","coordinates":[[[-6.947504,38.196636],[-7.023985,38.022564],[-7.123256,38.040005],[-7.159739,37.996803],[-7.223301,37.993832],[-7.272704,37.977011],[-7.268621,37.949235],[-7.306862,37.850766],[-7.334405,37.811931],[-7.444011,37.730153],[-7.471606,37.636903],[-7.514343,37.601401],[-7.529691,37.567165],[-7.514613,37.528334],[-7.568447,37.524428],[-7.619659,37.494482],[-7.707328,37.500399],[-7.745732242130483,37.4875],[-8.798346820311044,37.4875],[-8.801305,37.559065],[-8.826527,37.600572],[-8.799306,37.697577],[-8.757639,37.706732],[-8.752187,37.734565],[-8.808705,37.722886],[-8.817006,37.740302],[-8.801369,37.826759],[-8.781086,37.81007],[-8.734113,37.813454],[-8.683547,37.757541],[-8.664168,37.770511],[-8.61257,37.754362],[-8.589961,37.765886],[-8.548982,37.839499],[-8.521671,37.853013],[-8.432477,37.866552],[-8.328556,37.846734],[-8.299462,37.90872],[-8.293364,37.981532],[-8.309487,38.01277],[-8.35982,38.028971],[-8.394082,38.055093],[-8.401342,38.075997],[-8.391188,38.101654],[-8.362921,38.107338],[-8.335015,38.150023],[-8.295741,38.14439],[-8.277267,38.180564],[-8.241662,38.179375],[-8.222723,38.20157],[-8.135079,38.223249],[-8.130093,38.250715],[-8.162132,38.317558],[-8.30835,38.377038],[-8.288558,38.424838],[-8.320029,38.44786],[-8.330855,38.500079],[-8.368502,38.535736],[-8.461881,38.519096],[-8.508648,38.542557],[-8.516555,38.519406],[-8.638124,38.55036],[-8.651585,38.606171],[-8.615463,38.642293],[-8.531748,38.688259],[-8.496298,38.747713],[-8.50485,38.76089],[-8.593217,38.772466],[-8.606007,38.791948],[-8.602674,38.828121],[-8.64373,38.815305],[-8.703158,38.8344],[-8.74698,38.753656],[-8.778968,38.733863],[-8.830773,38.754896],[-8.901312,38.740581],[-8.919424,38.750142],[-8.930586,38.800604],[-8.955753,38.840911],[-8.840463,39.016068],[-8.854364,39.03139],[-8.817312,39.039685],[-8.765126,39.097724],[-8.791754,39.082415],[-8.902707,39.171511],[-8.888108,39.185748],[-8.816588,39.200915],[-8.874647,39.254245],[-8.914851,39.244788],[-8.984097,39.260395],[-8.998722,39.361422],[-8.976863,39.390335],[-8.948931,39.398448],[-8.894516,39.47064],[-8.751114,39.479554],[-8.733105,39.498416],[-8.742277,39.528079],[-8.704321,39.531541],[-8.678509,39.557302],[-8.694606,39.641767],[-8.644402,39.67887],[-8.673987,39.720883],[-8.6767,39.758142],[-8.665822,39.773309],[-8.589522,39.787003],[-8.470769,39.83731],[-8.442916,39.742277],[-8.324267,39.768684],[-8.328297,39.800207],[-8.279102,39.794781],[-8.273236,39.779381],[-8.228717,39.756592],[-8.233316,39.695045],[-8.22019,39.646495],[-8.139472,39.616161],[-8.061544,39.624223],[-8.070949,39.662334],[-8.041881,39.743931],[-7.96496,39.73773],[-7.950259,39.666158],[-7.866801,39.635927],[-7.804712,39.557121],[-7.695468,39.652696],[-7.638856,39.642232],[-7.586017,39.674788],[-7.555872,39.677207],[-7.515841,39.59376],[-7.468092,39.550249],[-7.417553,39.524204],[-7.38417,39.483999],[-7.313528,39.457438],[-7.331925,39.384729],[-7.326654,39.341321],[-7.250845,39.270627],[-7.265779,39.231353],[-7.244127,39.195645],[-7.168059,39.170633],[-7.155812,39.151513],[-7.167491,39.113479],[-7.127286,39.097485],[-7.091268,39.112446],[-7.038816,39.109138],[-6.985693,39.066764],[-6.986313,39.030074],[-6.973291,39.013951],[-7.022125,38.94287],[-7.06605,38.904603],[-7.0522,38.884992],[-7.056076,38.855149],[-7.104859,38.827192],[-7.151006,38.819285],[-7.280714,38.720428],[-7.292496,38.646118],[-7.27043,38.617696],[-7.317714,38.556252],[-7.345619,38.494137],[-7.335181,38.469436],[-7.35921,38.446362],[-7.317146,38.424581],[-7.167181,38.272084],[-7.126873,38.1909],[-7.088322,38.173382],[-7.026414,38.199633],[-6.964196,38.206145],[-6.947504,38.196636]]]}},{"type":"Feature","properties":{"NAMEUNIT":"Pomurska","COUNTRY":"Slovenia","boundary_level":"admin1"},"geometry":{"type":"MultiPolygon","coordinates":[[[[16.007426,46.524396],[15.968514,46.56615],[15.978281,46.585968],[15.916373,46.610799],[15.913272,46.624079],[15.9311,46.638265],[15.888106,46.645887],[15.888571,46.662785],[15.78461,46.7122],[15.850743,46.724488],[15.997917,46.686919],[16.0125,46.6742990360891],[16.007426,46.524396]]],[[[16.0125,46.69653986445944],[15.982001,46.718545],[15.970529,46.743014],[15.971976,46.820632],[16.0125,46.834240943170414],[16.0125,46.69653986445944]]]]}},{"type":"Feature","properties":{"NAMEUNIT":"Estiria","COUNTRY":"Austria","boundary_level":"admin1"},"geometry":{"type":"Polygon","coordinates":[[[16.0125,46.834240943170414],[15.971976,46.820632],[15.970529,46.743014],[16.0125,46.69653986445944],[16.0125,46.6742990360891],[15.986962,46.69219],[15.850743,46.724488],[15.728683,46.70299],[15.635975,46.717563],[15.626984,46.680873],[15.545955,46.671881],[15.511228,46.628369],[15.462653,46.614649],[15.388135,46.645578],[15.105591,46.646323],[15.034669,46.703299],[15.022577,46.727174],[14.986869,46.842206],[15.008314,46.911245],[14.929611,46.993618],[14.865222,47.039558],[14.616038,47.016795],[14.496563,47.02297],[14.394605,46.998165],[14.200612,47.056715],[14.165265,47.057102],[14.026669,47.017544],[13.978868,46.972999],[13.843889,46.922692],[13.782291,46.954189],[13.863733,47.042323],[13.880218,47.072734],[13.879908,47.105368],[13.939336,47.160843],[13.868694,47.212777],[13.809886,47.296235],[13.796709,47.302126],[13.694131,47.274479],[13.630672,47.30564],[13.57481,47.409871],[13.566593,47.453124],[13.581786,47.486404],[13.674442,47.474208],[13.728444,47.501209],[13.730304,47.546039],[13.678008,47.607973],[13.687155,47.663964],[13.82327,47.720498],[13.952668,47.694505],[13.996748,47.698588],[14.042068,47.662414],[14.059742,47.626034],[14.185729,47.659107],[14.273114,47.624587],[14.322775,47.620556],[14.46597,47.671147],[14.49155,47.695435],[14.635572,47.734296],[14.699341,47.768919],[14.734119,47.750161],[14.838247,47.750522],[14.904186,47.722824],[14.994465,47.748714],[15.176366,47.776025],[15.229748,47.819304],[15.359301,47.824084],[15.538669,47.747422],[15.606159,47.743494],[15.652719,47.710938],[15.714318,47.701921],[15.743205,47.636731],[15.817515,47.643966],[15.831933,47.623192],[15.827902,47.58893],[15.892291,47.57198],[15.916683,47.533223],[16.0125,47.518466955756544],[16.0125,46.91459317304726],[16.002982,46.876906],[16.0125,46.834240943170414]]]}},{"type":"Feature","properties":{"NAMEUNIT":"Podravska","COUNTRY":"Slovenia","boundary_level":"admin1"},"geometry":{"type":"Polygon","coordinates":[[[15.587865,46.284049],[15.552467,46.277744],[15.555103,46.308647],[15.532313,46.349962],[15.453765,46.359961],[15.409117,46.38089],[15.422759,46.424608],[15.352479,46.452565],[15.335064,46.477396],[15.315686,46.482176],[15.329173,46.524757],[15.371393,46.587338],[15.435937,46.57478],[15.435381,46.627195],[15.462653,46.614649],[15.492625,46.618293],[15.545955,46.671881],[15.626984,46.680873],[15.635975,46.717563],[15.728683,46.70299],[15.78461,46.7122],[15.888571,46.662785],[15.888106,46.645887],[15.9311,46.638265],[15.913272,46.624079],[15.916373,46.610799],[15.978281,46.585968],[15.968514,46.56615],[16.0125,46.519250911370854],[16.0125,46.29647600125156],[15.799526,46.248607],[15.587865,46.284049]]]}},{"type":"Feature","properties":{"NAMEUNIT":"Koroška","COUNTRY":"Slovenia","boundary_level":"admin1"},"geometry":{"type":"Polygon","coordinates":[[[14.796663,46.519401],[14.85039,46.601136],[14.933589,46.621135],[14.967179,46.600257],[15.004386,46.636844],[15.061954,46.649557],[15.204891,46.638963],[15.388135,46.645578],[15.441208,46.619584],[15.435937,46.57478],[15.371393,46.587338],[15.31212,46.49246],[15.324832,46.451248],[15.273466,46.443289],[15.232487,46.392517],[15.190319,46.388435],[15.175849,46.394016],[15.175539,46.409106],[15.111925,46.430758],[15.089291,46.426469],[14.956328,46.459852],[14.955863,46.447243],[14.891732,46.423549],[14.775667,46.431895],[14.754583,46.421456],[14.72213,46.447992],[14.672546,46.459791],[14.709727,46.492512],[14.760887,46.496284],[14.796663,46.519401]]]}},{"type":"Feature","properties":{"NAMEUNIT":"Savinjska","COUNTRY":"Slovenia","boundary_level":"admin1"},"geometry":{"type":"Polygon","coordinates":[[[15.071463,46.064708],[15.106344,46.093518],[15.163447,46.092484],[15.142208,46.106385],[15.173214,46.102251],[15.188458,46.116204],[15.110995,46.18731],[14.999891,46.198989],[14.937363,46.191858],[14.910077,46.210539],[14.930076,46.218781],[14.854835,46.252862],[14.714069,46.263068],[14.705697,46.286917],[14.680117,46.290611],[14.646734,46.333865],[14.639913,46.366369],[14.568703,46.368798],[14.562108,46.391737],[14.575368,46.419726],[14.666629,46.460524],[14.72213,46.447992],[14.754583,46.421456],[14.775667,46.431895],[14.891732,46.423549],[14.955863,46.447243],[14.956328,46.459852],[15.089291,46.426469],[15.111925,46.430758],[15.175539,46.409106],[15.175849,46.394016],[15.190319,46.388435],[15.232487,46.392517],[15.273466,46.443289],[15.324832,46.451248],[15.315686,46.482176],[15.335064,46.477396],[15.352479,46.452565],[15.422759,46.424608],[15.409117,46.38089],[15.453765,46.359961],[15.502961,46.359548],[15.540995,46.344717],[15.557893,46.293454],[15.552467,46.277744],[15.608949,46.283842],[15.799526,46.248607],[15.749767,46.210772],[15.661297,46.21532],[15.62285,46.191704],[15.589983,46.138684],[15.58988,46.113517],[15.631531,46.070574],[15.69288,46.041636],[15.597632,45.994454],[15.564714,45.999983],[15.548436,46.044115],[15.492574,46.067679],[15.368447,46.072124],[15.287109,46.059101],[15.253932,46.083337],[15.193884,46.082175],[15.204581,46.053003],[15.24029,46.033676],[15.220704,46.02949],[15.094097,46.040291],[15.071463,46.064708]]]}},{"type":"Feature","properties":{"NAMEUNIT":"Sisak-Moslavina","COUNTRY":"Croatia","boundary_level":"admin1"},"geometry":{"type":"Polygon","coordinates":[[[16.008459,45.218171],[15.878855,45.217241],[15.824801,45.210988],[15.802569,45.196473],[15.761653,45.209954],[15.704861,45.200859],[15.639387,45.210677],[15.63117,45.239461],[15.661556,45.26809],[15.661866,45.335218],[15.680676,45.350565],[15.665122,45.376559],[15.67246,45.40219],[15.657525,45.418727],[15.716023,45.420794],[15.786355,45.393354],[15.820926,45.402139],[15.842527,45.465907],[15.812865,45.523423],[15.854309,45.549881],[15.922884,45.511279],[15.935906,45.474796],[15.977816,45.472729],[16.0125,45.48580550768837],[16.008459,45.218171]]]}},{"type":"Feature","properties":{"NAMEUNIT":"Federacija Bosna i Hercegovina","COUNTRY":"Bosnia and Herzegovina","boundary_level":"admin1"},"geometry":{"type":"MultiPolygon","coordinates":[[[[16.006082,44.541003],[16.0125,44.55409228835137],[16.0125,44.5360685013371],[16.006082,44.541003]]],[[[16.0125,44.62931327567545],[15.955646,44.653193],[15.937352,44.688953],[15.905416,44.690141],[15.888776,44.724248],[15.856427,44.703577],[15.805681,44.696653],[15.717314,44.786466],[15.716074,44.80321],[15.76868,44.827342],[15.773435,44.845016],[15.734264,44.902118],[15.730853,44.927233],[15.76744,44.993224],[15.755968,45.042213],[15.78377,45.100917],[15.780979,45.167993],[15.824801,45.210988],[16.0125,45.216742881141045],[16.0125,44.62931327567545]]]]}},{"type":"Feature","properties":{"NAMEUNIT":"Karlovac","COUNTRY":"Croatia","boundary_level":"admin1"},"geometry":{"type":"Polygon","coordinates":[[[15.802569,45.196473],[15.780049,45.160294],[15.78377,45.100917],[15.755968,45.042213],[15.763616,44.97555],[15.734108,44.93444],[15.711372,44.929661],[15.660316,44.948058],[15.618303,44.928782],[15.552467,44.949143],[15.532778,44.927491],[15.566781,44.878553],[15.511849,44.918344],[15.464204,44.924183],[15.376509,45.026296],[15.24246,45.084742],[15.194194,45.125773],[15.159106,45.106601],[15.125465,45.105257],[15.008004,45.124068],[14.968885,45.15311],[14.981287,45.16944],[14.986248,45.241063],[14.97059,45.273516],[14.994052,45.311808],[15.029243,45.328551],[15.122364,45.293308],[15.142053,45.315115],[15.180862,45.32912],[15.185513,45.34917],[15.221014,45.374802],[15.234399,45.413249],[15.225849,45.43645],[15.325193,45.452834],[15.361367,45.482031],[15.296668,45.522959],[15.268556,45.601662],[15.297391,45.625692],[15.373769,45.640213],[15.350034,45.669619],[15.382865,45.690441],[15.420899,45.695299],[15.51309,45.647292],[15.51371,45.632357],[15.568022,45.602023],[15.612205,45.624089],[15.72672,45.588742],[15.745995,45.596907],[15.752352,45.57634],[15.740879,45.554222],[15.784029,45.520633],[15.812865,45.523423],[15.842527,45.465907],[15.820926,45.402139],[15.786355,45.393354],[15.716023,45.420794],[15.657525,45.418727],[15.67246,45.40219],[15.665122,45.376559],[15.680676,45.350565],[15.661866,45.335218],[15.661556,45.26809],[15.63055,45.23574],[15.639387,45.210677],[15.704861,45.200859],[15.761653,45.209954],[15.802569,45.196473]]]}},{"type":"Feature","properties":{"NAMEUNIT":"Zadar","COUNTRY":"Croatia","boundary_level":"admin1"},"geometry":{"type":"MultiPolygon","coordinates":[[[[15.261241,44.011054],[15.384044,43.97016],[15.391612,43.942206],[15.426768,43.922065],[15.446056,43.887519],[15.358653,43.919379],[15.356781,43.93537],[15.309581,43.958441],[15.261241,44.011054]]],[[[15.195486,43.895209],[15.133311,43.92121],[15.196788,43.886379],[15.194509,43.872626],[15.106619,43.925442],[15.042817,43.990424],[15.003103,44.052314],[14.870128,44.140815],[14.84962,44.175605],[14.939138,44.127143],[14.954438,44.103217],[15.007335,44.093004],[15.000499,44.079413],[15.022716,44.072211],[15.041352,44.026435],[15.220225,43.90119],[15.195486,43.895209]]],[[[15.212738,44.045233],[15.199067,44.058824],[15.189138,44.047797],[15.121837,44.092231],[15.068696,44.133979],[15.075531,44.140815],[15.062511,44.161933],[15.225759,44.06623],[15.247081,44.046698],[15.254405,44.01789],[15.223318,44.050279],[15.212738,44.045233]]],[[[14.869151,44.14053],[14.835216,44.141669],[14.819835,44.153022],[14.822439,44.168687],[14.83546,44.151028],[14.869151,44.14053]]],[[[14.791677,44.272528],[14.748546,44.261664],[14.739594,44.280178],[14.759776,44.29206],[14.791677,44.272528]]],[[[14.661388,44.308661],[14.598888,44.339057],[14.595063,44.347113],[14.661388,44.308661]]],[[[14.785167,44.346869],[14.756196,44.364],[14.771658,44.417873],[14.803233,44.405504],[14.796723,44.381293],[14.811209,44.350043],[14.785167,44.346869]]],[[[15.76403,44.864033],[15.76868,44.827342],[15.716074,44.80321],[15.753694,44.739286],[15.805681,44.696653],[15.856427,44.703577],[15.888776,44.724248],[15.905416,44.690141],[15.948101,44.678101],[15.968978,44.63924],[16.0125,44.62931327567545],[16.0125,43.97592681078968],[16.001535,43.949669],[15.953166,43.939437],[15.906451,43.909361],[15.838651,43.939127],[15.778293,43.942641],[15.78589,43.915098],[15.739949,43.869209],[15.681762,43.889414],[15.633186,43.863731],[15.575153,43.896649],[15.54688,43.876564],[15.512218,43.911078],[15.455089,43.928046],[15.358084,44.025702],[15.212901,44.131049],[15.212738,44.148261],[15.144542,44.195461],[15.160411,44.213202],[15.152192,44.235297],[15.110362,44.26435],[15.140636,44.282457],[15.157563,44.280341],[15.176606,44.249945],[15.197927,44.25731],[15.207774,44.272773],[15.185395,44.285386],[15.206554,44.285386],[15.19809,44.301663],[15.295258,44.250678],[15.281749,44.285386],[15.302745,44.29914],[15.261241,44.332587],[15.408539,44.272284],[15.525238,44.260688],[15.528656,44.271796],[15.514822,44.27851],[15.449229,44.285386],[15.414073,44.316555],[15.293789,44.364806],[15.336666,44.413723],[15.410977,44.375431],[15.501928,44.367421],[15.545956,44.330473],[15.553707,44.347061],[15.615977,44.379307],[15.635511,44.418064],[15.591121,44.457235],[15.653494,44.494959],[15.623109,44.541261],[15.562751,44.581672],[15.555774,44.630868],[15.535724,44.648076],[15.527817,44.6889],[15.476296,44.729621],[15.472575,44.746881],[15.526267,44.752669],[15.599493,44.789359],[15.597012,44.803829],[15.525492,44.833284],[15.566781,44.878553],[15.532778,44.927491],[15.552467,44.949143],[15.618303,44.928782],[15.660316,44.948058],[15.711372,44.929661],[15.734108,44.93444],[15.734264,44.902118],[15.76403,44.864033]]]]}},{"type":"Feature","properties":{"NAMEUNIT":"Voivodato de Lubusz","COUNTRY":"Poland","boundary_level":"admin1"},"geometry":{"type":"Polygon","coordinates":[[[14.950648,51.396539],[14.955397,51.435415],[14.945061,51.449186],[14.910955,51.468978],[14.710037,51.530241],[14.712724,51.567422],[14.743937,51.606644],[14.732465,51.658347],[14.648439,51.717206],[14.634176,51.769012],[14.585807,51.803893],[14.58281,51.825081],[14.595936,51.842418],[14.687093,51.911897],[14.699082,51.992512],[14.761403,52.076667],[14.686369,52.121032],[14.70704,52.179452],[14.69257,52.19958],[14.712104,52.215444],[14.712414,52.235908],[14.696911,52.253478],[14.584153,52.291228],[14.590148,52.309418],[14.545396,52.382153],[14.539815,52.421866],[14.591595,52.449797],[14.632316,52.496745],[14.609061,52.517803],[14.644821,52.576921],[14.607965,52.596463],[14.63242,52.649913],[14.654331,52.669912],[14.78993,52.691099],[14.868271,52.758124],[14.931936,52.842563],[15.029812,52.875326],[15.195796,52.841969],[15.248713,52.84649],[15.348138,52.933307],[15.30101,52.952324],[15.527042,52.989272],[15.733128,52.988936],[15.925778,53.105338],[16.0125,53.105609152856864],[16.0125,52.87798991579867],[15.924641,52.809645],[15.955337,52.792333],[15.976834,52.743086],[15.947895,52.71978],[15.838031,52.702675],[15.825732,52.649655],[15.829556,52.593844],[15.864903,52.534778],[15.884953,52.46331],[15.88485,52.433286],[15.836584,52.424242],[15.899009,52.348485],[15.90118,52.28699],[15.863559,52.213609],[15.849193,52.135268],[15.857048,52.103745],[15.907898,52.064859],[15.962985,52.046772],[16.0125,51.984251614781385],[16.0125,51.76206009898367],[15.944795,51.769889],[15.910481,51.727231],[15.823768,51.691186],[15.725376,51.571581],[15.614686,51.480424],[15.543889,51.469468],[15.403329,51.517838],[15.330052,51.501921],[15.246233,51.42265],[15.217087,51.424097],[15.158279,51.455955],[14.950648,51.396539]]]}},{"type":"Feature","properties":{"NAMEUNIT":"Brandeburgo","COUNTRY":"Germany","boundary_level":"admin1"},"geometry":{"type":"Polygon","coordinates":[[[14.549943,52.636194],[14.644821,52.576921],[14.609061,52.517803],[14.632316,52.496745],[14.591595,52.449797],[14.539815,52.421866],[14.545396,52.382153],[14.590148,52.309418],[14.584153,52.291228],[14.696911,52.253478],[14.712414,52.235908],[14.712104,52.215444],[14.69257,52.19958],[14.70704,52.179452],[14.686369,52.121032],[14.761403,52.076667],[14.699082,51.992512],[14.687093,51.911897],[14.58281,51.825081],[14.585807,51.803893],[14.634176,51.769012],[14.648439,51.717206],[14.732465,51.658347],[14.743937,51.606644],[14.70677,51.540828],[14.573509,51.56507],[14.338588,51.509931],[14.268928,51.532359],[14.158754,51.526881],[14.106147,51.5059],[14.067028,51.473861],[14.043929,51.428076],[13.960575,51.357046],[13.766478,51.347977],[13.533882,51.363739],[13.410789,51.421409],[13.252194,51.385236],[13.21938,51.402935],[13.18765,51.385236],[13.173853,51.406837],[13.198192,51.432804],[13.189045,51.476186],[13.210491,51.490863],[13.199639,51.524349],[13.165326,51.545304],[13.166101,51.573312],[13.11489,51.585017],[13.061663,51.615093],[13.178348,51.696586],[13.15897,51.74108],[13.157885,51.782111],[13.236846,51.855491],[13.179124,51.861383],[13.16083,51.844381],[13.132253,51.857558],[13.066159,51.852649],[12.962031,51.903706],[12.876868,51.910811],[12.844105,51.941688],[12.794754,51.946235],[12.666752,51.994449],[12.607634,51.965407],[12.54433,51.977887],[12.466557,52.021528],[12.420824,52.011606],[12.365116,52.04008],[12.361344,52.057701],[12.207607,52.178185],[12.1997,52.196504],[12.248069,52.252418],[12.209002,52.279006],[12.206676,52.306885],[12.235202,52.350035],[12.231946,52.386467],[12.257423,52.426878],[12.247656,52.444706],[12.286723,52.484213],[12.295095,52.516123],[12.256027,52.514159],[12.211792,52.54222],[12.192982,52.518965],[12.15593,52.515916],[12.146318,52.531833],[12.161666,52.548963],[12.123322,52.552994],[12.150814,52.579995],[12.161976,52.63609],[12.204661,52.64118],[12.225745,52.672599],[12.228071,52.690169],[12.190088,52.736058],[12.208692,52.751923],[12.195049,52.779234],[12.233962,52.809774],[12.208382,52.861735],[12.174999,52.872484],[12.11123,52.866644],[12.092937,52.891656],[11.982607,52.883051],[11.896721,52.901732],[11.831867,52.928242],[11.850781,52.955114],[11.807269,52.960334],[11.762879,52.995112],[11.694201,52.98395],[11.68061,53.012165],[11.622268,53.022397],[11.636272,53.037125],[11.625678,53.050302],[11.58134,53.042861],[11.437938,53.08384],[11.344145,53.066322],[11.27409,53.117544],[11.394302,53.108241],[11.398969,53.133131],[11.414525,53.137797],[11.528085,53.120686],[11.555243,53.146059],[11.529508,53.195177],[11.599633,53.237319],[11.688414,53.25091],[11.744314,53.215578],[11.839206,53.226467],[11.815951,53.250109],[11.860985,53.251357],[11.884319,53.268469],[11.958988,53.277802],[12.011879,53.299581],[12.022768,53.329137],[12.063739,53.356123],[12.122857,53.36695],[12.148334,53.35447],[12.191949,53.369275],[12.226365,53.342868],[12.339175,53.316255],[12.430125,53.26848],[12.512188,53.272692],[12.623602,53.256233],[12.664271,53.235717],[12.739667,53.224555],[12.753361,53.193653],[12.823486,53.198045],[12.866429,53.185359],[12.953194,53.195306],[12.945908,53.174171],[13.000995,53.167659],[13.145896,53.257602],[13.23049,53.233185],[13.249404,53.271167],[13.282321,53.287781],[13.388155,53.270935],[13.468977,53.302328],[13.493523,53.31933],[13.552951,53.404596],[13.607108,53.411417],[13.709048,53.475364],[13.808606,53.484698],[13.7788,53.525247],[13.780605,53.543811],[13.797717,53.542256],[13.822607,53.518922],[13.869275,53.508032],[13.870831,53.486254],[13.92061,53.427141],[14.096394,53.419363],[14.141507,53.439586],[14.242621,53.427141],[14.23951,53.382028],[14.223954,53.360249],[14.188175,53.326026],[14.104132,53.291993],[14.103202,53.272511],[14.248844,53.259135],[14.323513,53.308914],[14.391261,53.334017],[14.403286,53.27879],[14.44163,53.251841],[14.380651,53.189855],[14.38954,53.131668],[14.356777,53.066684],[14.312645,53.029219],[14.14449,52.959921],[14.164954,52.895661],[14.150485,52.86463],[14.123923,52.850651],[14.152758,52.828327],[14.21601,52.817992],[14.382202,52.738152],[14.431915,52.686088],[14.490102,52.650638],[14.549943,52.636194]],[[13.623386,52.490646],[13.64757,52.539274],[13.569074,52.563407],[13.50329,52.610174],[13.501274,52.643505],[13.473783,52.663556],[13.438436,52.641593],[13.412029,52.648725],[13.364229,52.62361],[13.310227,52.629656],[13.302785,52.656192],[13.289143,52.657122],[13.261547,52.633067],[13.220723,52.625987],[13.209251,52.603818],[13.216847,52.587436],[13.152304,52.597927],[13.140935,52.524288],[13.156799,52.501033],[13.114425,52.4738],[13.11675,52.440469],[13.091635,52.415251],[13.156489,52.396854],[13.214057,52.417059],[13.252194,52.40476],[13.294259,52.415096],[13.309193,52.401091],[13.34578,52.407396],[13.375752,52.38657],[13.425672,52.381092],[13.424948,52.407344],[13.458125,52.416749],[13.484376,52.398662],[13.528095,52.404915],[13.626486,52.3844],[13.642609,52.34479],[13.653978,52.342335],[13.667001,52.359647],[13.703484,52.371946],[13.704518,52.397887],[13.750923,52.450287],[13.66452,52.489768],[13.623386,52.490646]]]}},{"type":"Feature","properties":{"NAMEUNIT":"Voivodato de Pomerania Occidental","COUNTRY":"Poland","boundary_level":"admin1"},"geometry":{"type":"Polygon","coordinates":[[[14.549943,52.636194],[14.490102,52.650638],[14.431915,52.686088],[14.382202,52.738152],[14.21601,52.817992],[14.152758,52.828327],[14.123923,52.850651],[14.150485,52.86463],[14.164954,52.895661],[14.14449,52.959921],[14.343341,53.048624],[14.38954,53.131668],[14.380651,53.189855],[14.44163,53.251841],[14.403286,53.27879],[14.359878,53.444077],[14.30417,53.508518],[14.297039,53.597763],[14.260969,53.656209],[14.263901,53.699976],[14.304861,53.712551],[14.288585,53.727973],[14.301606,53.734849],[14.288585,53.741645],[14.2942,53.749091],[14.414561,53.682359],[14.531016,53.657782],[14.590587,53.598375],[14.62379,53.652818],[14.575938,53.659654],[14.544932,53.704047],[14.575938,53.769517],[14.62379,53.769517],[14.61671,53.794745],[14.630626,53.851508],[14.587087,53.812649],[14.569102,53.824164],[14.58961,53.837836],[14.575857,53.854804],[14.441173,53.869615],[14.425548,53.879828],[14.431895,53.906155],[14.422048,53.896145],[14.385102,53.897284],[14.363048,53.879381],[14.417654,53.865139],[14.405284,53.844184],[14.328298,53.831],[14.341319,53.818915],[14.318858,53.818183],[14.274669,53.830797],[14.175289,53.906478],[14.193066,53.911491],[14.210053,53.938463],[14.268077,53.92182],[14.406749,53.92182],[14.517345,53.965237],[14.781912,54.034613],[15.010102,54.06981],[15.288341,54.138861],[15.665782,54.198432],[15.859711,54.249986],[16.0125,54.26117495694861],[16.0125,53.105609152856864],[15.925778,53.105338],[15.733128,52.988936],[15.527042,52.989272],[15.30101,52.952324],[15.348138,52.933307],[15.248713,52.84649],[15.195796,52.841969],[15.029812,52.875326],[14.931936,52.842563],[14.868271,52.758124],[14.78993,52.691099],[14.654331,52.669912],[14.607965,52.596463],[14.549943,52.636194]]]}},{"type":"Feature","properties":{"NAMEUNIT":"Mecklemburgo-Pomerania Occidental","COUNTRY":"Germany","boundary_level":"admin1"},"geometry":{"type":"MultiPolygon","coordinates":[[[[14.260969,53.656209],[14.297039,53.597763],[14.30417,53.508518],[14.359878,53.444077],[14.391261,53.334017],[14.323513,53.308914],[14.248844,53.259135],[14.103202,53.272511],[14.104132,53.291993],[14.188175,53.326026],[14.223954,53.360249],[14.23951,53.382028],[14.242621,53.427141],[14.141507,53.439586],[14.096394,53.419363],[13.92061,53.427141],[13.870831,53.486254],[13.869275,53.508032],[13.780605,53.543811],[13.7788,53.525247],[13.808606,53.484698],[13.709048,53.475364],[13.607108,53.411417],[13.552951,53.404596],[13.493523,53.31933],[13.468977,53.302328],[13.388155,53.270935],[13.282321,53.287781],[13.249404,53.271167],[13.23049,53.233185],[13.145896,53.257602],[13.000995,53.167659],[12.975363,53.164998],[12.945908,53.174171],[12.953194,53.195306],[12.866429,53.185359],[12.823486,53.198045],[12.753361,53.193653],[12.739667,53.224555],[12.664271,53.235717],[12.623602,53.256233],[12.512188,53.272692],[12.430125,53.26848],[12.339175,53.316255],[12.226365,53.342868],[12.191949,53.369275],[12.148334,53.35447],[12.122857,53.36695],[12.063739,53.356123],[12.022768,53.329137],[12.011879,53.299581],[11.958988,53.277802],[11.884319,53.268469],[11.860985,53.251357],[11.815951,53.250109],[11.839206,53.226467],[11.744314,53.215578],[11.688414,53.25091],[11.599633,53.237319],[11.529508,53.195177],[11.555243,53.146059],[11.528085,53.120686],[11.414525,53.137797],[11.398969,53.133131],[11.394302,53.108241],[11.27409,53.117544],[11.224669,53.153035],[11.194335,53.140943],[11.156146,53.173861],[11.089432,53.144198],[10.930217,53.228457],[10.739428,53.308452],[10.731573,53.351989],[10.709714,53.368345],[10.601245,53.371833],[10.625791,53.397258],[10.640829,53.450975],[10.690955,53.457719],[10.704288,53.47777],[10.822523,53.516475],[10.829655,53.570064],[10.907738,53.572208],[10.928977,53.548463],[10.954401,53.566136],[10.942309,53.569702],[10.953781,53.57797],[10.939829,53.628717],[10.956469,53.650343],[10.942774,53.680548],[10.914559,53.696774],[10.857456,53.702588],[10.805935,53.74119],[10.757824,53.749174],[10.771002,53.793332],[10.751003,53.841003],[10.76325,53.865059],[10.885207,53.919138],[10.907273,53.915469],[10.912854,53.902137],[10.961274,53.911903],[10.910683,53.924667],[10.906016,53.961208],[11.053477,54.00849],[11.175059,54.018012],[11.204356,53.989244],[11.245372,53.97842],[11.242931,53.945217],[11.293712,53.940863],[11.334158,53.961371],[11.358246,53.940863],[11.399913,53.940863],[11.457693,53.906155],[11.472423,53.968817],[11.497895,53.981838],[11.49171,54.002346],[11.52589,54.022773],[11.519054,54.036444],[11.573497,54.039049],[11.591319,54.065619],[11.624522,54.083645],[11.625255,54.109809],[11.689708,54.155219],[11.812266,54.149807],[12.050629,54.179918],[12.088145,54.194078],[12.091645,54.114],[12.115001,54.097886],[12.095063,54.145697],[12.142833,54.180487],[12.101329,54.173651],[12.108897,54.18301],[12.18686,54.243354],[12.342133,54.303941],[12.501964,54.473578],[12.533865,54.488267],[12.527029,54.482123],[12.54835,54.462063],[12.591482,54.451728],[12.879649,54.448798],[12.921153,54.433498],[12.870779,54.416815],[12.694591,54.433661],[12.670421,54.420071],[12.624197,54.422919],[12.608409,54.406399],[12.581716,54.406399],[12.602224,54.392076],[12.594737,54.385891],[12.554047,54.390815],[12.527029,54.37226],[12.490977,54.390082],[12.438487,54.387519],[12.418468,54.360663],[12.424001,54.344916],[12.396739,54.351752],[12.391612,54.321112],[12.362559,54.310207],[12.380138,54.277086],[12.368826,54.269192],[12.412446,54.25141],[12.458181,54.255561],[12.41033,54.269192],[12.42628,54.289618],[12.472423,54.310207],[12.478689,54.331855],[12.560557,54.358588],[12.540782,54.37226],[12.574229,54.379096],[12.592947,54.36933],[12.677257,54.392076],[12.670421,54.406399],[12.680837,54.410875],[12.71754,54.413804],[12.692393,54.396186],[12.684093,54.37226],[12.7046,54.399604],[12.735037,54.37816],[12.78712,54.392076],[12.818044,54.357978],[12.854666,54.357856],[12.929373,54.414374],[13.0088,54.438056],[13.03419,54.433661],[13.021495,54.426459],[13.028575,54.401842],[13.095551,54.37226],[13.076671,54.352525],[13.109223,54.310207],[13.114919,54.280015],[13.170665,54.276597],[13.143403,54.263007],[13.176117,54.264838],[13.288829,54.23428],[13.348888,54.180487],[13.321544,54.166815],[13.403494,54.173651],[13.382986,54.153144],[13.417735,54.153144],[13.450369,54.110419],[13.483572,54.091295],[13.507091,54.097886],[13.479259,54.12519],[13.602712,54.139472],[13.711925,54.173651],[13.698253,54.153144],[13.808116,54.104682],[13.773204,54.046332],[13.746104,54.036444],[13.797618,53.998928],[13.838634,53.986314],[13.848643,53.955552],[13.906016,53.943061],[13.890147,53.912909],[13.818533,53.877997],[13.808116,53.865139],[13.817068,53.852932],[14.037446,53.755276],[14.186534,53.739814],[14.250173,53.759955],[14.267426,53.735419],[14.212738,53.708075],[14.263901,53.699976],[14.260969,53.656209]]],[[[11.497895,54.022773],[11.457693,53.961371],[11.445323,53.961127],[11.447032,53.997138],[11.423106,53.967719],[11.375662,53.981838],[11.390391,54.004584],[11.426606,54.022935],[11.468028,54.030951],[11.497895,54.022773]]],[[[14.175289,53.906478],[14.200819,53.878157],[14.087413,53.870429],[14.04835,53.879381],[13.99586,53.853746],[13.938487,53.844672],[13.840099,53.850287],[13.821788,53.865139],[13.931651,53.899319],[13.938975,53.928209],[13.901866,53.969794],[13.90447,53.995429],[13.972667,53.989244],[13.958995,53.940863],[13.987478,53.961412],[14.027843,53.961371],[14.014334,53.947089],[14.04835,53.940863],[14.040294,53.953843],[14.05128,54.005072],[14.037446,54.021715],[14.014334,54.016018],[13.9817,54.056342],[13.946056,54.066596],[13.915863,54.056383],[13.924815,54.036444],[13.89088,54.010159],[13.855968,54.002346],[13.876313,54.036444],[13.863617,54.049994],[13.7942,54.018134],[13.774099,54.022773],[13.814952,54.101264],[13.75294,54.153144],[13.777599,54.174018],[13.814952,54.173651],[13.855968,54.118354],[13.882498,54.102444],[14.016612,54.060004],[14.210053,53.938463],[14.193066,53.911491],[14.175289,53.906478]]],[[[11.533946,54.084866],[11.615896,54.112128],[11.533946,54.056952],[11.533946,54.084866]]],[[[13.766449,54.344916],[13.730154,54.31684],[13.723155,54.278388],[13.690929,54.283515],[13.711925,54.286566],[13.711925,54.303941],[13.651134,54.297187],[13.711925,54.331855],[13.616954,54.317613],[13.690929,54.351752],[13.650076,54.352444],[13.626801,54.339097],[13.599294,54.351752],[13.499685,54.344916],[13.428884,54.31094],[13.406098,54.285224],[13.35963,54.275458],[13.355724,54.248725],[13.369395,54.255561],[13.363129,54.263007],[13.417735,54.266059],[13.423025,54.232733],[13.407237,54.228217],[13.311534,54.251125],[13.335216,54.283515],[13.307872,54.269192],[13.314708,54.263007],[13.267914,54.256496],[13.210134,54.275824],[13.199229,54.28441],[13.204845,54.297187],[13.149669,54.290269],[13.148936,54.304755],[13.177501,54.310207],[13.115489,54.33808],[13.148936,54.377265],[13.174327,54.383979],[13.223318,54.372504],[13.266856,54.385891],[13.239268,54.393622],[13.239024,54.420071],[13.211599,54.431098],[13.156993,54.426825],[13.181814,54.45303],[13.259532,54.468451],[13.273123,54.482123],[13.233246,54.493069],[13.232758,54.516262],[13.185395,54.508287],[13.166026,54.51911],[13.158865,54.540676],[13.143403,54.542914],[13.259532,54.553778],[13.288259,54.539944],[13.297862,54.51968],[13.309255,54.534817],[13.301036,54.55036],[13.369395,54.58515],[13.342052,54.55036],[13.363129,54.542914],[13.348888,54.523668],[13.3838,54.531887],[13.389822,54.542914],[13.363129,54.55036],[13.37672,54.564643],[13.417328,54.524563],[13.410899,54.509426],[13.430675,54.492743],[13.507091,54.488267],[13.499685,54.495754],[13.520763,54.523668],[13.499685,54.557196],[13.520763,54.570787],[13.441417,54.557196],[13.369151,54.612128],[13.273285,54.56094],[13.253266,54.564643],[13.256847,54.594916],[13.293468,54.642279],[13.224783,54.634955],[13.230968,54.653306],[13.253591,54.665025],[13.390798,54.688178],[13.445079,54.68008],[13.382986,54.636379],[13.407725,54.593411],[13.466319,54.57689],[13.595958,54.591376],[13.640473,54.585679],[13.670665,54.56623],[13.677257,54.540473],[13.584809,54.486518],[13.579112,54.455064],[13.609548,54.413804],[13.698253,54.392076],[13.741954,54.350491],[13.766449,54.344916]]],[[[13.10255,54.529934],[13.075043,54.509426],[13.061371,54.468451],[13.06422,54.505113],[13.102306,54.596096],[13.151052,54.604926],[13.149669,54.577704],[13.143403,54.598131],[13.118907,54.586412],[13.10255,54.529934]]]]}},{"type":"Feature","properties":{"NAMEUNIT":"Vaticano","COUNTRY":"Vatican","boundary_level":"admin1"},"geometry":{"type":"Polygon","coordinates":[[[12.453031,41.903915],[12.454035,41.902752],[12.452714,41.903016],[12.453031,41.903915]]]}},{"type":"Feature","properties":{"NAMEUNIT":"Varaždin","COUNTRY":"Croatia","boundary_level":"admin1"},"geometry":{"type":"Polygon","coordinates":[[[16.0125,46.187191655378484],[15.959987,46.193666],[15.944123,46.215061],[15.894978,46.228031],[15.879323,46.259308],[16.0125,46.29647600125156],[16.0125,46.187191655378484]]]}},{"type":"Feature","properties":{"NAMEUNIT":"Krapina-Zagorje","COUNTRY":"Croatia","boundary_level":"admin1"},"geometry":{"type":"Polygon","coordinates":[[[15.803097,46.250511],[15.879323,46.259308],[15.894978,46.228031],[15.944123,46.215061],[15.959987,46.193666],[16.0125,46.187191655378484],[16.0125,45.92868858134366],[15.965568,45.911048],[15.919628,45.957092],[15.822476,45.982052],[15.763669,45.968306],[15.675381,45.972486],[15.674216,45.993163],[15.697987,46.036209],[15.603833,46.090986],[15.589983,46.138684],[15.639799,46.207672],[15.749767,46.210772],[15.803097,46.250511]]]}},{"type":"Feature","properties":{"NAMEUNIT":"Spodnjeposavska","COUNTRY":"Slovenia","boundary_level":"admin1"},"geometry":{"type":"Polygon","coordinates":[[[15.513916,45.823406],[15.48539,45.810176],[15.440328,45.811468],[15.441052,45.782168],[15.429755,45.775691],[15.401055,45.809917],[15.388136,45.87658],[15.350619,45.891695],[15.363021,45.934768],[15.342506,45.951407],[15.295687,45.956058],[15.284008,45.935749],[15.259668,45.944999],[15.238584,45.924355],[15.180707,45.951356],[15.158951,45.974171],[15.168873,45.994144],[15.143448,45.989235],[15.116111,46.004195],[15.094097,46.040291],[15.24029,46.033676],[15.204581,46.053003],[15.192954,46.080883],[15.203496,46.083699],[15.268815,46.079642],[15.287109,46.059101],[15.368447,46.072124],[15.492574,46.067679],[15.548436,46.044115],[15.564714,45.999983],[15.58368,45.993989],[15.69288,46.041636],[15.659436,45.888828],[15.676076,45.841699],[15.626054,45.820202],[15.513916,45.823406]]]}},{"type":"Feature","properties":{"NAMEUNIT":"Jugovzhodna Slovenija","COUNTRY":"Croatia","boundary_level":"admin1"},"geometry":{"type":"Polygon","coordinates":[[[15.523527,45.826816],[15.645587,45.824129],[15.676076,45.841699],[15.659436,45.888828],[15.67556,45.925157],[15.675381,45.972486],[15.763669,45.968306],[15.822476,45.982052],[15.925829,45.952906],[15.939472,45.933837],[15.820616,45.913684],[15.81426,45.877975],[15.77142,45.867537],[15.768113,45.844179],[15.810074,45.840975],[15.846919,45.809401],[15.813241,45.775717],[15.833691,45.755267],[15.813241,45.724592],[15.782427,45.738087],[15.770335,45.705531],[15.81271,45.676902],[15.881284,45.654165],[15.921488,45.622384],[15.938498,45.642791],[15.946167,45.693916],[16.0125,45.73795272391423],[16.0125,45.48580550768837],[15.977816,45.472729],[15.935906,45.474796],[15.922884,45.511279],[15.854309,45.549881],[15.812865,45.523423],[15.784029,45.520633],[15.740879,45.554222],[15.752352,45.57634],[15.745995,45.596907],[15.72672,45.588742],[15.612205,45.624089],[15.568022,45.602023],[15.430511,45.69411],[15.382865,45.690441],[15.350034,45.669619],[15.330774,45.684551],[15.304936,45.672149],[15.248919,45.711836],[15.263492,45.730388],[15.303799,45.746149],[15.429063,45.775295],[15.451284,45.815137],[15.48539,45.810176],[15.523527,45.826816]]]}},{"type":"Feature","properties":{"NAMEUNIT":"Jugovzhodna Slovenija","COUNTRY":"Slovenia","boundary_level":"admin1"},"geometry":{"type":"Polygon","coordinates":[[[14.904444,45.514432],[14.881603,45.469784],[14.838815,45.458983],[14.797164,45.465185],[14.781247,45.493348],[14.668489,45.533966],[14.669833,45.564558],[14.603067,45.603574],[14.591905,45.663364],[14.569095,45.664252],[14.558626,45.681295],[14.53749,45.734418],[14.576144,45.735322],[14.553303,45.781289],[14.687714,45.817979],[14.795872,45.7431],[14.813701,45.757672],[14.804554,45.797515],[14.855765,45.807824],[14.847394,45.850923],[14.876539,45.857098],[14.868788,45.887354],[14.888787,45.94133],[14.954467,45.975075],[15.024127,45.970218],[15.04056,46.000552],[15.097198,46.006908],[15.143448,45.989235],[15.166237,45.995901],[15.166082,45.964326],[15.238584,45.924355],[15.259668,45.944999],[15.284008,45.935749],[15.295687,45.956058],[15.334599,45.954198],[15.363021,45.934768],[15.350619,45.891695],[15.388136,45.87658],[15.401055,45.809917],[15.429755,45.775691],[15.303799,45.746149],[15.263492,45.730388],[15.248919,45.711836],[15.291914,45.675559],[15.330774,45.684551],[15.373769,45.640213],[15.297391,45.625692],[15.268556,45.601662],[15.296668,45.522959],[15.361367,45.482031],[15.325193,45.452834],[15.18422,45.4256],[15.139262,45.430045],[15.056166,45.479912],[15.007383,45.480843],[14.904444,45.514432]]]}},{"type":"Feature","properties":{"NAMEUNIT":"Primorje-Gorski","COUNTRY":"Croatia","boundary_level":"admin1"},"geometry":{"type":"MultiPolygon","coordinates":[[[[14.511974,44.482245],[14.438162,44.538642],[14.466075,44.538642],[14.437999,44.564643],[14.404063,44.579657],[14.386567,44.565619],[14.363048,44.573432],[14.382579,44.603258],[14.349376,44.655341],[14.335785,44.716783],[14.397472,44.685614],[14.390391,44.662177],[14.404063,44.610338],[14.526622,44.50373],[14.534353,44.484076],[14.511974,44.482245]]],[[[14.280447,44.677558],[14.256847,44.653062],[14.271169,44.612535],[14.232595,44.626044],[14.244151,44.661444],[14.265798,44.679511],[14.280447,44.677558]]],[[[14.75408,44.757758],[14.699474,44.765204],[14.657888,44.798774],[14.70574,44.792548],[14.699474,44.813056],[14.726817,44.798774],[14.685802,44.847154],[14.726817,44.840277],[14.719981,44.854641],[14.753266,44.845852],[14.740489,44.820502],[14.822439,44.77143],[14.85906,44.717353],[14.84962,44.703192],[14.740489,44.778266],[14.75408,44.757758]]],[[[14.514985,44.642157],[14.527517,44.647895],[14.534353,44.634263],[14.513357,44.618842],[14.472992,44.620266],[14.427908,44.656562],[14.394542,44.707587],[14.397227,44.751614],[14.368175,44.761054],[14.361583,44.815985],[14.329845,44.83393],[14.314138,44.893785],[14.2942,44.908637],[14.301524,44.922309],[14.292491,44.940334],[14.301524,44.943427],[14.35963,44.908637],[14.38738,44.909003],[14.397227,44.929104],[14.39031,44.960395],[14.404063,44.94953],[14.411388,44.956366],[14.37672,44.986884],[14.340831,45.055609],[14.278494,45.113349],[14.288585,45.14883],[14.31365,45.172431],[14.356212,45.169257],[14.363048,45.093573],[14.387706,45.039049],[14.417654,44.997992],[14.473481,44.971422],[14.451915,44.922309],[14.451915,44.850898],[14.466563,44.804836],[14.451915,44.798774],[14.472911,44.765204],[14.472179,44.707953],[14.513927,44.662177],[14.514985,44.642157]]],[[[14.624522,44.9855],[14.62086,45.0456],[14.603282,45.038967],[14.616954,45.024644],[14.510509,45.032172],[14.460134,45.052395],[14.425059,45.087348],[14.462657,45.10102],[14.476329,45.128363],[14.530121,45.134833],[14.521251,45.14883],[14.539561,45.170396],[14.536876,45.201728],[14.549815,45.221422],[14.534353,45.237535],[14.548839,45.248725],[14.595876,45.237535],[14.583995,45.23017],[14.62379,45.175482],[14.597423,45.166449],[14.665294,45.161811],[14.665294,45.087348],[14.740489,45.073065],[14.740001,45.044338],[14.799815,45.005194],[14.814952,44.977484],[14.784679,44.969306],[14.760916,44.977484],[14.747244,44.970038],[14.756847,44.948717],[14.723399,44.943345],[14.624522,44.9855]]],[[[15.234399,45.418107],[15.221014,45.374802],[15.185513,45.34917],[15.180862,45.32912],[15.142053,45.315115],[15.122364,45.293308],[15.033584,45.328603],[14.994052,45.311808],[14.97059,45.273516],[14.986248,45.241063],[14.981287,45.16944],[14.968885,45.15311],[15.008004,45.124068],[15.026298,45.085],[15.012655,45.07234],[14.92651,45.077559],[14.887288,45.0588],[14.881343,45.0356],[14.84254,45.105536],[14.657888,45.196601],[14.57602,45.262274],[14.568614,45.275946],[14.582205,45.285346],[14.570811,45.293647],[14.534353,45.31269],[14.555431,45.295885],[14.533051,45.283881],[14.345876,45.35163],[14.311534,45.34398],[14.290782,45.320502],[14.258474,45.255764],[14.234682,45.154574],[14.211154,45.161533],[14.194565,45.275015],[14.210533,45.327776],[14.203557,45.403947],[14.138858,45.434281],[14.116224,45.464202],[14.117321,45.472976],[14.218698,45.497172],[14.326805,45.4749],[14.411244,45.493193],[14.468915,45.525594],[14.498577,45.596184],[14.580949,45.667808],[14.591905,45.663364],[14.603067,45.603574],[14.669833,45.564558],[14.668489,45.533966],[14.781247,45.493348],[14.797164,45.465185],[14.838815,45.458983],[14.881603,45.469784],[14.904444,45.514432],[14.922634,45.514949],[15.007383,45.480843],[15.056166,45.479912],[15.139262,45.430045],[15.225849,45.43645],[15.234399,45.418107]]]]}},{"type":"Feature","properties":{"NAMEUNIT":"Notranjsko-kraška","COUNTRY":"Slovenia","boundary_level":"admin1"},"geometry":{"type":"Polygon","coordinates":[[[14.468915,45.525594],[14.372797,45.477845],[14.326805,45.4749],[14.218698,45.497172],[14.116747,45.472998],[14.112142,45.501357],[14.087182,45.517997],[14.104855,45.56032],[14.089507,45.574686],[14.104545,45.60471],[14.079895,45.627913],[14.062532,45.686462],[14.093383,45.71429],[14.072144,45.743358],[14.037211,45.761006],[14.058656,45.808625],[14.046047,45.836944],[14.125991,45.868803],[14.179063,45.875495],[14.276473,45.846117],[14.30939,45.89123],[14.393055,45.860405],[14.490155,45.880869],[14.505089,45.840768],[14.564207,45.790074],[14.553303,45.781289],[14.576144,45.735322],[14.53749,45.734418],[14.569095,45.664252],[14.498577,45.596184],[14.468915,45.525594]]]}},{"type":"Feature","properties":{"NAMEUNIT":"Galicia","COUNTRY":"Spain","boundary_level":"admin1"},"geometry":{"type":"Polygon","coordinates":[[[-8.204327,42.128799],[-8.222362,42.15363],[-8.346747,42.101695],[-8.501208,42.083091],[-8.572805,42.054411],[-8.626885,42.051026],[-8.67081,41.999815],[-8.750803,41.96898],[-8.777089,41.937161],[-8.864654,41.888902],[-8.881256,41.893297],[-8.895497,42.119086],[-8.826527,42.13052],[-8.82372,42.14761],[-8.846995,42.160834],[-8.815989,42.174506],[-8.805776,42.197496],[-8.771962,42.222235],[-8.625152,42.301947],[-8.622711,42.34748],[-8.649892,42.335598],[-8.674794,42.299018],[-8.784983,42.260077],[-8.867502,42.256415],[-8.853261,42.304836],[-8.832997,42.28913],[-8.827219,42.296698],[-8.830719,42.34162],[-8.771962,42.342719],[-8.655263,42.441352],[-8.694488,42.439643],[-8.757639,42.407213],[-8.843577,42.403713],[-8.867502,42.4147],[-8.88801,42.455634],[-8.942616,42.469306],[-8.881256,42.496568],[-8.860829,42.485012],[-8.874338,42.469306],[-8.826527,42.461859],[-8.825063,42.49494],[-8.812856,42.502753],[-8.822987,42.569525],[-8.775502,42.604722],[-8.730946,42.688422],[-8.753896,42.656887],[-8.784983,42.64057],[-8.839508,42.68244],[-8.857004,42.649115],[-8.846995,42.64057],[-8.868764,42.617499],[-8.880523,42.611802],[-8.894846,42.620103],[-8.889475,42.630601],[-8.903432,42.625474],[-8.936391,42.606431],[-8.922231,42.593695],[-8.969879,42.579169],[-8.980784,42.551215],[-9.011545,42.530707],[-9.026357,42.543118],[-9.033355,42.578111],[-9.070872,42.596137],[-9.030141,42.707709],[-8.922231,42.788113],[-8.898264,42.792304],[-8.887685,42.831122],[-8.908437,42.839464],[-8.912587,42.816596],[-8.951039,42.795111],[-9.04894,42.794745],[-9.045644,42.778022],[-9.068674,42.759711],[-9.10025,42.757514],[-9.134999,42.812771],[-9.113189,42.816352],[-9.10025,42.833279],[-9.141225,42.857449],[-9.148671,42.884467],[-9.134511,42.917548],[-9.195872,42.949327],[-9.19579,42.926581],[-9.224233,42.940212],[-9.273061,42.893337],[-9.291982,42.928778],[-9.250966,43.016791],[-9.272125,43.031277],[-9.27953,43.054999],[-9.257924,43.060899],[-9.2176,43.114447],[-9.189809,43.102322],[-9.141225,43.134874],[-9.107737,43.14114],[-9.163319,43.139757],[-9.162262,43.148505],[-9.208363,43.137885],[-9.2176,43.155341],[-9.137929,43.201524],[-9.100413,43.189521],[-9.052398,43.196357],[-9.026967,43.21015],[-9.011545,43.238756],[-8.985748,43.226874],[-8.932525,43.235297],[-8.915273,43.245022],[-8.94815,43.249945],[-8.988026,43.283026],[-8.829986,43.341213],[-8.785553,43.312445],[-8.693105,43.293402],[-8.592519,43.324205],[-8.55842,43.313218],[-8.505971,43.331529],[-8.443023,43.375312],[-8.388295,43.385891],[-8.353586,43.348619],[-8.330719,43.405666],[-8.267201,43.385932],[-8.210194,43.313218],[-8.209625,43.390692],[-8.175404,43.416327],[-8.26476,43.427314],[-8.305165,43.451077],[-8.178782,43.473293],[-8.168568,43.492011],[-8.257314,43.477729],[-8.243723,43.485175],[-8.257314,43.492011],[-8.288971,43.472968],[-8.333119,43.471503],[-8.31664,43.522895],[-8.292104,43.532945],[-8.312652,43.567125],[-8.232249,43.575507],[-8.086659,43.65648],[-8.074615,43.639635],[-8.051869,43.642808],[-8.065541,43.642808],[-8.051869,43.65648],[-8.073964,43.678534],[-8.059316,43.709418],[-7.981191,43.717841],[-7.908559,43.766343],[-7.880849,43.763251],[-7.846506,43.717963],[-7.867584,43.717963],[-7.879262,43.700507],[-7.873769,43.684475],[-7.894887,43.684475],[-7.908559,43.670152],[-7.858388,43.668199],[-7.849233,43.675605],[-7.867584,43.697455],[-7.819163,43.697455],[-7.826039,43.711737],[-7.812001,43.72309],[-7.712758,43.760688],[-7.685536,43.793443],[-7.668324,43.772528],[-7.695627,43.745917],[-7.691558,43.72724],[-7.641021,43.752672],[-7.613026,43.704291],[-7.615956,43.688544],[-7.586415,43.717963],[-7.541412,43.731635],[-7.490142,43.725328],[-7.367055,43.68008],[-7.304107,43.598578],[-7.256744,43.58161],[-7.271067,43.561143],[-7.079335,43.56863],[-7.032338,43.553005],[-7.030873,43.53323],[-7.053619,43.496527],[-7.048892,43.477889],[-7.112739,43.429339],[-7.160901,43.429132],[-7.170125,43.39084],[-7.13005,43.378619],[-7.121601,43.336787],[-7.071268,43.297719],[-7.050959,43.237309],[-6.965564,43.195012],[-6.973781,43.159226],[-6.959285,43.13884],[-6.926652,43.138039],[-6.866294,43.175298],[-6.832161,43.139899],[-6.831541,43.120159],[-6.868981,43.095303],[-6.945204,43.076725],[-6.988457,43.019338],[-6.966391,42.994275],[-6.951327,43.025126],[-6.913707,42.99474],[-6.868852,42.988668],[-6.83689,42.962701],[-6.828286,42.914797],[-6.86048,42.874463],[-6.853891,42.829427],[-6.863348,42.808447],[-6.92859,42.750052],[-6.965693,42.747029],[-7.037653,42.698169],[-7.014295,42.641325],[-7.044345,42.617089],[-7.042795,42.577608],[-7.071036,42.503452],[-6.983134,42.494822],[-6.919986,42.512832],[-6.821051,42.485056],[-6.808778,42.464023],[-6.813041,42.438909],[-6.839112,42.410125],[-6.735707,42.341137],[-6.740617,42.298194],[-6.799424,42.238378],[-6.805471,42.21794],[-6.866759,42.21701],[-6.898411,42.200163],[-6.940579,42.165334],[-6.955591,42.132209],[-7.024656,42.075727],[-7.019773,42.056245],[-6.984762,42.05118],[-6.966003,42.032964],[-6.986467,41.989169],[-6.983456,41.962996],[-7.05127,41.942015],[-7.159739,41.985733],[-7.199943,41.963719],[-7.197928,41.9015],[-7.21865,41.879047],[-7.322468,41.845406],[-7.391921,41.842047],[-7.442719,41.805951],[-7.469384,41.852537],[-7.515841,41.864991],[-7.546692,41.832047],[-7.606068,41.825536],[-7.622812,41.841737],[-7.60736,41.873182],[-7.661156,41.874913],[-7.72203,41.899252],[-7.896593,41.857937],[-7.906102,41.913851],[-7.925791,41.908167],[-7.944756,41.866955],[-7.993642,41.863673],[-8.048574,41.816389],[-8.179574,41.810705],[-8.177041,41.84985],[-8.220398,41.868195],[-8.230216,41.904678],[-8.182132,41.965424],[-8.108028,42.010899],[-8.095083,42.040923],[-8.137612,42.072911],[-8.191304,42.062085],[-8.204016,42.069552],[-8.204327,42.128799]]]}},{"type":"Feature","properties":{"NAMEUNIT":"Norte","COUNTRY":"Portugal","boundary_level":"admin1"},"geometry":{"type":"Polygon","coordinates":[[[-8.666127,41.132758],[-8.648346,41.152777],[-8.68578,41.159491],[-8.70519,41.186916],[-8.737172,41.249661],[-8.744456,41.328111],[-8.783803,41.393866],[-8.774849,41.468338],[-8.830511,41.671586],[-8.827056,41.682807],[-8.743276,41.696967],[-8.696156,41.721991],[-8.806874,41.696967],[-8.861113,41.704368],[-8.880306,41.736862],[-8.874745,41.849555],[-8.762766,41.931952],[-8.750803,41.96898],[-8.67081,41.999815],[-8.626885,42.051026],[-8.572805,42.054411],[-8.501208,42.083091],[-8.346747,42.101695],[-8.222362,42.15363],[-8.204327,42.128799],[-8.204016,42.069552],[-8.191304,42.062085],[-8.137612,42.072911],[-8.095083,42.040923],[-8.108028,42.010899],[-8.182132,41.965424],[-8.230216,41.904678],[-8.220398,41.868195],[-8.177041,41.84985],[-8.179574,41.810705],[-8.048574,41.816389],[-7.993642,41.863673],[-7.944756,41.866955],[-7.925791,41.908167],[-7.906102,41.913851],[-7.896593,41.857937],[-7.72203,41.899252],[-7.661156,41.874913],[-7.60736,41.873182],[-7.622812,41.841737],[-7.606068,41.825536],[-7.546692,41.832047],[-7.515841,41.864991],[-7.469384,41.852537],[-7.442719,41.805951],[-7.391921,41.842047],[-7.322468,41.845406],[-7.21865,41.879047],[-7.197928,41.9015],[-7.199943,41.963719],[-7.145373,41.98749],[-7.05127,41.942015],[-6.992359,41.96638],[-6.945127,41.943358],[-6.854952,41.942945],[-6.831232,41.953952],[-6.824928,41.983769],[-6.794387,41.979713],[-6.757903,41.93757],[-6.727983,41.930853],[-6.622821,41.940955],[-6.609488,41.962324],[-6.571661,41.942609],[-6.575795,41.882897],[-6.524222,41.86742],[-6.577397,41.739727],[-6.541534,41.658905],[-6.503035,41.653092],[-6.460815,41.676553],[-6.365937,41.663608],[-6.272248,41.628235],[-6.205947,41.57028],[-6.279534,41.497003],[-6.282945,41.465635],[-6.321134,41.411013],[-6.379167,41.397319],[-6.379167,41.377475],[-6.399579,41.377475],[-6.430998,41.339028],[-6.495852,41.294948],[-6.563496,41.270712],[-6.646644,41.267611],[-6.70695,41.194334],[-6.755216,41.158833],[-6.764776,41.108861],[-6.818003,41.054136],[-6.987139,41.05274],[-7.075325,41.086691],[-7.098967,41.12395],[-7.092688,41.149065],[-7.126278,41.164309],[-7.112635,41.192241],[-7.170125,41.157591],[-7.326188,41.157746],[-7.359674,41.166066],[-7.417423,41.215727],[-7.550154,41.182758],[-7.658571,41.180122],[-7.737868,41.152579],[-7.843288,41.184437],[-7.940156,41.138006],[-8.062061,41.105863],[-8.190218,41.109145],[-8.290186,41.083384],[-8.346178,41.043955],[-8.392273,41.039666],[-8.389612,41.011864],[-8.448135,41.055479],[-8.484309,41.01729],[-8.526089,41.032224],[-8.585491,41.015068],[-8.655201,41.016652],[-8.666127,41.132758]]]}},{"type":"Feature","properties":{"NAMEUNIT":"Centro","COUNTRY":"Portugal","boundary_level":"admin1"},"geometry":{"type":"Polygon","coordinates":[[[-9.365834,39.336005],[-9.409291,39.37519],[-9.397817,39.377997],[-9.352922,39.367934],[-9.260803,39.418442],[-9.2176,39.406195],[-9.205922,39.415473],[-9.229888,39.440741],[-9.182873,39.492584],[-9.135694,39.51618],[-9.090434,39.579275],[-9.071692,39.680437],[-8.868153,40.124823],[-8.853261,40.139228],[-8.825063,40.120063],[-8.784983,40.11872],[-8.816151,40.146552],[-8.896474,40.16474],[-8.908437,40.20067],[-8.865387,40.275458],[-8.787903,40.522958],[-8.675382,40.43469],[-8.642077,40.431693],[-8.608875,40.483989],[-8.570479,40.463784],[-8.57668,40.439341],[-8.565596,40.404407],[-8.504928,40.420065],[-8.486479,40.376425],[-8.520818,40.322397],[-8.522446,40.296765],[-8.457204,40.285655],[-8.399198,40.343739],[-8.358347,40.356323],[-8.354239,40.402883],[-8.321631,40.445025],[-8.331346,40.484351],[-8.253237,40.51453],[-8.283907,40.547112],[-8.301994,40.593905],[-8.248638,40.618968],[-8.2883,40.637572],[-8.296206,40.678964],[-8.32499,40.727178],[-8.268947,40.774204],[-8.239647,40.818852],[-8.249646,40.855362],[-8.157765,40.862209],[-8.115391,40.853476],[-8.109758,40.872079],[-8.12893,40.935977],[-8.087072,41.002381],[-8.098131,41.010572],[-8.123891,40.983752],[-8.149264,40.982047],[-8.224376,41.009409],[-8.22957,41.053825],[-8.290186,41.083384],[-8.190218,41.109145],[-8.062061,41.105863],[-7.940156,41.138006],[-7.843288,41.184437],[-7.737868,41.152579],[-7.658571,41.180122],[-7.550154,41.182758],[-7.417423,41.215727],[-7.359674,41.166066],[-7.326188,41.157746],[-7.170125,41.157591],[-7.112635,41.192241],[-7.126278,41.164309],[-7.092688,41.149065],[-7.098967,41.12395],[-7.075325,41.086691],[-6.987139,41.05274],[-6.927448,41.048098],[-6.940424,41.00339],[-6.885182,40.948923],[-6.855262,40.887221],[-6.816194,40.856835],[-6.836658,40.840247],[-6.839139,40.757513],[-6.814282,40.647184],[-6.850456,40.582227],[-6.812525,40.514634],[-6.857122,40.442132],[-6.851283,40.409524],[-6.794438,40.356401],[-6.870196,40.295526],[-6.878051,40.265244],[-6.954687,40.253358],[-7.015769,40.225504],[-7.043105,40.181373],[-7.015769,40.119051],[-6.955721,40.102928],[-6.879705,40.009187],[-6.925231,39.917926],[-6.92766,39.861909],[-7.000266,39.802533],[-6.993031,39.774214],[-7.021143,39.694012],[-7.18289,39.675099],[-7.235755,39.686519],[-7.341433,39.671843],[-7.566096,39.680421],[-7.638856,39.642232],[-7.695468,39.652696],[-7.804712,39.557121],[-7.866801,39.635927],[-7.950259,39.666158],[-7.96496,39.73773],[-8.041881,39.743931],[-8.070949,39.662334],[-8.061544,39.624223],[-8.139472,39.616161],[-8.22019,39.646495],[-8.233316,39.695045],[-8.228717,39.756592],[-8.273236,39.779381],[-8.279102,39.794781],[-8.328297,39.800207],[-8.324267,39.768684],[-8.442916,39.742277],[-8.470769,39.83731],[-8.589522,39.787003],[-8.665822,39.773309],[-8.6767,39.758142],[-8.673987,39.720883],[-8.644402,39.67887],[-8.694606,39.641767],[-8.672204,39.565105],[-8.704321,39.531541],[-8.742277,39.528079],[-8.733105,39.498416],[-8.751114,39.479554],[-8.865138,39.479373],[-8.908133,39.459814],[-8.939707,39.408344],[-8.976863,39.390335],[-8.998722,39.361422],[-8.994148,39.298997],[-9.073885,39.309229],[-9.169357,39.221198],[-9.224108,39.313182],[-9.347591,39.292478],[-9.365834,39.336005]]]}},{"type":"Feature","properties":{"NAMEUNIT":"Castilla y León","COUNTRY":"Spain","boundary_level":"admin1"},"geometry":{"type":"MultiPolygon","coordinates":[[[[-4.684075,40.21708],[-4.700044,40.275604],[-4.800761,40.265656],[-4.826961,40.217649],[-4.903494,40.173956],[-4.922407,40.140289],[-4.951656,40.122771],[-5.0031,40.117086],[-5.014546,40.150883],[-5.032323,40.15481],[-5.069633,40.143545],[-5.141179,40.094788],[-5.190582,40.08944],[-5.230321,40.106467],[-5.327964,40.115898],[-5.361502,40.164836],[-5.354603,40.255166],[-5.423591,40.243125],[-5.4863,40.201345],[-5.539811,40.197443],[-5.603813,40.219406],[-5.686908,40.281495],[-5.727733,40.293975],[-5.783647,40.286146],[-5.791811,40.296042],[-5.78158,40.323353],[-5.804162,40.342964],[-5.875062,40.321673],[-5.896456,40.289996],[-5.92555,40.281495],[-6.093163,40.353687],[-6.069133,40.40017],[-6.224111,40.48032],[-6.333484,40.441589],[-6.372396,40.405441],[-6.51554,40.352421],[-6.553083,40.327823],[-6.556106,40.287102],[-6.585148,40.271987],[-6.688578,40.24974],[-6.717646,40.258938],[-6.814695,40.244417],[-6.874509,40.279188],[-6.870196,40.295526],[-6.794438,40.356401],[-6.851283,40.409524],[-6.857122,40.442132],[-6.812525,40.514634],[-6.850456,40.582227],[-6.814282,40.647184],[-6.839139,40.757513],[-6.836658,40.840247],[-6.816194,40.856835],[-6.855262,40.887221],[-6.885182,40.948923],[-6.940424,41.00339],[-6.927867,41.047935],[-6.818003,41.054136],[-6.764776,41.108861],[-6.755216,41.158833],[-6.70695,41.194334],[-6.646644,41.267611],[-6.563496,41.270712],[-6.495852,41.294948],[-6.430998,41.339028],[-6.399579,41.377475],[-6.379167,41.377475],[-6.379167,41.397319],[-6.321134,41.411013],[-6.282945,41.465635],[-6.279534,41.497003],[-6.205947,41.57028],[-6.272248,41.628235],[-6.365937,41.663608],[-6.460815,41.676553],[-6.503035,41.653092],[-6.541534,41.658905],[-6.577397,41.739727],[-6.524222,41.86742],[-6.575795,41.882897],[-6.567631,41.926072],[-6.585149,41.95465],[-6.609488,41.962324],[-6.622821,41.940955],[-6.727983,41.930853],[-6.757903,41.93757],[-6.794387,41.979713],[-6.824928,41.983769],[-6.831232,41.953952],[-6.854952,41.942945],[-6.945127,41.943358],[-6.983456,41.962996],[-6.986467,41.989169],[-6.966003,42.032964],[-6.984762,42.05118],[-7.019773,42.056245],[-7.024656,42.075727],[-6.955591,42.132209],[-6.940579,42.165334],[-6.898411,42.200163],[-6.866759,42.21701],[-6.805471,42.21794],[-6.738317,42.304963],[-6.740462,42.350258],[-6.839112,42.410125],[-6.813041,42.438909],[-6.808778,42.464023],[-6.821051,42.485056],[-6.919986,42.512832],[-6.983134,42.494822],[-7.071036,42.503452],[-7.042795,42.577608],[-7.044345,42.617089],[-7.014295,42.641325],[-7.037653,42.698169],[-6.965693,42.747029],[-6.92859,42.750052],[-6.863348,42.808447],[-6.853891,42.829427],[-6.86048,42.874463],[-6.828286,42.914797],[-6.763483,42.892834],[-6.70111,42.924512],[-6.5621,42.916657],[-6.501561,42.929706],[-6.444847,42.957714],[-6.480271,42.987867],[-6.418698,43.000528],[-6.392757,43.042205],[-6.364851,43.051429],[-6.234446,43.014352],[-6.199745,43.041042],[-6.122024,43.027917],[-6.079107,43.065098],[-5.987794,43.062333],[-5.95467,43.017581],[-5.918651,42.998797],[-5.844832,42.971693],[-5.789279,42.972364],[-5.769927,42.981614],[-5.729981,43.040577],[-5.705176,43.048794],[-5.541,43.021793],[-5.49077,43.02864],[-5.473381,43.051119],[-5.398502,43.056494],[-5.374008,43.08967],[-5.307474,43.085484],[-5.212002,43.093959],[-5.15955,43.113183],[-5.118132,43.108583],[-5.06289,43.17876],[-4.898378,43.23855],[-4.859414,43.223409],[-4.83187,43.188682],[-4.827891,43.108067],[-4.770453,43.078637],[-4.738723,43.048096],[-4.726864,43.015928],[-4.552378,43.023937],[-4.462875,43.050938],[-4.433962,43.048019],[-4.400811,43.033291],[-4.35655,42.985413],[-4.239917,42.950247],[-4.215965,42.845292],[-4.150155,42.86219],[-4.134445,42.853509],[-4.141628,42.834543],[-4.187672,42.817671],[-4.158578,42.793512],[-4.11039,42.785968],[-4.085766,42.763127],[-4.047163,42.770103],[-4.002773,42.823588],[-4.00019,42.769793],[-3.965205,42.762506],[-3.917404,42.773462],[-3.883039,42.79713],[-3.815756,42.810049],[-3.831389,42.872319],[-3.862084,42.872009],[-3.885313,42.851235],[-3.90464,42.861544],[-3.898154,42.89857],[-3.869681,42.899992],[-3.834102,42.921566],[-3.848519,42.940997],[-3.881334,42.943865],[-3.901953,42.920378],[-3.94611,42.904358],[-3.98479,42.92583],[-3.952621,42.999236],[-3.854901,43.047657],[-3.831724,43.088378],[-3.766225,43.093442],[-3.647808,43.176176],[-3.452006,43.138866],[-3.362425,43.157934],[-3.268322,43.199947],[-3.151508,43.181447],[-3.141844,43.165117],[-3.172566,43.131373],[-3.141844,43.104139],[-3.14851,43.050447],[-3.165124,43.026676],[-3.084948,43.010708],[-3.05526,43.043135],[-3.028621,43.047347],[-2.987409,43.008925],[-2.99932,42.989469],[-3.03937,42.987041],[-3.039628,42.978049],[-2.983378,42.950996],[-2.979063,42.933607],[-3.029189,42.910249],[-3.084742,42.905547],[-3.141043,42.916089],[-3.166054,42.942857],[-3.224113,42.943787],[-3.280078,42.880355],[-3.217395,42.829737],[-3.195691,42.86033],[-3.114223,42.886917],[-3.112544,42.868262],[-3.151197,42.817593],[-3.129002,42.786252],[-3.136315,42.769896],[-3.063503,42.785296],[-3.031437,42.772738],[-2.852456,42.665406],[-2.837315,42.644116],[-2.906716,42.626262],[-3.014152,42.640886],[-3.072107,42.632075],[-3.060531,42.599416],[-3.113887,42.548411],[-3.110709,42.53681],[-3.072391,42.535233],[-3.083191,42.491464],[-3.049214,42.452344],[-3.056035,42.380282],[-3.071952,42.359379],[-3.109417,42.343462],[-3.087894,42.269953],[-3.12045,42.196288],[-3.026321,42.087974],[-2.934156,42.082703],[-2.910179,42.02343],[-2.87093,42.014748],[-2.801632,42.047305],[-2.795044,42.084951],[-2.773934,42.112469],[-2.735357,42.120117],[-2.717193,42.1142],[-2.712335,42.093968],[-2.744349,42.043429],[-2.7436,42.022526],[-2.671847,42.00046],[-2.572938,42.00015],[-2.515655,42.068802],[-2.508394,42.11035],[-2.481523,42.108231],[-2.410467,42.138565],[-2.296133,42.13779],[-2.256291,42.089421],[-2.1718,42.105492],[-2.127797,42.096656],[-2.123224,42.083685],[-2.148985,42.064771],[-2.14945,42.050767],[-2.106662,42.009219],[-2.116119,41.97811],[-2.095215,41.952737],[-1.967885,41.918449],[-1.857736,41.954804],[-1.851587,41.90615],[-1.816033,41.851683],[-1.845851,41.790731],[-1.785544,41.719288],[-1.78818,41.705749],[-1.815878,41.661669],[-1.8543,41.6526],[-1.92352,41.602991],[-1.964552,41.608675],[-1.988271,41.595498],[-1.975274,41.491137],[-1.95618,41.466823],[-1.945948,41.415534],[-2.03062,41.385433],[-2.045218,41.430753],[-2.099711,41.442613],[-2.119581,41.423673],[-2.127952,41.376751],[-2.159837,41.353187],[-2.171877,41.327762],[-2.145057,41.186582],[-2.083743,41.17188],[-2.053228,41.150357],[-2.059378,41.079457],[-2.137099,41.118317],[-2.177613,41.09067],[-2.237041,41.088965],[-2.288356,41.067519],[-2.326881,41.065246],[-2.364475,41.080671],[-2.422482,41.065427],[-2.460387,41.079741],[-2.522786,41.152631],[-2.586322,41.149582],[-2.579501,41.172371],[-2.610042,41.191698],[-2.588596,41.209966],[-2.591929,41.22198],[-2.618258,41.220094],[-2.698124,41.247974],[-2.728097,41.272778],[-2.805896,41.259937],[-2.844084,41.267921],[-2.897156,41.321406],[-2.982267,41.287248],[-3.083811,41.280762],[-3.198791,41.3012],[-3.249176,41.266629],[-3.339765,41.253555],[-3.416892,41.264097],[-3.406531,41.244046],[-3.411311,41.213609],[-3.519625,41.162216],[-3.623882,41.139401],[-3.743022,41.051758],[-3.787128,40.996774],[-3.902082,40.958534],[-3.947893,40.908279],[-3.949908,40.873087],[-3.984092,40.788725],[-4.05985,40.784126],[-4.090107,40.76914],[-4.161291,40.68731],[-4.173952,40.62287],[-4.242087,40.602793],[-4.28596,40.626771],[-4.288622,40.57295],[-4.318981,40.544037],[-4.324821,40.41327],[-4.418795,40.402495],[-4.440292,40.350199],[-4.469463,40.320097],[-4.496361,40.316454],[-4.52499,40.338985],[-4.537624,40.334076],[-4.531578,40.289298],[-4.571886,40.212016],[-4.639375,40.197082],[-4.684075,40.21708]],[[-4.276279,40.692661],[-4.29935,40.696232],[-4.318488,40.682356],[-4.321927,40.657879],[-4.258437,40.661647],[-4.276279,40.692661]]],[[[-2.726133,42.795063],[-2.601541,42.776097],[-2.556066,42.756383],[-2.571285,42.725248],[-2.600792,42.70437],[-2.566065,42.674527],[-2.525783,42.689488],[-2.515267,42.649309],[-2.634071,42.654761],[-2.752436,42.68184],[-2.814138,42.702923],[-2.870155,42.744678],[-2.816593,42.793977],[-2.726133,42.795063]]]]}},{"type":"Feature","properties":{"NAMEUNIT":"Andalucía","COUNTRY":"Spain","boundary_level":"admin1"},"geometry":{"type":"Polygon","coordinates":[[[-7.475947,37.49425],[-7.515428,37.529338],[-7.529691,37.567165],[-7.514343,37.601401],[-7.471606,37.636903],[-7.444011,37.730153],[-7.334405,37.811931],[-7.306862,37.850766],[-7.268621,37.949235],[-7.272704,37.977011],[-7.223301,37.993832],[-7.159739,37.996803],[-7.123256,38.040005],[-7.023985,38.022564],[-6.950576,38.198386],[-6.933809,38.209296],[-6.7979,38.172942],[-6.792371,38.158317],[-6.813144,38.118811],[-6.801905,38.108682],[-6.748833,38.093644],[-6.617342,38.086771],[-6.584399,38.056825],[-6.571712,38.023855],[-6.484792,38.016388],[-6.449575,38.051399],[-6.423969,38.056799],[-6.372422,38.031167],[-6.356273,38.000006],[-6.18326,37.938977],[-6.114092,37.978587],[-5.952112,38.00799],[-5.910926,38.066514],[-5.92276,38.092791],[-5.915396,38.114082],[-5.83708,38.174259],[-5.740393,38.190202],[-5.71378,38.179995],[-5.691714,38.153847],[-5.734657,38.12341],[-5.728249,38.095401],[-5.710886,38.088683],[-5.62345,38.136897],[-5.581049,38.135089],[-5.538209,38.162374],[-5.517823,38.237615],[-5.522939,38.270739],[-5.567122,38.336291],[-5.56937,38.425329],[-5.488212,38.464629],[-5.419638,38.515841],[-5.362406,38.583873],[-5.306828,38.5855],[-5.255772,38.634386],[-5.180815,38.666038],[-5.170454,38.713813],[-5.036586,38.728412],[-4.945972,38.683737],[-4.873495,38.680688],[-4.865899,38.635006],[-4.849285,38.614853],[-4.727975,38.579764],[-4.632735,38.52354],[-4.610488,38.496979],[-4.543051,38.472923],[-4.449749,38.395951],[-4.290043,38.348874],[-4.275496,38.350915],[-4.27485,38.387993],[-4.256065,38.402773],[-3.893736,38.381611],[-3.839683,38.392618],[-3.823094,38.415201],[-3.778368,38.427345],[-3.607061,38.401687],[-3.588742,38.407682],[-3.576753,38.443494],[-3.553602,38.45016],[-3.519082,38.41334],[-3.457329,38.40484],[-3.395937,38.42644],[-3.361882,38.473259],[-3.322815,38.482406],[-3.137348,38.452795],[-3.060609,38.482613],[-3.000871,38.430058],[-2.992732,38.451968],[-2.966558,38.468608],[-2.923459,38.476334],[-2.878992,38.460598],[-2.756028,38.533126],[-2.675206,38.500234],[-2.62632,38.510828],[-2.573843,38.502043],[-2.571517,38.427629],[-2.488731,38.398742],[-2.477569,38.308127],[-2.430621,38.265623],[-2.448863,38.222267],[-2.444806,38.188186],[-2.547384,38.080647],[-2.465839,38.049383],[-2.338534,38.026491],[-2.296237,38.000575],[-2.232235,37.926419],[-2.1718,37.896447],[-2.125472,37.898746],[-1.975688,37.865854],[-2.002818,37.78803],[-1.995196,37.735475],[-2.004239,37.663955],[-1.8649226073842802,37.4875],[-7.475947,37.49425]]]}},{"type":"Feature","properties":{"NAMEUNIT":"Algarve","COUNTRY":"Portugal","boundary_level":"admin1"},"geometry":{"type":"Polygon","coordinates":[[[-7.514613,37.528334],[-7.473389147101331,37.4875],[-7.745732242130483,37.4875],[-7.707328,37.500399],[-7.619659,37.494482],[-7.568447,37.524428],[-7.514613,37.528334]]]}},{"type":"Feature","properties":{"NAMEUNIT":"West Wales and the Valleys","COUNTRY":"United Kingdom","boundary_level":"admin1"},"geometry":{"type":"Polygon","coordinates":[[[-3.184804,51.39761],[-3.218861,51.402777],[-3.289418,51.384223],[-3.539174,51.398505],[-3.575311,51.420441],[-3.525593,51.435775],[-3.54337,51.447997],[-3.517273,51.449935],[-3.523087,51.49355],[-3.479188,51.511636],[-3.442523,51.515771],[-3.392242,51.496056],[-3.372243,51.506882],[-3.330592,51.500216],[-3.322246,51.513807],[-3.293359,51.499673],[-3.212537,51.550239],[-3.102389,51.543107],[-3.083631,51.562719],[-3.109159,51.587239],[-2.961312,51.627443],[-2.976324,51.709402],[-3.021619,51.727515],[-3.048801,51.783661],[-3.128486,51.794539],[-3.156856,51.81074],[-3.274187,51.814667],[-3.29062,51.806606],[-3.288993,51.793273],[-3.3478,51.788829],[-3.356973,51.805469],[-3.405006,51.827715],[-3.426426,51.81384],[-3.464486,51.821075],[-3.478645,51.790224],[-3.546961,51.773584],[-3.583729,51.75126],[-3.648351,51.779372],[-3.763382,51.75772],[-3.799995,51.785263],[-3.711292,51.881795],[-3.709897,51.932334],[-3.686695,51.948251],[-3.695583,51.988817],[-3.643648,52.031346],[-3.660856,52.069664],[-3.713618,52.090206],[-3.706693,52.114649],[-3.755786,52.124622],[-3.739482,52.246889],[-3.701138,52.273838],[-3.731162,52.318822],[-3.651968,52.347451],[-3.69057,52.364091],[-3.720052,52.420211],[-3.76085,52.43742],[-3.757801,52.458555],[-3.736976,52.467185],[-3.724728,52.498837],[-3.813121,52.481345],[-3.833946,52.504134],[-3.829192,52.532711],[-3.839476,52.548576],[-3.927455,52.553175],[-3.837822,52.599115],[-3.833636,52.640767],[-3.796972,52.674666],[-3.698606,52.676062],[-3.601454,52.695492],[-3.571689,52.730528],[-3.597217,52.784375],[-3.577528,52.819102],[-3.490841,52.834656],[-3.470015,52.861942],[-3.390744,52.867368],[-3.311265,52.932842],[-3.200471,52.937984],[-3.094818,52.963744],[-3.141198,52.997231],[-3.12275,53.066374],[-3.182436,53.138927],[-3.271319,53.157014],[-3.340876,53.218819],[-3.340876,53.272924],[-3.382114,53.297419],[-3.360462,53.351146],[-3.292388,53.340522],[-3.250803,53.312567],[-3.122222,53.262274],[-3.087758,53.234687],[-3.084543,53.258572],[-3.019759,53.246699],[-2.955551,53.215513],[-2.911445,53.174714],[-2.956662,53.143812],[-2.897364,53.102238],[-2.850545,53.017178],[-2.813441,52.986844],[-2.727297,52.966381],[-2.716238,52.941783],[-2.721509,52.918166],[-2.77949,52.900571],[-2.853154,52.939095],[-2.925941,52.93354],[-2.99281,52.95297],[-3.08035,52.917624],[-3.126859,52.884603],[-3.121898,52.854914],[-3.152232,52.829826],[-3.14032,52.796133],[-2.999941,52.756988],[-2.959944,52.731098],[-2.97369,52.716396],[-3.013274,52.70836],[-3.035753,52.649397],[-3.062935,52.637512],[-3.080608,52.601054],[-3.122983,52.580978],[-3.108359,52.544804],[-3.115128,52.528991],[-3.086551,52.529069],[-3.015238,52.568188],[-2.975498,52.541833],[-3.024178,52.499665],[-3.107738,52.493903],[-3.190317,52.46884],[-3.21507,52.438402],[-3.199309,52.412513],[-3.070557,52.346573],[-2.956662,52.341147],[-2.957334,52.327944],[-2.999476,52.296215],[-2.993275,52.279627],[-2.956378,52.264098],[-3.011904,52.254848],[-3.050998,52.232834],[-3.107661,52.172708],[-3.099418,52.157541],[-3.075699,52.152787],[-3.124662,52.128964],[-3.100814,52.111962],[-3.123086,52.073257],[-3.087559,52.051734],[-3.079885,52.0168],[-3.050843,51.98303],[-2.960848,51.911122],[-2.873592,51.929209],[-2.734996,51.839886],[-2.647043,51.821928],[-2.680994,51.772267],[-2.670556,51.743949],[-2.684353,51.721935],[-2.661616,51.672248],[-2.684043,51.662119],[-2.665354,51.617255],[-2.713124,51.586615],[-2.858713,51.546129],[-2.943349,51.542548],[-2.97468,51.562974],[-3.172719,51.453111],[-3.160064,51.43183],[-3.184804,51.39761]]]}},{"type":"Feature","properties":{"NAMEUNIT":"North West","COUNTRY":"United Kingdom","boundary_level":"admin1"},"geometry":{"type":"Polygon","coordinates":[[[-2.912557,53.170141],[-2.917983,53.189261],[-2.955551,53.215513],[-3.019759,53.246699],[-3.084543,53.258572],[-3.084543,53.275458],[-3.185211,53.377265],[-3.18635,53.392768],[-3.035553,53.433743],[-3.012196,53.416693],[-2.952952,53.32392],[-2.8815,53.288398],[-2.850575,53.28913],[-2.837554,53.302802],[-2.775502,53.299872],[-2.748118,53.309638],[-2.743153,53.338528],[-2.699778,53.351793],[-2.764394,53.34516],[-2.799794,53.321031],[-2.924957,53.350002],[-2.980824,53.392768],[-3.101918,53.558051],[-3.087636,53.587714],[-3.02184,53.652818],[-2.899037,53.735419],[-2.984853,53.73607],[-3.021474,53.745795],[-3.049184,53.769517],[-3.056386,53.803046],[-3.044911,53.878485],[-3.05663,53.906155],[-3.017568,53.931952],[-2.925689,53.952704],[-2.888539,53.946031],[-2.857981,53.967597],[-2.869252,53.978827],[-2.834462,53.999823],[-2.830068,54.016018],[-2.895497,54.002346],[-2.918202,54.034329],[-2.858876,54.081],[-2.826772,54.088813],[-2.795969,54.12519],[-2.854237,54.194078],[-2.810292,54.2119],[-2.795969,54.248725],[-2.820872,54.221747],[-2.904652,54.187649],[-2.939198,54.155097],[-2.997711,54.159573],[-3.017323,54.19009],[-3.008168,54.200344],[-3.01537,54.2119],[-3.049184,54.222073],[-3.061025,54.161933],[-3.117909,54.108832],[-3.145253,54.100043],[-3.145375,54.063788],[-3.189768,54.097886],[-3.240956,54.112128],[-3.233144,54.159166],[-3.248402,54.173651],[-3.215199,54.179836],[-3.207387,54.263007],[-3.231353,54.247219],[-3.240956,54.222073],[-3.232167,54.202541],[-3.306793,54.191881],[-3.407379,54.277737],[-3.413442,54.342963],[-3.440175,54.351752],[-3.474273,54.3935],[-3.634185,54.512885],[-3.590321,54.564643],[-3.563832,54.642768],[-3.509185,54.721666],[-3.468129,54.735297],[-3.439565,54.761461],[-3.430979,54.780463],[-3.440175,54.797431],[-3.387929,54.883368],[-3.34496,54.902533],[-3.306467,54.886176],[-3.254628,54.899807],[-3.317291,54.920315],[-3.276519,54.943427],[-3.213612,54.954413],[-3.122792,54.932685],[-3.02184,54.954413],[-3.090728,54.954413],[-3.040924,54.97248],[-3.02184,54.968085],[-3.050291,54.98151],[-3.026064,55.050749],[-2.953794,55.041034],[-2.822484,55.135189],[-2.718925,55.167228],[-2.685007,55.190827],[-2.640867,55.132139],[-2.59782,55.123561],[-2.587537,55.102993],[-2.547255,55.079946],[-2.485321,55.079377],[-2.494752,55.057983],[-2.481962,55.039121],[-2.560045,55.011888],[-2.567822,54.98605],[-2.591981,54.966619],[-2.565032,54.957731],[-2.5417,54.923004],[-2.593635,54.882723],[-2.566401,54.858254],[-2.563636,54.823553],[-2.500049,54.805234],[-2.399977,54.847195],[-2.361995,54.810763],[-2.305022,54.78322],[-2.353933,54.690771],[-2.280579,54.657698],[-2.30559,54.627725],[-2.296418,54.602972],[-2.191695,54.531349],[-2.163092,54.52799],[-2.150328,54.473006],[-2.155186,54.455643],[-2.276703,54.435489],[-2.295565,54.417712],[-2.283369,54.382727],[-2.347241,54.350223],[-2.306133,54.320509],[-2.303911,54.24855],[-2.329465,54.240772],[-2.352512,54.250487],[-2.400571,54.228267],[-2.447519,54.23023],[-2.51891,54.160209],[-2.547565,54.151062],[-2.545033,54.113545],[-2.467828,54.079671],[-2.448631,54.039906],[-2.354734,54.042438],[-2.335072,53.991046],[-2.300009,53.989108],[-2.274223,53.969936],[-2.227507,53.9827],[-2.222236,53.967972],[-2.190584,53.96575],[-2.174177,53.936036],[-2.105034,53.914642],[-2.097541,53.888546],[-2.032558,53.847618],[-2.04726,53.824389],[-2.120614,53.791342],[-2.121415,53.75522],[-2.159759,53.725506],[-2.151388,53.696516],[-2.098626,53.671918],[-2.046433,53.684114],[-2.017003,53.618562],[-1.98809,53.614661],[-1.97698,53.593835],[-1.897217,53.533012],[-1.918921,53.500766],[-1.963647,53.494668],[-1.982509,53.443818],[-2.013127,53.419944],[-1.981424,53.398291],[-2.018631,53.363306],[-1.998064,53.335763],[-1.990571,53.241608],[-1.970882,53.230188],[-1.976876,53.207295],[-2.068344,53.165747],[-2.138081,53.173809],[-2.134774,53.150244],[-2.157821,53.147454],[-2.246446,53.08384],[-2.30559,53.079112],[-2.335588,53.056038],[-2.365871,53.052163],[-2.366413,53.000228],[-2.449457,52.956871],[-2.512813,52.961625],[-2.52723,52.947156],[-2.577822,52.953564],[-2.5895,52.97687],[-2.622806,52.985758],[-2.727731,52.96654],[-2.813441,52.986844],[-2.855118,53.022863],[-2.897364,53.102238],[-2.956662,53.143812],[-2.912557,53.170141]]]}},{"type":"Feature","properties":{"NAMEUNIT":"West Midlands","COUNTRY":"United Kingdom","boundary_level":"admin1"},"geometry":{"type":"Polygon","coordinates":[[[-3.050843,51.98303],[-3.087559,52.051734],[-3.123758,52.075686],[-3.100814,52.111962],[-3.124662,52.128964],[-3.075699,52.152787],[-3.099418,52.157541],[-3.107661,52.172708],[-3.050998,52.232834],[-3.011904,52.254848],[-2.956378,52.264098],[-2.993275,52.279627],[-2.999476,52.296215],[-2.957334,52.327944],[-2.956662,52.341147],[-3.070557,52.346573],[-3.199309,52.412513],[-3.214657,52.446154],[-3.194632,52.466928],[-3.117996,52.491345],[-3.030844,52.4969],[-2.976377,52.53806],[-3.015238,52.568188],[-3.110684,52.52695],[-3.124662,52.576689],[-3.080608,52.601054],[-3.062935,52.637512],[-3.035753,52.649397],[-3.013274,52.70836],[-2.97369,52.716396],[-2.959944,52.731098],[-2.999941,52.756988],[-3.14032,52.796133],[-3.152232,52.829826],[-3.121898,52.854914],[-3.126859,52.884603],[-3.08035,52.917624],[-2.99281,52.95297],[-2.925941,52.93354],[-2.853154,52.939095],[-2.77949,52.900571],[-2.717685,52.921603],[-2.727731,52.96654],[-2.622806,52.985758],[-2.5895,52.97687],[-2.577822,52.953564],[-2.449457,52.956871],[-2.366413,53.000228],[-2.365871,53.052163],[-2.335588,53.056038],[-2.30559,53.079112],[-2.246446,53.08384],[-2.157821,53.147454],[-2.134774,53.150244],[-2.138081,53.173809],[-2.068344,53.165747],[-1.952537,53.213806],[-1.932254,53.194945],[-1.824198,53.163009],[-1.803683,53.148539],[-1.799471,53.118567],[-1.771695,53.090222],[-1.769189,53.041621],[-1.747536,53.022164],[-1.745573,52.999918],[-1.75782,52.982451],[-1.812235,52.961341],[-1.81699,52.929948],[-1.840321,52.924393],[-1.82394,52.875481],[-1.755029,52.866024],[-1.720846,52.845198],[-1.630593,52.841064],[-1.590853,52.810782],[-1.615012,52.797966],[-1.629197,52.77218],[-1.672528,52.758279],[-1.700356,52.726136],[-1.645863,52.706602],[-1.640049,52.68495],[-1.607829,52.693838],[-1.583076,52.68495],[-1.533906,52.641593],[-1.558917,52.621595],[-1.542252,52.600769],[-1.545843,52.58077],[-1.293378,52.479381],[-1.241133,52.426051],[-1.211703,52.415767],[-1.165272,52.347994],[-1.249479,52.319649],[-1.202557,52.30133],[-1.224209,52.282442],[-1.208913,52.272417],[-1.208086,52.249938],[-1.26586,52.227717],[-1.248652,52.195212],[-1.303093,52.181053],[-1.341411,52.134389],[-1.373632,52.118266],[-1.351126,52.104365],[-1.357793,52.095218],[-1.426161,52.108809],[-1.437529,52.107466],[-1.440578,52.090774],[-1.470292,52.088552],[-1.49533,52.06075],[-1.518093,51.988274],[-1.59336,51.955795],[-1.652529,51.983933],[-1.612273,52.026592],[-1.674466,52.031062],[-1.715885,52.084935],[-1.75782,52.10576],[-1.813915,52.068838],[-1.863343,52.062714],[-1.827816,52.034395],[-1.831976,52.007989],[-1.878898,52.027987],[-1.942253,52.030209],[-2.030852,51.999927],[-2.105861,52.00773],[-2.130019,51.995225],[-2.143326,52.006283],[-2.11493,52.042147],[-2.164772,52.040493],[-2.176347,52.007317],[-2.159966,51.994914],[-2.208077,51.99078],[-2.234199,51.964115],[-2.251717,51.96272],[-2.307812,51.973572],[-2.341686,52.014965],[-2.413077,51.989385],[-2.460878,52.019667],[-2.481445,51.957966],[-2.433903,51.915488],[-2.434471,51.896626],[-2.585496,51.844639],[-2.620041,51.837715],[-2.636138,51.853528],[-2.658877,51.817665],[-2.739647,51.84216],[-2.873592,51.929209],[-2.960848,51.911122],[-3.050843,51.98303]]]}},{"type":"Feature","properties":{"NAMEUNIT":"South West","COUNTRY":"United Kingdom","boundary_level":"admin1"},"geometry":{"type":"MultiPolygon","coordinates":[[[[-6.309153,49.913642],[-6.298818,49.935492],[-6.284169,49.922756],[-6.297271,49.909613],[-6.309153,49.913642]]],[[[-6.348053,49.956204],[-6.341786,49.963609],[-6.326487,49.949205],[-6.332509,49.941718],[-6.348053,49.956204]]],[[[-4.165517,50.37637],[-4.191477,50.417629],[-4.159535,50.459418],[-4.200551,50.459418],[-4.212392,50.441474],[-4.234731,50.4383],[-4.216135,50.415717],[-4.228505,50.397366],[-4.289906,50.397366],[-4.27302,50.381903],[-4.216176,50.387763],[-4.193756,50.376899],[-4.228505,50.370673],[-4.180043,50.356391],[-4.197987,50.342231],[-4.193756,50.322252],[-4.214996,50.323147],[-4.252349,50.356391],[-4.337717,50.370673],[-4.383697,50.367499],[-4.495351,50.328437],[-4.667795,50.315334],[-4.687164,50.342719],[-4.752105,50.330308],[-4.763295,50.322089],[-4.755442,50.301744],[-4.779856,50.284329],[-4.776519,50.26081],[-4.80016,50.22956],[-4.849721,50.234565],[-4.947255,50.199368],[-5.002431,50.14411],[-5.020375,50.191962],[-5.052968,50.195787],[-5.064565,50.158393],[-5.043446,50.14411],[-5.080312,50.132717],[-5.085032,50.109931],[-5.125966,50.09634],[-5.07079,50.089504],[-5.056508,50.060614],[-5.098053,50.01439],[-5.146474,50.010565],[-5.191151,49.959133],[-5.245229,49.993109],[-5.252675,50.027777],[-5.304351,50.080268],[-5.474843,50.130439],[-5.540924,50.113471],[-5.534657,50.082343],[-5.545562,50.068915],[-5.619456,50.04621],[-5.705149,50.052314],[-5.715647,50.082709],[-5.694488,50.089504],[-5.709218,50.132636],[-5.684641,50.161526],[-5.510976,50.219468],[-5.437978,50.194322],[-5.387563,50.240302],[-5.314849,50.253607],[-5.200307,50.330756],[-5.149892,50.350165],[-5.153676,50.399482],[-5.050282,50.428697],[-5.025258,50.524237],[-4.995595,50.548163],[-4.947255,50.562445],[-4.933583,50.52025],[-4.920522,50.527655],[-4.844838,50.514065],[-4.921864,50.554877],[-4.920522,50.589179],[-4.79247,50.595201],[-4.749257,50.644436],[-4.751943,50.670071],[-4.657297,50.711127],[-4.637807,50.741156],[-4.57726,50.774726],[-4.55012,50.809556],[-4.554921,50.897773],[-4.522694,50.972724],[-4.526438,51.01496],[-4.437327,51.01496],[-4.337717,50.996649],[-4.302317,51.007514],[-4.207997,51.076361],[-4.255767,51.151516],[-4.214833,51.151516],[-4.209828,51.172838],[-4.228505,51.19245],[-4.152333,51.211615],[-3.769154,51.247707],[-3.434193,51.209784],[-3.384999,51.186225],[-3.057525,51.208157],[-3.029286,51.220404],[-3.02184,51.213568],[-3.035553,51.199286],[-3.02184,51.19245],[-2.999582,51.233222],[-3.01061,51.310981],[-3.02184,51.322821],[-2.992177,51.321926],[-2.987782,51.346666],[-2.959584,51.374254],[-2.97468,51.384223],[-2.952952,51.398505],[-2.92101,51.394436],[-2.798573,51.482611],[-2.71642,51.499579],[-2.607818,51.607367],[-2.580434,51.618638],[-2.556386,51.659247],[-2.464996,51.725898],[-2.388539,51.750434],[-2.383372,51.773261],[-2.398061,51.782131],[-2.4204,51.753119],[-2.482086,51.742865],[-2.665354,51.617255],[-2.683475,51.659018],[-2.661616,51.672248],[-2.684353,51.721935],[-2.670556,51.743949],[-2.680994,51.772267],[-2.636138,51.853528],[-2.620041,51.837715],[-2.585496,51.844639],[-2.434471,51.896626],[-2.433903,51.915488],[-2.481445,51.957966],[-2.460878,52.019667],[-2.413077,51.989385],[-2.341686,52.014965],[-2.307812,51.973572],[-2.251717,51.96272],[-2.234199,51.964115],[-2.208077,51.99078],[-2.159966,51.994914],[-2.176347,52.007317],[-2.164772,52.040493],[-2.11493,52.042147],[-2.143326,52.006283],[-2.130019,51.995225],[-2.105861,52.00773],[-2.030852,51.999927],[-1.942253,52.030209],[-1.878898,52.027987],[-1.831976,52.007989],[-1.827816,52.034395],[-1.863343,52.062714],[-1.813915,52.068838],[-1.75782,52.10576],[-1.715885,52.084935],[-1.674466,52.031062],[-1.612273,52.026592],[-1.651987,51.989127],[-1.656922,51.959103],[-1.61894,51.944943],[-1.61279,51.931611],[-1.646147,51.909958],[-1.637517,51.893835],[-1.675861,51.855233],[-1.679194,51.797149],[-1.709218,51.774928],[-1.692527,51.762448],[-1.67612,51.704674],[-1.644184,51.679688],[-1.683328,51.678603],[-1.686687,51.669095],[-1.683923,51.650491],[-1.654467,51.631888],[-1.677799,51.599667],[-1.675293,51.572718],[-1.646716,51.568532],[-1.602791,51.520215],[-1.584523,51.517373],[-1.57641,51.488847],[-1.528377,51.45133],[-1.521969,51.42575],[-1.563362,51.412159],[-1.533389,51.377433],[-1.49812,51.366064],[-1.485847,51.343843],[-1.48701,51.332448],[-1.526723,51.329684],[-1.520031,51.30245],[-1.539177,51.275501],[-1.527808,51.252427],[-1.53835,51.244934],[-1.579717,51.257698],[-1.628112,51.234108],[-1.696454,51.236614],[-1.655036,51.171347],[-1.652813,51.126337],[-1.621988,51.10825],[-1.631419,51.086055],[-1.621988,51.034095],[-1.596693,51.017455],[-1.62142,50.994665],[-1.599742,50.976889],[-1.610568,50.95968],[-1.655036,50.950224],[-1.698082,50.974951],[-1.81084,50.992702],[-1.837557,51.009109],[-1.857814,50.994665],[-1.868924,51.005776],[-1.950056,50.988258],[-1.879751,50.924696],[-1.805026,50.929398],[-1.811408,50.905498],[-1.83921,50.891313],[-1.832828,50.865784],[-1.805724,50.867671],[-1.796138,50.831626],[-1.809471,50.802171],[-1.7865,50.768684],[-1.735031,50.777986],[-1.734204,50.75437],[-1.676688,50.75437],[-1.672922,50.740058],[-1.771718,50.72012],[-1.857411,50.726955],[-1.940012,50.690823],[-1.94929,50.713324],[-2.021962,50.72012],[-2.038971,50.739936],[-2.082672,50.698961],[-2.035634,50.713324],[-2.002512,50.681301],[-1.952789,50.676581],[-1.952952,50.651842],[-1.932485,50.644436],[-1.967275,50.617092],[-1.965199,50.6022],[-1.983713,50.596625],[-2.065175,50.595526],[-2.157338,50.62051],[-2.342641,50.633775],[-2.377065,50.647528],[-2.435902,50.637519],[-2.465647,50.58515],[-2.431223,50.570258],[-2.4287,50.557563],[-2.453359,50.527655],[-2.460357,50.565497],[-2.48351,50.590399],[-2.692942,50.692816],[-2.864817,50.733791],[-2.962758,50.723293],[-2.998199,50.708238],[-3.059722,50.713324],[-3.125478,50.685289],[-3.166493,50.692816],[-3.259836,50.674547],[-3.295562,50.637519],[-3.368153,50.617092],[-3.420969,50.629462],[-3.464426,50.678534],[-3.433339,50.610256],[-3.48176,50.568549],[-3.505971,50.520819],[-3.487457,50.459418],[-3.532135,50.454779],[-3.556264,50.432115],[-3.549306,50.415595],[-3.487457,50.404771],[-3.49828,50.383694],[-3.520131,50.374823],[-3.526926,50.349799],[-3.570546,50.356391],[-3.577789,50.334052],[-3.621571,50.321926],[-3.647572,50.274563],[-3.645619,50.22602],[-3.700917,50.213528],[-3.774241,50.222968],[-3.788971,50.212388],[-3.961008,50.322252],[-4.044057,50.296454],[-4.070221,50.309231],[-4.064036,50.322252],[-4.108266,50.336615],[-4.118723,50.351874],[-4.10497,50.370673],[-4.165517,50.37637]]],[[[-4.676422,51.193101],[-4.663971,51.177069],[-4.670481,51.160102],[-4.678538,51.16706],[-4.676422,51.193101]]]]}},{"type":"Feature","properties":{"NAMEUNIT":"Eastern","COUNTRY":"United Kingdom","boundary_level":"admin1"},"geometry":{"type":"MultiPolygon","coordinates":[[[[-2.285464520075097,55.4125],[-2.331455,55.394708],[-2.359464,55.362513],[-2.451913,55.36334],[-2.551545,55.314351],[-2.623065,55.266395],[-2.625494,55.227018],[-2.718925,55.167228],[-2.808196,55.141493],[-2.850288,55.111295],[-2.859458,55.136325],[-2.889456,55.155213],[-2.884211,55.201902],[-2.86367,55.231048],[-2.905605,55.242985],[-2.872558,55.261899],[-2.878656,55.272182],[-2.945034,55.287995],[-2.997538,55.268306],[-3.034486,55.273009],[-3.056966,55.307167],[-3.098384,55.329646],[-3.104482,55.352177],[-3.164194,55.349671],[-3.207525,55.372176],[-3.285014,55.341067],[-3.309482,55.349077],[-3.303385,55.38494],[-3.256482467290788,55.4125],[-2.285464520075097,55.4125]]],[[[-3.343666534375001,55.4125],[-3.44366,55.404396],[-3.5037429759746015,55.4125],[-3.343666534375001,55.4125]]]]}},{"type":"Feature","properties":{"NAMEUNIT":"North East","COUNTRY":"United Kingdom","boundary_level":"admin1"},"geometry":{"type":"Polygon","coordinates":[[[-1.446986,54.497707],[-1.466985,54.49409],[-1.446134,54.451044],[-1.460319,54.441587],[-1.495045,54.478846],[-1.525586,54.480758],[-1.520315,54.466598],[-1.532537,54.465203],[-1.590853,54.508559],[-1.635295,54.509671],[-1.662244,54.53078],[-1.766967,54.528558],[-1.78725,54.481636],[-1.835877,54.504374],[-1.850889,54.480499],[-1.9306,54.454661],[-2.04558,54.479672],[-2.138934,54.449648],[-2.155186,54.455643],[-2.163092,54.52799],[-2.191695,54.531349],[-2.209472,54.552174],[-2.285255,54.587986],[-2.30559,54.627725],[-2.280579,54.657698],[-2.353933,54.690771],[-2.305022,54.78322],[-2.361995,54.810763],[-2.399977,54.847195],[-2.500049,54.805234],[-2.563636,54.823553],[-2.566401,54.858254],[-2.593635,54.882723],[-2.5417,54.923004],[-2.565032,54.957731],[-2.591981,54.966619],[-2.567822,54.98605],[-2.560045,55.011888],[-2.481962,55.039121],[-2.494752,55.057983],[-2.485321,55.079377],[-2.547255,55.079946],[-2.587537,55.102993],[-2.59782,55.123561],[-2.640867,55.132139],[-2.685007,55.190827],[-2.625494,55.227018],[-2.623065,55.266395],[-2.551545,55.314351],[-2.451913,55.36334],[-2.359464,55.362513],[-2.331455,55.394708],[-2.285464520075097,55.4125],[-1.5821168994344468,55.4125],[-1.589345,55.376532],[-1.555816,55.311347],[-1.568227,55.279608],[-1.556467,55.255032],[-1.520985,55.229397],[-1.529164,55.216254],[-1.507965,55.194648],[-1.522125,55.167467],[-1.495961,55.134589],[-1.483754,55.091702],[-1.459584,55.078599],[-1.412913,55.000312],[-1.36266,54.964789],[-1.355824,54.904283],[-1.275461,54.74844],[-1.240468,54.721666],[-1.172231,54.701239],[-1.192454,54.689276],[-1.164703,54.652777],[-1.203725,54.625718],[-1.152659,54.613186],[-1.138051,54.646552],[-1.103627,54.624661],[-0.778836,54.557411],[-0.829453,54.529954],[-0.838341,54.487165],[-1.201704,54.505769],[-1.326684,54.462154],[-1.361979,54.467451],[-1.382106,54.493522],[-1.408358,54.492436],[-1.416704,54.477709],[-1.446986,54.497707]]]}},{"type":"Feature","properties":{"NAMEUNIT":"South Western","COUNTRY":"United Kingdom","boundary_level":"admin1"},"geometry":{"type":"Polygon","coordinates":[[[-2.883101,55.083616],[-2.922323,55.071678],[-2.953794,55.041034],[-3.026064,55.050749],[-3.050291,54.98151],[-3.135406,54.968085],[-3.501047,54.992499],[-3.526031,54.977118],[-3.570546,54.995429],[-3.583608,54.968085],[-3.568756,54.916002],[-3.581695,54.883612],[-3.717641,54.880845],[-3.739247,54.859809],[-3.810129,54.866278],[-3.803334,54.858873],[-3.812367,54.85517],[-3.831288,54.866278],[-3.819976,54.878567],[-3.810129,54.872504],[-3.816965,54.886176],[-3.844309,54.866278],[-3.837473,54.851996],[-3.8579,54.84455],[-3.823842,54.824693],[-3.964182,54.771918],[-4.042877,54.769477],[-4.055776,54.782538],[-4.049957,54.823228],[-4.064036,54.831529],[-4.090077,54.80976],[-4.083852,54.776923],[-4.122955,54.773017],[-4.17394,54.792304],[-4.209137,54.826239],[-4.200551,54.866278],[-4.270741,54.839423],[-4.356923,54.865546],[-4.38679,54.904771],[-4.402903,54.907294],[-4.426503,54.869452],[-4.417226,54.845933],[-4.402903,54.824693],[-4.359609,54.816636],[-4.344472,54.794501],[-4.358144,54.770982],[-4.343861,54.756415],[-4.356516,54.741889],[-4.348134,54.701972],[-4.382395,54.68008],[-4.496734,54.700629],[-4.596669,54.775295],[-4.781077,54.833075],[-4.799631,54.861274],[-4.85912,54.866278],[-4.925771,54.837388],[-4.954823,54.804755],[-4.895985,54.704535],[-4.867258,54.690131],[-4.87206,54.649237],[-4.85912,54.632961],[-4.953684,54.659735],[-4.954701,54.728502],[-4.988189,54.735297],[-5.003285,54.771308],[-5.128245,54.848944],[-5.175526,54.914618],[-5.180653,54.954413],[-5.170806,55.008694],[-5.124582,55.016791],[-5.115142,55.031562],[-5.069488,54.986029],[-5.060862,54.931138],[-5.013092,54.909613],[-4.988189,54.92772],[-5.050282,55.026801],[-5.007802,55.141181],[-4.867258,55.22248],[-4.838002,55.284003],[-4.838002,55.325019],[-4.773101,55.369371],[-4.7503057620043565,55.4125],[-3.44366,55.404396],[-3.256482467290788,55.4125],[-3.303385,55.38494],[-3.303901,55.34272],[-3.207525,55.372176],[-3.164194,55.349671],[-3.104482,55.352177],[-3.098384,55.329646],[-3.056966,55.307167],[-3.034486,55.273009],[-2.997538,55.268306],[-2.945034,55.287995],[-2.878656,55.272182],[-2.872558,55.261899],[-2.905605,55.242985],[-2.86367,55.231048],[-2.884211,55.201902],[-2.889456,55.155213],[-2.859458,55.136325],[-2.850288,55.111295],[-2.883101,55.083616]]]}},{"type":"Feature","properties":{"NAMEUNIT":"Capital Region","COUNTRY":"Belgium","boundary_level":"admin1"},"geometry":{"type":"Polygon","coordinates":[[[4.398429,50.767791],[4.355279,50.767145],[4.327632,50.778979],[4.301226,50.814404],[4.283035,50.808409],[4.24557,50.821638],[4.257456,50.836934],[4.282829,50.839622],[4.289174,50.856428],[4.278953,50.867785],[4.297918,50.891453],[4.334609,50.903132],[4.377345,50.898584],[4.403286,50.914811],[4.436194,50.889293],[4.42003,50.869491],[4.460231,50.853214],[4.476099,50.821535],[4.446488,50.810993],[4.479746,50.795423],[4.398429,50.767791]]]}},{"type":"Feature","properties":{"NAMEUNIT":"Dublin","COUNTRY":"Ireland","boundary_level":"admin1"},"geometry":{"type":"Polygon","coordinates":[[[-6.168365,53.306342],[-6.096995,53.285549],[-6.106557,53.24315],[-6.088938,53.204088],[-6.124659,53.191947],[-6.182175,53.209466],[-6.234627,53.200526],[-6.291729,53.216494],[-6.325164,53.176806],[-6.383558,53.209776],[-6.521638,53.241608],[-6.5066,53.262176],[-6.529183,53.283363],[-6.456319,53.388421],[-6.393325,53.436274],[-6.348883,53.449606],[-6.327024,53.486916],[-6.409603,53.540143],[-6.412342,53.563863],[-6.365937,53.588771],[-6.315914,53.572389],[-6.26894,53.59492],[-6.243102,53.629285],[-6.197994,53.634469],[-6.169789,53.605658],[-6.092397,53.577135],[-6.077301,53.554633],[-6.081532,53.525946],[-6.133372,53.461086],[-6.158355,53.472846],[-6.194814,53.461086],[-6.130605,53.442613],[-6.112904,53.412665],[-6.126536,53.398993],[-6.050852,53.385403],[-6.062001,53.367377],[-6.132314,53.391588],[-6.215321,53.358059],[-6.21817,53.347154],[-6.168365,53.306342]]]}},{"type":"Feature","properties":{"NAMEUNIT":"Mid-East","COUNTRY":"Ireland","boundary_level":"admin1"},"geometry":{"type":"Polygon","coordinates":[[[-6.076975,53.195217],[-6.078114,53.166205],[-6.030385,53.111029],[-6.051625,53.009263],[-5.99352,52.957424],[-6.037953,52.919664],[-6.071929,52.872016],[-6.064443,52.864569],[-6.130116,52.815985],[-6.153879,52.768378],[-6.151031,52.741563],[-6.169876,52.765358],[-6.229304,52.776107],[-6.24274,52.790318],[-6.292711,52.7805],[-6.3232,52.79068],[-6.385212,52.780861],[-6.441074,52.7235],[-6.524997,52.682934],[-6.609074,52.711718],[-6.657702,52.767632],[-6.685349,52.769337],[-6.682765,52.79993],[-6.658374,52.831866],[-6.585872,52.804891],[-6.518227,52.821117],[-6.511561,52.858583],[-6.496213,52.867471],[-6.502001,52.878168],[-6.548923,52.876566],[-6.731031,52.915892],[-6.773199,52.871605],[-6.884458,52.863544],[-6.931018,52.884524],[-6.939493,52.920543],[-6.982436,52.966948],[-7.050701,52.975268],[-7.077056,52.997954],[-7.046774,53.055935],[-7.091009,53.136292],[-7.062483,53.159805],[-7.143667,53.182801],[-7.028997,53.187658],[-7.014993,53.21391],[-7.060881,53.227449],[-7.018042,53.249877],[-7.011892,53.279332],[-6.987759,53.307186],[-7.070855,53.362014],[-7.0738,53.375657],[-7.181597,53.427592],[-7.061036,53.468261],[-7.053492,53.49937],[-7.023002,53.506398],[-7.0075,53.539678],[-7.01246,53.571821],[-6.981455,53.580502],[-6.950759,53.653883],[-6.997836,53.671453],[-7.053595,53.648509],[-7.161805,53.685096],[-7.217823,53.708867],[-7.222215,53.730106],[-7.2726,53.768811],[-7.338539,53.795373],[-7.28371,53.806018],[-7.215239,53.777286],[-7.138138,53.799921],[-6.97391,53.775323],[-6.908281,53.808602],[-6.961249,53.870769],[-6.930192,53.867152],[-6.922699,53.890974],[-6.869317,53.878107],[-6.783172,53.891853],[-6.726328,53.916503],[-6.587215,53.864413],[-6.558741,53.804985],[-6.507065,53.77186],[-6.445673,53.764677],[-6.461176,53.735893],[-6.448102,53.716825],[-6.309144,53.715791],[-6.245798,53.729641],[-6.229888,53.656562],[-6.197994,53.634469],[-6.243102,53.629285],[-6.26894,53.59492],[-6.315914,53.572389],[-6.365937,53.588771],[-6.412342,53.563863],[-6.409603,53.540143],[-6.327024,53.486916],[-6.348883,53.449606],[-6.393325,53.436274],[-6.456319,53.388421],[-6.52293,53.299693],[-6.528562,53.276283],[-6.5066,53.262176],[-6.523808,53.244502],[-6.383558,53.209776],[-6.332089,53.176806],[-6.28558,53.217114],[-6.234627,53.200526],[-6.188945,53.210241],[-6.130395,53.192619],[-6.088938,53.204088],[-6.076975,53.195217]]]}},{"type":"Feature","properties":{"NAMEUNIT":"South-East","COUNTRY":"Ireland","boundary_level":"admin1"},"geometry":{"type":"Polygon","coordinates":[[[-6.997385,52.289211],[-6.969472,52.220364],[-6.97997,52.18594],[-6.955149,52.179348],[-7.017201,52.138373],[-7.106028,52.130927],[-7.071848,52.165717],[-7.106353,52.173],[-7.120229,52.165717],[-7.106028,52.152045],[-7.149648,52.156317],[-7.187367,52.132758],[-7.435455,52.125678],[-7.565297,52.083726],[-7.582631,52.104234],[-7.599965,52.10102],[-7.631093,52.079047],[-7.627349,52.06269],[-7.602162,52.071682],[-7.545155,52.054999],[-7.582631,52.02851],[-7.589915,51.991156],[-7.709299,51.973863],[-7.723297,51.944566],[-7.829335,51.953437],[-7.849843,51.980129],[-7.917005,51.982564],[-7.933748,52.011606],[-8.005733,52.05274],[-8.063301,52.134803],[-8.145001,52.143329],[-8.096632,52.21795],[-8.150582,52.238879],[-8.184637,52.281202],[-8.155233,52.312414],[-8.177971,52.324145],[-8.17239,52.365383],[-8.207995,52.370447],[-8.243341,52.407344],[-8.269851,52.407447],[-8.317911,52.433802],[-8.373256,52.438247],[-8.392738,52.455455],[-8.381628,52.484962],[-8.355118,52.501912],[-8.335377,52.50062],[-8.322768,52.471423],[-8.312329,52.501033],[-8.230474,52.515865],[-8.227632,52.577256],[-8.187428,52.665364],[-8.099571,52.676224],[-7.924913,52.562335],[-7.935971,52.528414],[-7.925451,52.523731],[-7.907284,52.563778],[-7.841043,52.556193],[-7.774316,52.572299],[-7.698172,52.599574],[-7.64221,52.65353],[-7.636039,52.676978],[-7.647746,52.715935],[-7.629632,52.731459],[-7.668234,52.779828],[-7.618728,52.785616],[-7.562401,52.818895],[-7.453364,52.785616],[-7.391714,52.802255],[-7.362155,52.823598],[-7.340296,52.821221],[-7.304897,52.854138],[-7.248002,52.850935],[-7.183458,52.888193],[-7.138034,52.869176],[-7.119741,52.832228],[-7.075092,52.820807],[-7.047394,52.79316],[-6.937685,52.825096],[-6.931018,52.884524],[-6.879652,52.862665],[-6.781105,52.869951],[-6.731031,52.915892],[-6.548923,52.876566],[-6.510579,52.882044],[-6.496006,52.871037],[-6.511561,52.858583],[-6.513783,52.823133],[-6.585872,52.804891],[-6.658374,52.831866],[-6.687622,52.787631],[-6.685349,52.769337],[-6.657702,52.767632],[-6.609074,52.711718],[-6.544375,52.682831],[-6.48195,52.696422],[-6.366712,52.787631],[-6.292711,52.7805],[-6.248683,52.79161],[-6.229304,52.776107],[-6.172408,52.766702],[-6.151031,52.741563],[-6.215321,52.665961],[-6.209096,52.545844],[-6.356191,52.409003],[-6.366119,52.344428],[-6.390045,52.358832],[-6.468861,52.360012],[-6.462961,52.377997],[-6.49649,52.364325],[-6.456125,52.335842],[-6.454986,52.312242],[-6.423736,52.307929],[-6.409169,52.289252],[-6.372955,52.322699],[-6.38976,52.2956],[-6.318349,52.24079],[-6.369862,52.179999],[-6.399485,52.185492],[-6.382314,52.211982],[-6.425608,52.193793],[-6.469106,52.19359],[-6.448638,52.199774],[-6.472564,52.206977],[-6.579742,52.178209],[-6.715566,52.21662],[-6.805572,52.212836],[-6.77599,52.233222],[-6.764027,52.261298],[-6.792958,52.240424],[-6.832265,52.24079],[-6.839101,52.212836],[-6.818593,52.220364],[-6.832265,52.19359],[-6.818593,52.186184],[-6.932118,52.124661],[-6.948964,52.130927],[-6.90392,52.162299],[-6.92101,52.212836],[-6.970123,52.247382],[-6.997385,52.289211]]]}},{"type":"Feature","properties":{"NAMEUNIT":"South-West","COUNTRY":"Ireland","boundary_level":"admin1"},"geometry":{"type":"MultiPolygon","coordinates":[[[[-9.799306,51.636786],[-9.892161,51.611274],[-9.917877,51.619371],[-9.881663,51.641059],[-9.799306,51.636786]]],[[[-8.429351,51.884508],[-8.329254,51.861314],[-8.347401,51.829901],[-8.298329,51.829901],[-8.305165,51.81623],[-8.292104,51.810004],[-8.319488,51.802558],[-8.284657,51.802558],[-8.305165,51.782131],[-8.297353,51.766018],[-8.345693,51.724677],[-8.435536,51.692694],[-8.4558,51.712307],[-8.483957,51.713813],[-8.464182,51.695014],[-8.483957,51.678412],[-8.491119,51.698676],[-8.512441,51.706041],[-8.55842,51.706366],[-8.497548,51.692694],[-8.539174,51.648383],[-8.531728,51.610785],[-8.572662,51.644965],[-8.757639,51.644965],[-8.690012,51.631293],[-8.702952,51.617011],[-8.682525,51.610785],[-8.699778,51.597235],[-8.696156,51.576646],[-8.853871,51.595933],[-8.88801,51.555569],[-8.933176,51.535346],[-8.991119,51.562974],[-9.072865,51.549384],[-9.120758,51.562974],[-9.107737,51.549384],[-9.115712,51.537909],[-9.1433,51.523871],[-9.192535,51.524604],[-9.189605,51.508368],[-9.223785,51.487291],[-9.26476,51.487291],[-9.272125,51.508368],[-9.349233,51.474026],[-9.381418,51.473619],[-9.346669,51.500922],[-9.376861,51.494615],[-9.319936,51.535061],[-9.327463,51.542548],[-9.401845,51.500922],[-9.413889,51.511135],[-9.401845,51.545966],[-9.443267,51.559516],[-9.456532,51.555569],[-9.447987,51.543647],[-9.547475,51.525295],[-9.556304,51.508124],[-9.611318,51.493842],[-9.628407,51.494086],[-9.655914,51.520168],[-9.717193,51.480414],[-9.703521,51.473619],[-9.820221,51.445705],[-9.813385,51.473619],[-9.833892,51.487291],[-9.683095,51.542548],[-9.621653,51.582831],[-9.545888,51.610785],[-9.59203,51.613715],[-9.785024,51.552476],[-9.847524,51.549384],[-9.786366,51.573472],[-9.770334,51.592231],[-9.594553,51.655504],[-9.458608,51.683987],[-9.442942,51.720038],[-9.489817,51.714545],[-9.525461,51.726874],[-9.525461,51.747301],[-9.560211,51.761623],[-9.545888,51.720038],[-9.62682,51.685045],[-9.874135,51.656195],[-9.930084,51.637437],[-9.941884,51.621324],[-10.028798,51.596503],[-10.070058,51.603949],[-10.156077,51.582831],[-10.162831,51.590277],[-10.1433,51.613593],[-10.059804,51.631293],[-10.070668,51.65705],[-10.100819,51.659247],[-10.088124,51.671617],[-10.003774,51.678046],[-9.956858,51.706366],[-9.997792,51.713813],[-9.980702,51.731879],[-9.888539,51.761623],[-9.902252,51.741156],[-9.867909,51.748603],[-9.8544,51.775295],[-9.785512,51.7685],[-9.813385,51.788275],[-9.73766,51.836737],[-9.671051,51.843004],[-9.580719,51.877672],[-9.758046,51.846991],[-9.791737,51.826809],[-9.840077,51.823676],[-9.833892,51.81623],[-9.86384,51.804267],[-9.874867,51.802558],[-9.868031,51.823676],[-9.882192,51.823676],[-10.016754,51.774644],[-10.039377,51.782131],[-10.13561,51.741156],[-10.12975,51.75434],[-10.224355,51.782131],[-10.186147,51.789618],[-10.177073,51.813666],[-10.194203,51.839097],[-10.234609,51.85102],[-10.341054,51.788275],[-10.341054,51.843573],[-10.388905,51.846177],[-10.381947,51.877672],[-10.395619,51.884508],[-10.25414,51.908677],[-10.255035,51.925482],[-10.306874,51.953437],[-10.258453,51.973863],[-10.266225,51.988471],[-10.128163,52.02851],[-10.033274,52.041083],[-9.992665,52.055894],[-9.971059,52.089911],[-9.954335,52.064154],[-9.926381,52.06269],[-9.908437,52.130927],[-9.877512,52.119534],[-9.77184,52.124701],[-9.792958,52.138373],[-9.758168,52.152045],[-9.956858,52.145209],[-9.943756,52.124701],[-9.954661,52.108791],[-9.970326,52.131659],[-9.997792,52.138373],[-10.186269,52.109442],[-10.217519,52.130927],[-10.242055,52.119778],[-10.27892,52.136379],[-10.306874,52.124701],[-10.272084,52.111721],[-10.368316,52.124701],[-10.354075,52.111721],[-10.436594,52.097398],[-10.460764,52.103013],[-10.478179,52.152045],[-10.450917,52.165717],[-10.461293,52.179999],[-10.428212,52.196357],[-10.409291,52.199774],[-10.416656,52.186184],[-10.37206,52.175605],[-10.366567,52.228217],[-10.320546,52.234565],[-10.275787,52.268134],[-10.171864,52.286811],[-10.156077,52.278632],[-10.166249,52.234565],[-10.071441,52.251288],[-10.036041,52.290351],[-10.059804,52.309638],[-10.013539,52.306342],[-10.008778,52.253363],[-9.947499,52.237616],[-9.872222,52.232652],[-9.825592,52.258246],[-9.810048,52.242133],[-9.73766,52.248236],[-9.869374,52.273139],[-9.881093,52.296047],[-9.849233,52.284735],[-9.833892,52.289211],[-9.861887,52.303453],[-9.826487,52.309638],[-9.837636,52.326402],[-9.834462,52.37523],[-9.949941,52.412095],[-9.748931,52.456732],[-9.703521,52.483547],[-9.634633,52.473578],[-9.650502,52.493842],[-9.683095,52.494615],[-9.675649,52.545844],[-9.648305,52.57038],[-9.617909,52.577216],[-9.470326,52.561835],[-9.446523,52.576239],[-9.362542,52.575426],[-9.300331,52.506408],[-9.32865,52.457522],[-9.309685,52.430598],[-9.328805,52.398921],[-9.30524,52.373083],[-9.33175,52.351327],[-9.216615,52.293966],[-9.121117,52.331586],[-9.025826,52.31567],[-8.973168,52.293036],[-8.970481,52.305335],[-8.89586,52.321665],[-8.873329,52.344971],[-8.794264,52.379232],[-8.667863,52.373341],[-8.588127,52.311949],[-8.49914,52.276964],[-8.389431,52.289522],[-8.337961,52.319908],[-8.31512,52.317479],[-8.272332,52.282701],[-8.184637,52.281202],[-8.145208,52.235055],[-8.099836,52.224771],[-8.099113,52.209217],[-8.118853,52.195626],[-8.145001,52.143329],[-8.063301,52.134803],[-8.005733,52.05274],[-7.933748,52.011606],[-7.917005,51.982564],[-7.851804,51.977105],[-7.869862,51.929511],[-7.922231,51.911811],[-7.880605,51.891995],[-7.891469,51.881903],[-8.008168,51.85578],[-8.023061,51.843573],[-8.00414,51.829901],[-8.020579,51.82392],[-8.134185,51.804755],[-8.246205,51.80272],[-8.247955,51.813422],[-8.223256,51.823676],[-8.230092,51.836737],[-8.175404,51.857164],[-8.202789,51.864],[-8.18224,51.884508],[-8.187082,51.893134],[-8.210194,51.884508],[-8.284657,51.891995],[-8.293202,51.903306],[-8.429351,51.884508]]],[[[-10.304555,51.910712],[-10.405832,51.884101],[-10.429026,51.889838],[-10.351674,51.931138],[-10.301625,51.924791],[-10.304555,51.910712]]]]}},{"type":"Feature","properties":{"NAMEUNIT":"Mid-West","COUNTRY":"Ireland","boundary_level":"admin1"},"geometry":{"type":"Polygon","coordinates":[[[-9.362542,52.575426],[-9.23648,52.58161],[-9.052398,52.631822],[-9.044179,52.620836],[-9.005605,52.620836],[-8.95995,52.652289],[-8.751169,52.67296],[-8.867502,52.693305],[-8.960846,52.693671],[-8.949371,52.706936],[-8.952056,52.73432],[-8.969879,52.748481],[-8.942616,52.775214],[-9.02359,52.747138],[-9.058217,52.696763],[-9.146799,52.623765],[-9.254791,52.611396],[-9.285797,52.590806],[-9.333079,52.597724],[-9.278676,52.625718],[-9.278961,52.639309],[-9.434478,52.612006],[-9.524892,52.63703],[-9.544179,52.666653],[-9.580719,52.665961],[-9.552805,52.639309],[-9.694407,52.605618],[-9.706858,52.580227],[-9.93635,52.556708],[-9.87564,52.586819],[-9.824086,52.59516],[-9.621653,52.713772],[-9.628407,52.727444],[-9.498647,52.752509],[-9.483795,52.78266],[-9.491282,52.803168],[-9.450347,52.830471],[-9.42748,52.877753],[-9.365305,52.91413],[-9.354075,52.933498],[-9.477651,52.940334],[-9.387603,53.008612],[-9.39509,53.015448],[-9.341624,53.076972],[-9.272206,53.146674],[-9.251088,53.151923],[-9.158599,53.111029],[-9.096669,53.127021],[-9.072865,53.118476],[-9.070058,53.134467],[-9.128163,53.15941],[-9.069569,53.166205],[-9.00128,53.145645],[-9.022054,53.126783],[-9.018023,53.107973],[-8.890692,53.055625],[-8.877721,53.013819],[-8.885163,52.983536],[-8.862167,52.969015],[-8.778244,52.97656],[-8.718661,53.017539],[-8.679025,53.028443],[-8.596963,53.033404],[-8.51764,53.008393],[-8.476506,52.976508],[-8.345299,52.972271],[-8.309436,52.980126],[-8.25285,53.04529],[-8.206444,53.070508],[-8.137508,53.152828],[-8.07653,53.170398],[-7.941189,53.117688],[-7.916281,53.083065],[-7.927702,53.042137],[-7.960258,53.025239],[-7.945995,52.992218],[-7.994106,52.982709],[-7.968888,52.954184],[-7.973332,52.940438],[-7.995708,52.926744],[-8.042889,52.929018],[-8.027747,52.893516],[-7.991264,52.878633],[-7.9785,52.854759],[-7.948217,52.866334],[-7.948631,52.889847],[-7.920002,52.883077],[-7.856957,52.921731],[-7.847293,52.934599],[-7.85396,52.946329],[-7.813135,52.96917],[-7.728489,52.955941],[-7.708025,52.936821],[-7.656556,52.922041],[-7.702548,52.887315],[-7.712521,52.849074],[-7.629632,52.731459],[-7.647746,52.715935],[-7.636039,52.676978],[-7.64221,52.65353],[-7.698172,52.599574],[-7.841043,52.556193],[-7.907284,52.563778],[-7.930743,52.522691],[-7.924913,52.562335],[-8.099571,52.676224],[-8.141121,52.676224],[-8.187428,52.665364],[-8.227632,52.577256],[-8.231921,52.514469],[-8.312329,52.501033],[-8.322768,52.471423],[-8.341578,52.502945],[-8.381628,52.484962],[-8.392841,52.451682],[-8.378424,52.440314],[-8.317911,52.433802],[-8.269851,52.407447],[-8.243341,52.407344],[-8.207995,52.370447],[-8.168514,52.361559],[-8.177971,52.324145],[-8.155233,52.312414],[-8.184637,52.281202],[-8.272332,52.282701],[-8.329899,52.320528],[-8.381369,52.29133],[-8.49914,52.276964],[-8.588127,52.311949],[-8.667863,52.373341],[-8.794264,52.379232],[-8.873329,52.344971],[-8.89586,52.321665],[-8.970481,52.305335],[-8.973168,52.293036],[-9.025826,52.31567],[-9.121117,52.331586],[-9.216615,52.293966],[-9.33175,52.351327],[-9.30524,52.373083],[-9.328805,52.398921],[-9.309685,52.430598],[-9.32865,52.457522],[-9.299453,52.499431],[-9.362542,52.575426]]]}},{"type":"Feature","properties":{"NAMEUNIT":"West","COUNTRY":"Ireland","boundary_level":"admin1"},"geometry":{"type":"MultiPolygon","coordinates":[[[[-9.642445,53.093817],[-9.660512,53.090644],[-9.811431,53.1376],[-9.777496,53.146796],[-9.671051,53.13052],[-9.671539,53.109198],[-9.642445,53.093817]]],[[[-9.692372,53.226386],[-9.720082,53.266059],[-9.698883,53.280666],[-9.671457,53.280748],[-9.638336,53.251044],[-9.658315,53.232652],[-9.692372,53.226386]]],[[[-9.022084,53.275458],[-9.401438,53.247992],[-9.511708,53.228339],[-9.566396,53.261786],[-9.547271,53.27912],[-9.57136,53.290473],[-9.585194,53.250434],[-9.612294,53.236151],[-9.628407,53.248196],[-9.60912,53.276313],[-9.617299,53.321479],[-9.576975,53.32392],[-9.56078,53.341213],[-9.601145,53.364895],[-9.552805,53.385403],[-9.621653,53.378485],[-9.606597,53.349351],[-9.634633,53.330064],[-9.652496,53.341254],[-9.637766,53.377509],[-9.652659,53.392808],[-9.743072,53.314399],[-9.806711,53.301581],[-9.842926,53.32331],[-9.902252,53.32392],[-9.887196,53.359198],[-9.785512,53.392768],[-9.820221,53.398993],[-9.799184,53.419501],[-9.860178,53.394232],[-9.881093,53.40644],[-9.847524,53.433743],[-9.884755,53.419501],[-9.911448,53.425971],[-9.925649,53.409735],[-9.922353,53.389228],[-9.961415,53.379584],[-10.01415,53.381252],[-10.063222,53.412665],[-10.176503,53.412665],[-10.142242,53.445705],[-10.067983,53.443834],[-10.052968,53.453599],[-10.087148,53.481513],[-10.020579,53.470445],[-10.012074,53.481513],[-10.107289,53.494452],[-10.152659,53.543606],[-10.203236,53.543606],[-10.180287,53.555487],[-10.107655,53.549791],[-10.115102,53.570299],[-10.070668,53.570014],[-10.025746,53.562893],[-10.005238,53.543606],[-9.971059,53.562893],[-10.046783,53.59927],[-9.930735,53.599799],[-9.867909,53.617377],[-9.822865,53.606431],[-9.696767,53.598212],[-9.714101,53.609849],[-9.783762,53.606269],[-9.908437,53.646064],[-9.922678,53.690741],[-9.899526,53.743842],[-9.908437,53.762112],[-9.789215,53.786607],[-9.752024,53.776353],[-9.566396,53.796291],[-9.621653,53.817328],[-9.560211,53.865139],[-9.586903,53.871975],[-9.566396,53.899319],[-9.758168,53.899319],[-9.910756,53.85871],[-9.943756,53.879381],[-9.908437,53.920356],[-9.915883,53.953843],[-9.868031,53.961371],[-9.811635,53.941718],[-9.807607,53.91828],[-9.787506,53.916083],[-9.785512,53.947089],[-9.812652,53.966295],[-9.831695,53.956285],[-9.849599,53.997504],[-9.877675,54.001899],[-9.898915,54.025336],[-9.897694,54.055121],[-9.861887,54.071234],[-9.876088,54.080634],[-9.833892,54.112128],[-9.881093,54.112128],[-9.879709,54.100246],[-9.895375,54.097886],[-9.888539,54.091051],[-9.917388,54.069729],[-9.945546,54.06623],[-9.970693,54.078559],[-9.990956,54.104682],[-9.908437,54.118354],[-9.95108,54.141262],[-9.956858,54.153144],[-9.930084,54.145697],[-9.977284,54.180487],[-9.952016,54.174628],[-9.93635,54.187323],[-10.010894,54.218329],[-10.025746,54.20775],[-10.011464,54.197089],[-10.016998,54.188666],[-10.052968,54.187323],[-10.039377,54.166815],[-10.087148,54.159329],[-10.06664,54.12519],[-10.094594,54.118354],[-10.066884,54.094916],[-10.117421,54.095893],[-10.128163,54.12519],[-10.091217,54.194973],[-10.059804,54.222073],[-10.115102,54.235053],[-10.096059,54.235175],[-10.073476,54.269192],[-9.997792,54.303941],[-9.971791,54.277248],[-9.881093,54.263007],[-9.927154,54.226752],[-9.977284,54.242499],[-9.983632,54.222968],[-9.909901,54.204413],[-9.868031,54.228217],[-9.881663,54.240383],[-9.875152,54.256496],[-9.843861,54.276597],[-9.765004,54.255561],[-9.799184,54.283515],[-9.758168,54.283515],[-9.829213,54.296861],[-9.846018,54.321438],[-9.785512,54.33808],[-9.706939,54.317613],[-9.494374,54.317613],[-9.384511,54.297187],[-9.322011,54.317084],[-9.268422,54.303941],[-9.24767,54.276597],[-9.2176,54.283515],[-9.209462,54.267564],[-9.2176,54.248725],[-9.195872,54.242499],[-9.215077,54.227118],[-9.210357,54.217841],[-9.149322,54.180609],[-9.141225,54.145697],[-9.133863,54.165057],[-9.094194,54.142019],[-9.028255,54.156591],[-8.948001,54.141605],[-8.923093,54.108584],[-8.948363,54.101091],[-8.999419,54.055874],[-9.00469,54.026263],[-8.935237,54.013293],[-8.889504,54.021251],[-8.854622,53.976912],[-8.818293,53.969936],[-8.76517,53.974949],[-8.680782,54.010709],[-8.668742,54.030242],[-8.645126,54.032206],[-8.589987,54.014378],[-8.583217,53.958154],[-8.529681,53.954175],[-8.512059,53.928543],[-8.451339,53.911697],[-8.422297,53.926321],[-8.336927,53.924874],[-8.351914,53.948852],[-8.400334,53.960531],[-8.388501,53.995619],[-8.319564,54.001252],[-8.28675,54.036754],[-8.233213,54.039182],[-8.230061,54.056184],[-8.166085,54.088895],[-8.157249,54.108067],[-8.116166,54.112201],[-8.049865,54.090652],[-8.054206,54.067708],[-8.089191,54.050293],[-8.083558,54.009365],[-8.065213,53.998616],[-8.106709,53.952624],[-8.092188,53.943736],[-8.092705,53.920482],[-8.059218,53.91304],[-8.023768,53.940946],[-7.985476,53.900276],[-7.983667,53.86493],[-7.939846,53.839763],[-7.915351,53.798835],[-7.884655,53.780542],[-7.893854,53.765607],[-7.928839,53.755375],[-7.922017,53.741733],[-7.949354,53.735532],[-7.948889,53.722974],[-7.987698,53.695121],[-8.032347,53.619156],[-7.962997,53.524278],[-7.957674,53.454567],[-7.932404,53.398033],[-7.932921,53.375709],[-8.012503,53.323877],[-8.047643,53.282123],[-8.031261,53.261917],[-7.977363,53.236647],[-7.976588,53.207502],[-8.137508,53.152828],[-8.206444,53.070508],[-8.25285,53.04529],[-8.309436,52.980126],[-8.476506,52.976508],[-8.51764,53.008393],[-8.596963,53.033404],[-8.679025,53.028443],[-8.718661,53.017539],[-8.778244,52.97656],[-8.838292,52.978679],[-8.857102,52.968343],[-8.885163,52.983536],[-8.877721,53.013819],[-8.890692,53.055625],[-9.009651,53.099602],[-9.022777,53.122804],[-9.003088,53.137532],[-9.004058,53.151923],[-9.045644,53.166205],[-8.978871,53.175767],[-8.974233,53.157945],[-8.936391,53.145738],[-8.956858,53.179877],[-8.894846,53.220893],[-9.031484,53.21662],[-9.045644,53.220893],[-8.963124,53.235175],[-8.991119,53.248196],[-8.942616,53.268622],[-9.022084,53.275458]]],[[[-9.922678,53.953843],[-9.93635,53.892483],[-9.957997,53.880601],[-10.0183,53.912909],[-10.055531,53.913723],[-10.055816,53.958808],[-10.06664,53.967597],[-10.162831,53.961371],[-10.26594,53.981838],[-10.218495,53.986029],[-10.189565,54.016018],[-10.156077,54.016018],[-10.134429,54.000312],[-10.063222,54.022773],[-9.975901,54.021145],[-9.93635,53.989244],[-9.956858,53.989244],[-9.963612,53.953843],[-9.922678,53.953843]]]]}},{"type":"Feature","properties":{"NAMEUNIT":"Yorkshire and the Humber","COUNTRY":"United Kingdom","boundary_level":"admin1"},"geometry":{"type":"Polygon","coordinates":[[[-1.531426,53.289667],[-1.614754,53.308013],[-1.581939,53.330233],[-1.650256,53.351886],[-1.646406,53.376587],[-1.734204,53.410797],[-1.731155,53.441028],[-1.78725,53.468571],[-1.816137,53.516062],[-1.897217,53.533012],[-1.97698,53.593835],[-1.98809,53.614661],[-2.017003,53.618562],[-2.046433,53.684114],[-2.098626,53.671918],[-2.151388,53.696516],[-2.159759,53.725506],[-2.121415,53.75522],[-2.120614,53.791342],[-2.04726,53.824389],[-2.032558,53.847618],[-2.097541,53.888546],[-2.105034,53.914642],[-2.174177,53.936036],[-2.190584,53.96575],[-2.222236,53.967972],[-2.227507,53.9827],[-2.274223,53.969936],[-2.300009,53.989108],[-2.335072,53.991046],[-2.354734,54.042438],[-2.448631,54.039906],[-2.467828,54.079671],[-2.545033,54.113545],[-2.547565,54.151062],[-2.51891,54.160209],[-2.447519,54.23023],[-2.400571,54.228267],[-2.352512,54.250487],[-2.329465,54.240772],[-2.303911,54.24855],[-2.306133,54.320509],[-2.347241,54.350223],[-2.283369,54.382727],[-2.295565,54.417712],[-2.276703,54.435489],[-2.168389,54.459674],[-2.138934,54.449648],[-2.04558,54.479672],[-1.9306,54.454661],[-1.850889,54.480499],[-1.835877,54.504374],[-1.78725,54.481636],[-1.766967,54.528558],[-1.748932,54.530496],[-1.662244,54.53078],[-1.635295,54.509671],[-1.600336,54.512435],[-1.532537,54.465203],[-1.520315,54.466598],[-1.525586,54.480758],[-1.495045,54.478846],[-1.460319,54.441587],[-1.446134,54.451044],[-1.466675,54.482721],[-1.459466,54.498534],[-1.416704,54.477709],[-1.408358,54.492436],[-1.382106,54.493522],[-1.361979,54.467451],[-1.326684,54.462154],[-1.201704,54.505769],[-0.838341,54.487165],[-0.829453,54.529954],[-0.778836,54.557411],[-0.534657,54.461005],[-0.520416,54.420071],[-0.447743,54.373196],[-0.41454,54.297309],[-0.390736,54.283515],[-0.397572,54.269192],[-0.370473,54.247707],[-0.277089,54.21776],[-0.260365,54.176988],[-0.233876,54.160468],[-0.11144,54.131578],[-0.07551,54.112128],[-0.16393,54.083401],[-0.194692,54.062323],[-0.219472,54.022773],[-0.151112,53.899319],[0.133474,53.642646],[0.149262,53.609605],[0.136892,53.577135],[0.10963,53.562893],[0.135997,53.610663],[0.034516,53.646064],[-0.045033,53.625556],[-0.092275,53.631049],[-0.260365,53.735419],[-0.305165,53.739691],[-0.431142,53.714301],[-0.544423,53.709459],[-0.579172,53.727973],[-0.637034,53.732001],[-0.726471,53.700629],[-0.692454,53.686998],[-0.67748,53.702826],[-0.619537,53.711859],[-0.529937,53.67768],[-0.486318,53.694485],[-0.30724,53.71426],[-0.279368,53.707099],[-0.188629,53.620429],[-0.095937,53.577135],[-0.04662,53.57038],[0.021795,53.524706],[-0.058079,53.510222],[-0.092521,53.461905],[-0.072807,53.442449],[-0.113631,53.426868],[-0.190577,53.477434],[-0.184195,53.501334],[-0.197812,53.535492],[-0.170811,53.564664],[-0.208638,53.566085],[-0.286695,53.607994],[-0.290855,53.582983],[-0.32752,53.557997],[-0.416687,53.566085],[-0.476968,53.538283],[-0.40059,53.531358],[-0.387258,53.516605],[-0.458933,53.503815],[-0.466994,53.472447],[-0.507819,53.461905],[-0.603368,53.452707],[-0.621404,53.464954],[-0.609466,53.488002],[-0.615874,53.50521],[-0.739717,53.51384],[-0.747236,53.486606],[-0.797155,53.452293],[-0.90503,53.457719],[-0.89087,53.47131],[-0.91937,53.487433],[-0.96978,53.46299],[-0.977532,53.434361],[-1.004739,53.412166],[-1.087551,53.402736],[-1.118066,53.378551],[-1.121089,53.345504],[-1.144731,53.337727],[-1.135016,53.325789],[-1.176021,53.292923],[-1.242528,53.290779],[-1.282009,53.299383],[-1.277255,53.313284],[-1.286686,53.316901],[-1.359188,53.300209],[-1.393656,53.325221],[-1.531426,53.289667]]]}},{"type":"Feature","properties":{"NAMEUNIT":"East Midlands","COUNTRY":"United Kingdom","boundary_level":"admin1"},"geometry":{"type":"Polygon","coordinates":[[[-0.806715,52.152166],[-0.825861,52.127413],[-0.878365,52.116044],[-0.827541,52.064393],[-0.85586,52.058528],[-0.856454,52.040493],[-0.890121,52.020029],[-0.901412,52.018582],[-0.950014,52.073824],[-1.118918,52.034964],[-1.141759,52.017704],[-1.108196,52.009177],[-1.138375,51.989695],[-1.265034,51.97967],[-1.296711,52.038839],[-1.293946,52.071344],[-1.306711,52.077442],[-1.237232,52.096045],[-1.321232,52.161519],[-1.303093,52.181053],[-1.248652,52.195212],[-1.26586,52.227717],[-1.208086,52.249938],[-1.208913,52.272417],[-1.224209,52.282442],[-1.202557,52.30133],[-1.249479,52.319649],[-1.181137,52.338279],[-1.167288,52.35882],[-1.211703,52.415767],[-1.241133,52.426051],[-1.293378,52.479381],[-1.545843,52.58077],[-1.542252,52.600769],[-1.558917,52.621595],[-1.533906,52.641593],[-1.583076,52.68495],[-1.607829,52.693838],[-1.640049,52.68495],[-1.645863,52.706602],[-1.700356,52.726136],[-1.672528,52.758279],[-1.629197,52.77218],[-1.615012,52.797966],[-1.590853,52.810782],[-1.608398,52.830497],[-1.720846,52.845198],[-1.755029,52.866024],[-1.82394,52.875481],[-1.840321,52.924393],[-1.81699,52.929948],[-1.812235,52.961341],[-1.75782,52.982451],[-1.747536,53.022164],[-1.769189,53.041621],[-1.771695,53.090222],[-1.799471,53.118567],[-1.803683,53.148539],[-1.856677,53.176341],[-1.932254,53.194945],[-1.952537,53.213806],[-1.976876,53.207295],[-1.970882,53.230188],[-1.990571,53.241608],[-1.998064,53.335763],[-2.018631,53.363306],[-1.981424,53.398291],[-2.013127,53.419944],[-1.982509,53.443818],[-1.963647,53.494668],[-1.918921,53.500766],[-1.897217,53.533012],[-1.816137,53.516062],[-1.78725,53.468571],[-1.731155,53.441028],[-1.734204,53.410797],[-1.646406,53.376587],[-1.650256,53.351886],[-1.581939,53.330233],[-1.610051,53.305791],[-1.531426,53.289667],[-1.393656,53.325221],[-1.359188,53.300209],[-1.286686,53.316901],[-1.277255,53.313284],[-1.282009,53.299383],[-1.242528,53.290779],[-1.176021,53.292923],[-1.135016,53.325789],[-1.144731,53.337727],[-1.121089,53.345504],[-1.118066,53.378551],[-1.087551,53.402736],[-1.004739,53.412166],[-0.977532,53.434361],[-0.96978,53.46299],[-0.91937,53.487433],[-0.89087,53.47131],[-0.90503,53.457719],[-0.797155,53.452293],[-0.747236,53.486606],[-0.739717,53.51384],[-0.615874,53.50521],[-0.609466,53.488002],[-0.621404,53.464954],[-0.603368,53.452707],[-0.507819,53.461905],[-0.466994,53.472447],[-0.458933,53.503815],[-0.387258,53.516605],[-0.40059,53.531358],[-0.476968,53.538283],[-0.416687,53.566085],[-0.32752,53.557997],[-0.290855,53.582983],[-0.286695,53.607994],[-0.208638,53.566085],[-0.170811,53.564664],[-0.197812,53.535492],[-0.184195,53.501334],[-0.190577,53.477434],[-0.113631,53.426868],[-0.072807,53.442449],[-0.092521,53.461905],[-0.058079,53.510222],[0.021795,53.524706],[0.151866,53.475816],[0.175792,53.43769],[0.219493,53.419501],[0.211925,53.412665],[0.244884,53.390937],[0.356212,53.188544],[0.356619,53.145738],[0.335785,53.093451],[0.160818,53.008979],[0.082123,52.938666],[0.008556,52.898627],[0.010265,52.886461],[0.105642,52.88935],[0.170909,52.862128],[0.246755,52.795722],[0.278787,52.804961],[0.26247,52.775771],[0.276345,52.756341],[0.199657,52.72164],[0.149402,52.725206],[0.06026,52.705517],[0.057186,52.67048],[0.0322,52.648001],[-0.051413,52.658285],[-0.137531,52.638544],[-0.183084,52.641903],[-0.199491,52.656218],[-0.261994,52.647433],[-0.315014,52.663556],[-0.401985,52.636891],[-0.490714,52.636477],[-0.466168,52.609115],[-0.473919,52.568006],[-0.413819,52.565991],[-0.415163,52.550178],[-0.398368,52.537362],[-0.407153,52.511782],[-0.348087,52.489949],[-0.339767,52.447445],[-0.42586,52.382436],[-0.484461,52.365486],[-0.485598,52.348562],[-0.458778,52.308771],[-0.503065,52.303009],[-0.525285,52.283269],[-0.531978,52.249679],[-0.558643,52.248],[-0.590604,52.266061],[-0.641402,52.259084],[-0.634478,52.216038],[-0.654502,52.192473],[-0.728916,52.161623],[-0.761989,52.162449],[-0.776149,52.146895],[-0.806715,52.152166]]]}},{"type":"Feature","properties":{"NAMEUNIT":"East","COUNTRY":"United Kingdom","boundary_level":"admin1"},"geometry":{"type":"Polygon","coordinates":[[[-0.173369,51.66633],[-0.217526,51.654108],[-0.238378,51.672195],[-0.254191,51.644135],[-0.373925,51.614369],[-0.481412,51.616049],[-0.493453,51.590934],[-0.525621,51.624937],[-0.496967,51.675502],[-0.537249,51.674934],[-0.550891,51.708575],[-0.526681,51.73493],[-0.564766,51.73214],[-0.588899,51.74909],[-0.661995,51.758546],[-0.678377,51.795753],[-0.730027,51.827715],[-0.701399,51.849652],[-0.674475,51.842986],[-0.676413,51.829111],[-0.653908,51.811334],[-0.579494,51.801335],[-0.551976,51.821592],[-0.533631,51.81937],[-0.561123,51.854665],[-0.603033,51.879934],[-0.625589,51.876317],[-0.688066,51.902724],[-0.641738,51.961893],[-0.654192,51.98799],[-0.634478,52.004371],[-0.630034,52.028297],[-0.658378,52.038839],[-0.573655,52.096614],[-0.63161,52.146456],[-0.621223,52.174852],[-0.654502,52.192473],[-0.634478,52.216038],[-0.64396,52.251901],[-0.590604,52.266061],[-0.558643,52.248],[-0.531978,52.249679],[-0.525285,52.283269],[-0.503065,52.303009],[-0.458778,52.308771],[-0.485598,52.348562],[-0.484461,52.365486],[-0.42586,52.382436],[-0.335607,52.455506],[-0.348087,52.489949],[-0.407153,52.511782],[-0.398368,52.537362],[-0.415163,52.550178],[-0.413819,52.565991],[-0.473919,52.568006],[-0.466168,52.609115],[-0.490714,52.636477],[-0.401985,52.636891],[-0.315014,52.663556],[-0.261994,52.647433],[-0.199491,52.656218],[-0.183084,52.641903],[-0.137531,52.638544],[-0.051413,52.658285],[0.0322,52.648001],[0.057186,52.67048],[0.06026,52.705517],[0.149402,52.725206],[0.199657,52.72164],[0.276345,52.756341],[0.26247,52.775771],[0.278787,52.804961],[0.325531,52.803168],[0.384532,52.768378],[0.379242,52.790839],[0.43865,52.840725],[0.485688,52.933498],[0.569591,52.969306],[0.671886,52.974433],[0.664399,52.981879],[0.684744,52.986396],[0.835704,52.974433],[0.968435,52.947496],[1.013927,52.96015],[0.966075,52.974433],[1.274669,52.929185],[1.396007,52.891425],[1.644216,52.775824],[1.697032,52.731024],[1.747244,52.62519],[1.747569,52.532782],[1.771169,52.485907],[1.683604,52.32453],[1.630544,52.270453],[1.63087,52.199774],[1.587576,52.086982],[1.486827,52.049018],[1.472016,52.05622],[1.424815,52.001858],[1.332286,51.94009],[1.264415,51.994371],[1.157888,52.02851],[1.214366,51.991441],[1.270763,51.981513],[1.274425,51.960883],[1.20574,51.953437],[1.165294,51.967027],[1.069102,51.953437],[1.262055,51.939154],[1.281993,51.946601],[1.278494,51.927924],[1.199555,51.877672],[1.264415,51.864],[1.286632,51.881659],[1.288259,51.860582],[1.167817,51.790229],[1.046641,51.777045],[0.979828,51.843573],[0.962087,51.813788],[0.886974,51.782131],[0.873709,51.747301],[0.835704,51.73371],[0.7671,51.739447],[0.698578,51.720038],[0.749278,51.708482],[0.760753,51.692694],[0.789073,51.71015],[0.930024,51.743598],[0.945567,51.73371],[0.938162,51.706366],[0.951834,51.678412],[0.934744,51.635891],[0.911469,51.623847],[0.951834,51.617011],[0.92449,51.588324],[0.873302,51.559475],[0.771251,51.528266],[0.650564,51.535793],[0.568858,51.508368],[0.552745,51.517971],[0.456065,51.505561],[0.428477,51.467108],[0.356366,51.446369],[0.322337,51.466936],[0.274666,51.459908],[0.216633,51.477737],[0.242213,51.498821],[0.247742,51.519956],[0.272754,51.516597],[0.336109,51.539955],[0.308307,51.578816],[0.270532,51.593544],[0.248078,51.627443],[0.112195,51.615506],[0.083876,51.601037],[-0.012836,51.649923],[-0.01126,51.677208],[-0.148099,51.689093],[-0.173369,51.66633]]]}},{"type":"Feature","properties":{"NAMEUNIT":"South East","COUNTRY":"United Kingdom","boundary_level":"admin1"},"geometry":{"type":"MultiPolygon","coordinates":[[[[-1.062327,50.692816],[-1.156361,50.650784],[-1.168446,50.603461],[-1.279205,50.582506],[-1.485951,50.669338],[-1.569488,50.658026],[-1.50593,50.707709],[-1.418691,50.733791],[-1.425364,50.72012],[-1.400868,50.721991],[-1.318512,50.772162],[-1.10912,50.732856],[-1.062327,50.692816]]],[[[-0.938832,50.780951],[-1.020741,50.788398],[-1.020741,50.795152],[-0.959869,50.829332],[-0.947825,50.817816],[-0.959869,50.802069],[-0.938832,50.780951]]],[[[-1.056223,50.783026],[-1.082753,50.780951],[-1.103017,50.795478],[-1.069163,50.843655],[-1.08731,50.849799],[-1.164703,50.843655],[-1.123769,50.818793],[-1.124908,50.788723],[-1.151112,50.781399],[-1.301422,50.843655],[-1.338938,50.872707],[-1.46642,50.918158],[-1.323069,50.825751],[-1.317291,50.800238],[-1.418691,50.788398],[-1.404937,50.774726],[-1.487538,50.757717],[-1.524729,50.761054],[-1.559397,50.719224],[-1.672922,50.740058],[-1.676688,50.75437],[-1.734204,50.75437],[-1.735031,50.777986],[-1.7865,50.768684],[-1.809471,50.802171],[-1.796138,50.831626],[-1.805724,50.867671],[-1.832828,50.865784],[-1.83921,50.891313],[-1.811408,50.905498],[-1.805026,50.929398],[-1.879751,50.924696],[-1.950056,50.988258],[-1.868924,51.005776],[-1.857814,50.994665],[-1.837557,51.009109],[-1.81084,50.992702],[-1.698082,50.974951],[-1.655036,50.950224],[-1.610568,50.95968],[-1.599742,50.976889],[-1.62142,50.994665],[-1.596693,51.017455],[-1.621988,51.034095],[-1.631419,51.086055],[-1.621988,51.10825],[-1.652813,51.126337],[-1.655036,51.171347],[-1.696454,51.236614],[-1.628112,51.234108],[-1.579717,51.257698],[-1.53835,51.244934],[-1.527808,51.252427],[-1.539177,51.275501],[-1.520031,51.30245],[-1.526723,51.329684],[-1.48701,51.332448],[-1.485847,51.343843],[-1.49812,51.366064],[-1.533389,51.377433],[-1.563362,51.412159],[-1.521969,51.42575],[-1.528377,51.45133],[-1.57641,51.488847],[-1.584523,51.517373],[-1.602791,51.520215],[-1.646716,51.568532],[-1.675293,51.572718],[-1.677799,51.599667],[-1.654467,51.631888],[-1.683923,51.650491],[-1.686687,51.669095],[-1.683328,51.678603],[-1.644184,51.679688],[-1.67612,51.704674],[-1.692527,51.762448],[-1.709218,51.774928],[-1.679194,51.797149],[-1.675861,51.855233],[-1.637517,51.893835],[-1.646147,51.909958],[-1.61279,51.931611],[-1.61894,51.944943],[-1.656922,51.959103],[-1.652529,51.983933],[-1.603953,51.954917],[-1.549771,51.969102],[-1.545585,51.984683],[-1.509747,51.998273],[-1.49533,52.06075],[-1.470292,52.088552],[-1.440578,52.090774],[-1.437529,52.107466],[-1.426161,52.108809],[-1.357793,52.095218],[-1.351126,52.104365],[-1.373632,52.118266],[-1.341411,52.134389],[-1.321232,52.161519],[-1.237232,52.096045],[-1.306711,52.077442],[-1.293946,52.071344],[-1.296711,52.038839],[-1.256145,51.976337],[-1.138375,51.989695],[-1.108196,52.009177],[-1.141759,52.017704],[-1.118918,52.034964],[-0.950014,52.073824],[-0.901412,52.018582],[-0.890121,52.020029],[-0.856454,52.040493],[-0.85586,52.058528],[-0.827541,52.064393],[-0.878365,52.116044],[-0.825861,52.127413],[-0.806715,52.152166],[-0.776149,52.146895],[-0.761989,52.162449],[-0.728916,52.161623],[-0.654502,52.192473],[-0.621223,52.174852],[-0.63161,52.146456],[-0.573655,52.096614],[-0.658378,52.038839],[-0.630034,52.028297],[-0.634478,52.004371],[-0.654192,51.98799],[-0.641738,51.961893],[-0.688066,51.902724],[-0.625589,51.876317],[-0.603033,51.879934],[-0.561123,51.854665],[-0.533631,51.81937],[-0.551976,51.821592],[-0.579494,51.801335],[-0.653908,51.811334],[-0.676413,51.829111],[-0.674475,51.842986],[-0.701399,51.849652],[-0.730027,51.827715],[-0.678377,51.795753],[-0.661995,51.758546],[-0.588899,51.74909],[-0.564766,51.73214],[-0.526681,51.73493],[-0.550891,51.708575],[-0.537249,51.674934],[-0.496967,51.675502],[-0.525621,51.624937],[-0.471439,51.549955],[-0.497199,51.477788],[-0.473661,51.458823],[-0.44144,51.453862],[-0.431725,51.430194],[-0.311707,51.392445],[-0.298064,51.370508],[-0.315014,51.34715],[-0.312249,51.324103],[-0.243106,51.373557],[-0.218069,51.35299],[-0.219464,51.328288],[-0.178356,51.339115],[-0.1281,51.289118],[-0.026711,51.330769],[0.016309,51.318522],[0.022485,51.28966],[0.048323,51.294957],[0.068839,51.282451],[0.093824,51.288291],[0.09664,51.311029],[0.155242,51.354695],[0.169142,51.388543],[0.160797,51.417172],[0.222834,51.471897],[0.274666,51.459908],[0.322337,51.466936],[0.356366,51.446369],[0.448416,51.459947],[0.469574,51.480414],[0.534841,51.491685],[0.709483,51.470526],[0.723155,51.446723],[0.713145,51.44123],[0.640961,51.444159],[0.554535,51.412177],[0.585948,51.391059],[0.712901,51.384223],[0.700369,51.409817],[0.72641,51.419013],[0.764415,51.364407],[0.977224,51.349189],[1.100922,51.373236],[1.423839,51.392076],[1.448253,51.38288],[1.425141,51.332953],[1.377615,51.326239],[1.413097,51.221747],[1.384451,51.151679],[1.357188,51.131008],[1.21811,51.100979],[1.192068,51.082587],[1.066905,51.064399],[0.966482,50.982733],[0.979828,50.918158],[0.94516,50.909369],[0.802257,50.939195],[0.762462,50.930894],[0.664399,50.870307],[0.624197,50.85871],[0.365245,50.818996],[0.271007,50.747382],[0.122081,50.76081],[0.095551,50.775051],[-0.206125,50.831041],[-0.233144,50.821926],[-0.269683,50.831285],[-0.397572,50.802069],[-0.568959,50.802069],[-0.732737,50.767279],[-0.758209,50.777086],[-0.773101,50.766018],[-0.770985,50.736884],[-0.789947,50.730048],[-0.904124,50.771877],[-0.905873,50.788031],[-0.863637,50.808254],[-0.904693,50.829332],[-0.928944,50.822821],[-0.919016,50.836168],[-0.939198,50.843248],[-1.020741,50.843655],[-1.056223,50.783026]]],[[[0.775076,51.375312],[0.733897,51.412177],[0.753917,51.445705],[0.890798,51.421047],[0.942149,51.383002],[0.911469,51.364407],[0.775076,51.375312]]]]}},{"type":"Feature","properties":{"NAMEUNIT":"East Wales","COUNTRY":"United Kingdom","boundary_level":"admin1"},"geometry":{"type":"MultiPolygon","coordinates":[[[[-3.999908,51.590888],[-3.974599,51.562974],[-4.026519,51.554023],[-4.046457,51.568427],[-4.070221,51.555569],[-4.121653,51.565985],[-4.166412,51.542548],[-4.196767,51.549384],[-4.200551,51.538764],[-4.289906,51.555569],[-4.297353,51.569241],[-4.27831,51.578192],[-4.289906,51.617011],[-4.255767,51.623847],[-4.234731,51.644965],[-4.221018,51.623847],[-4.091298,51.639879],[-4.070546,51.675971],[-4.106842,51.664252],[-4.200551,51.685858],[-4.315297,51.677476],[-4.379262,51.726874],[-4.310455,51.73371],[-4.362538,51.742865],[-4.371816,51.754788],[-4.358022,51.773139],[-4.365102,51.789049],[-4.399159,51.761623],[-4.44579,51.773261],[-4.426503,51.747301],[-4.460764,51.735785],[-4.645375,51.732123],[-4.678212,51.717434],[-4.680287,51.692694],[-4.71231,51.650092],[-4.734934,51.659247],[-4.759185,51.644965],[-4.863515,51.64411],[-4.941029,51.596503],[-5.045766,51.626899],[-5.03661,51.637437],[-5.051178,51.656928],[-5.11974,51.678412],[-5.03661,51.678412],[-5.043446,51.692694],[-4.988189,51.685858],[-4.844838,51.713813],[-4.873402,51.737738],[-4.879018,51.76203],[-4.862538,51.782375],[-4.82433,51.788275],[-4.82433,51.795722],[-4.933583,51.775295],[-4.900543,51.762112],[-4.906239,51.747301],[-4.892079,51.739407],[-4.910553,51.718207],[-5.009918,51.706366],[-5.149241,51.718085],[-5.1669,51.713813],[-5.156972,51.697577],[-5.182851,51.689276],[-5.180653,51.706366],[-5.249501,51.73371],[-5.213938,51.735745],[-5.11026,51.77851],[-5.125885,51.856024],[-5.221588,51.877672],[-5.310943,51.864],[-5.290517,51.891995],[-5.298329,51.910956],[-5.119537,51.95893],[-5.088043,51.97602],[-5.085032,52.001858],[-5.07079,52.001858],[-5.081207,52.021186],[-5.070221,52.026353],[-5.026601,52.027411],[-4.961741,52.007514],[-4.913686,52.014838],[-4.920522,52.02851],[-4.84142,52.014838],[-4.832265,52.018988],[-4.838002,52.049018],[-4.777577,52.064887],[-4.720286,52.113349],[-4.673451,52.097398],[-4.675689,52.126939],[-4.637522,52.138495],[-4.502268,52.138373],[-4.385569,52.203437],[-4.315826,52.216295],[-4.197133,52.279283],[-4.109609,52.365302],[-4.056549,52.48786],[-4.056549,52.529446],[-4.016184,52.521959],[-3.947336,52.549262],[-3.974477,52.556545],[-4.053131,52.542426],[-4.125478,52.603909],[-4.105946,52.65351],[-4.056549,52.70067],[-3.988271,52.73428],[-4.048818,52.721584],[-4.125152,52.778306],[-4.149037,52.812079],[-4.11734,52.830756],[-4.129872,52.889228],[-4.064036,52.919176],[-4.077626,52.926663],[-4.100494,52.91413],[-4.11856,52.926663],[-4.144399,52.914781],[-4.228505,52.919176],[-4.33731,52.892035],[-4.406606,52.892524],[-4.481679,52.850898],[-4.475494,52.844143],[-4.500966,52.826809],[-4.489125,52.803168],[-4.516469,52.789496],[-4.594635,52.816799],[-4.64859,52.799628],[-4.704498,52.803168],[-4.747426,52.783433],[-4.762847,52.789496],[-4.734934,52.830471],[-4.596059,52.928412],[-4.523997,52.944241],[-4.358225,53.028469],[-4.340891,53.112738],[-4.327626,53.114691],[-4.320668,53.101508],[-4.177968,53.217597],[-4.122222,53.233466],[-4.066884,53.229071],[-3.974599,53.261786],[-3.831288,53.28913],[-3.878407,53.337592],[-3.810129,53.317084],[-3.76887,53.319159],[-3.716298,53.286933],[-3.602203,53.288886],[-3.360462,53.351146],[-3.382114,53.297419],[-3.340876,53.272924],[-3.340876,53.218819],[-3.271319,53.157014],[-3.182436,53.138927],[-3.12275,53.066374],[-3.141198,52.997231],[-3.094818,52.963744],[-3.200471,52.937984],[-3.311265,52.932842],[-3.390744,52.867368],[-3.470015,52.861942],[-3.490841,52.834656],[-3.577528,52.819102],[-3.597217,52.784375],[-3.571689,52.730528],[-3.601454,52.695492],[-3.698606,52.676062],[-3.796972,52.674666],[-3.833636,52.640767],[-3.837822,52.599115],[-3.927455,52.553175],[-3.839476,52.548576],[-3.829192,52.532711],[-3.833946,52.504134],[-3.813121,52.481345],[-3.724728,52.498837],[-3.736976,52.467185],[-3.757801,52.458555],[-3.76085,52.43742],[-3.720052,52.420211],[-3.69057,52.364091],[-3.651968,52.347451],[-3.731162,52.318822],[-3.701138,52.273838],[-3.739482,52.246889],[-3.755786,52.124622],[-3.706693,52.114649],[-3.713618,52.090206],[-3.660856,52.069664],[-3.643648,52.031346],[-3.695583,51.988817],[-3.686695,51.948251],[-3.709897,51.932334],[-3.711292,51.881795],[-3.799995,51.785263],[-3.763382,51.75772],[-3.648351,51.779372],[-3.583729,51.75126],[-3.546961,51.773584],[-3.478645,51.790224],[-3.464486,51.821075],[-3.426426,51.81384],[-3.405006,51.827715],[-3.356973,51.805469],[-3.3478,51.788829],[-3.288993,51.793273],[-3.29062,51.806606],[-3.274187,51.814667],[-3.156856,51.81074],[-3.128486,51.794539],[-3.048801,51.783661],[-3.021619,51.727515],[-2.976324,51.709402],[-2.961312,51.627443],[-3.109159,51.587239],[-3.083631,51.562719],[-3.102389,51.543107],[-3.212537,51.550239],[-3.293359,51.499673],[-3.322246,51.513807],[-3.330592,51.500216],[-3.372243,51.506882],[-3.392242,51.496056],[-3.442523,51.515771],[-3.479188,51.511636],[-3.523087,51.49355],[-3.517273,51.449935],[-3.54337,51.447997],[-3.525593,51.435775],[-3.575311,51.420441],[-3.663197,51.476223],[-3.695424,51.471503],[-3.73762,51.490871],[-3.770131,51.5633],[-3.841624,51.621527],[-3.962392,51.615627],[-3.999908,51.590888]]],[[[-4.098053,53.250149],[-4.195546,53.220282],[-4.220367,53.201483],[-4.222035,53.182115],[-4.280141,53.154975],[-4.35436,53.12995],[-4.412831,53.132066],[-4.411977,53.155585],[-4.385121,53.18244],[-4.410878,53.182196],[-4.447581,53.15941],[-4.495351,53.179877],[-4.499623,53.211249],[-4.571034,53.275458],[-4.558665,53.363349],[-4.571034,53.392768],[-4.425364,53.426703],[-4.324696,53.419501],[-4.276723,53.401028],[-4.266916,53.368964],[-4.234731,53.358059],[-4.235178,53.340074],[-4.203236,53.298489],[-4.142486,53.302802],[-4.121978,53.317084],[-4.042877,53.302802],[-4.098053,53.250149]]],[[[-4.571889,53.239488],[-4.632558,53.282945],[-4.676666,53.285102],[-4.693959,53.309638],[-4.667307,53.32392],[-4.618886,53.317084],[-4.558461,53.252753],[-4.571889,53.239488]]]]}},{"type":"Feature","properties":{"NAMEUNIT":"Highlands and Islands","COUNTRY":"United Kingdom","boundary_level":"admin1"},"geometry":{"type":"Polygon","coordinates":[[[-5.543691,55.406928],[-5.514963,55.373684],[-5.594106,55.313137],[-5.639963,55.3039],[-5.680898,55.311347],[-5.725575,55.297065],[-5.772288,55.301256],[-5.782867,55.313544],[-5.796702,55.379096],[-5.791412,55.398627],[-5.762754104891816,55.4125],[-5.543691,55.406928]]]}},{"type":"Feature","properties":{"NAMEUNIT":"Escania","COUNTRY":"Sweden","boundary_level":"admin1"},"geometry":{"type":"MultiPolygon","coordinates":[[[[14.199718,55.398993],[14.094086,55.387397],[13.994414657520867,55.4125],[14.217354551959922,55.4125],[14.199718,55.398993]]],[[[13.618175,55.410956],[13.580821,55.388821],[13.503429,55.388373],[13.410899,55.352281],[13.312511,55.342678],[12.979177,55.403266],[12.847423,55.382025],[12.832774,55.382554],[12.828787,55.400092],[12.839700262201783,55.4125],[13.618175,55.410956]]]]}},{"type":"Feature","properties":{"NAMEUNIT":"Šibenik-Knin","COUNTRY":"Croatia","boundary_level":"admin1"},"geometry":{"type":"MultiPolygon","coordinates":[[[[15.740408,43.627509],[15.672048,43.637437],[15.60377,43.674709],[15.650157,43.673041],[15.678884,43.648017],[15.740408,43.627509]]],[[[16.0125,43.503974],[15.959483,43.503974],[15.961274,43.515041],[15.983653,43.521064],[15.987315,43.544908],[15.959483,43.538153],[15.925304,43.55858],[15.944184,43.566718],[15.917979,43.572903],[15.93214,43.586575],[15.917979,43.593329],[15.918956,43.62873],[15.966319,43.641181],[15.904796,43.648017],[15.952973,43.650865],[15.93214,43.668443],[15.95045,43.688544],[15.938975,43.696438],[15.931163,43.6765],[15.792166,43.754462],[15.706309,43.763414],[15.68214,43.797187],[15.617442,43.825507],[15.663097,43.812974],[15.678884,43.819281],[15.54688,43.876564],[15.575153,43.896649],[15.633186,43.863731],[15.681762,43.889414],[15.739949,43.869209],[15.78589,43.915098],[15.778293,43.942641],[15.838651,43.939127],[15.906451,43.909361],[15.953166,43.939437],[16.001535,43.949669],[16.0125,43.97592681078968],[16.0125,43.503974]]],[[[15.240733,43.880764],[15.395681,43.772406],[15.30893,43.805609],[15.227794,43.874457],[15.240733,43.880764]]]]}},{"type":"Feature","properties":{"NAMEUNIT":"Lika-Senj","COUNTRY":"Croatia","boundary_level":"admin1"},"geometry":{"type":"MultiPolygon","coordinates":[[[[14.761485,44.658637],[14.733653,44.703192],[14.845225,44.600531],[14.8838,44.579657],[14.880138,44.609198],[14.904063,44.610012],[15.003917,44.536078],[15.041189,44.527493],[15.075531,44.484076],[15.007335,44.504543],[15.014171,44.518744],[14.972911,44.536119],[14.911143,44.552314],[14.965994,44.523871],[15.048025,44.439439],[15.09669,44.415188],[15.064952,44.437934],[15.041515,44.47663],[15.083263,44.461859],[15.254405,44.340033],[15.235118,44.336249],[15.16505,44.367377],[15.215831,44.338121],[15.227061,44.326361],[15.206554,44.326361],[15.220225,44.31273],[15.13087,44.332587],[15.172374,44.29914],[15.128754,44.311998],[15.09669,44.340033],[15.110362,44.353705],[15.089203,44.374213],[15.117198,44.387193],[15.083018,44.401516],[15.049001,44.39468],[15.020763,44.429999],[14.897472,44.490912],[14.91863,44.504543],[14.876964,44.55976],[14.761485,44.658637]]],[[[15.108084,44.513861],[15.007335,44.569729],[14.8838,44.723619],[14.895193,44.736151],[14.8838,44.861477],[14.921641,44.958808],[14.881343,45.0356],[14.887288,45.0588],[14.92651,45.077559],[15.018856,45.07389],[15.027228,45.097403],[15.008004,45.124068],[15.125465,45.105257],[15.159106,45.106601],[15.190319,45.126858],[15.24246,45.084742],[15.376509,45.026296],[15.464204,44.924183],[15.511849,44.918344],[15.566781,44.878553],[15.525492,44.833284],[15.597012,44.803829],[15.599493,44.789359],[15.526267,44.752669],[15.475366,44.75055],[15.47273,44.737838],[15.527817,44.6889],[15.535724,44.648076],[15.555774,44.630868],[15.562751,44.581672],[15.623109,44.541261],[15.653494,44.494959],[15.591121,44.457235],[15.633961,44.421682],[15.624504,44.390056],[15.589106,44.356621],[15.553707,44.347061],[15.545956,44.330473],[15.501928,44.367421],[15.410977,44.375431],[15.344263,44.413362],[15.320337,44.404938],[15.293789,44.364806],[15.108084,44.513861]]]]}},{"type":"Feature","properties":{"NAMEUNIT":"Abruzzo","COUNTRY":"Italy","boundary_level":"admin1"},"geometry":{"type":"Polygon","coordinates":[[[14.38738,42.372952],[14.429047,42.321723],[14.560232,42.225653],[14.709239,42.175482],[14.729503,42.099107],[14.763357,42.077948],[14.744341,42.013042],[14.647046,41.947673],[14.644563,41.91879],[14.524768,41.795095],[14.473418,41.769025],[14.448457,41.766904],[14.451709,41.788075],[14.4222,41.847006],[14.376716,41.873263],[14.348042,41.862046],[14.276367,41.905299],[14.191619,41.839568],[14.160615,41.841842],[14.142268,41.824165],[14.18294,41.762927],[14.094785,41.723454],[14.062991,41.728771],[14.001248,41.687484],[13.945701,41.688176],[13.872774,41.730661],[13.800747,41.752622],[13.74999,41.751842],[13.714812,41.794788],[13.655684,41.809487],[13.578845,41.769904],[13.545205,41.768201],[13.405217,41.831603],[13.361118,41.828659],[13.353538,41.845534],[13.369863,41.898784],[13.363755,41.912484],[13.311768,41.943949],[13.280149,41.946817],[13.097051,42.023666],[13.036231,42.028027],[13.01696,42.054647],[13.013709,42.108458],[13.073298,42.141253],[13.09426,42.173135],[13.241499,42.129058],[13.260769,42.138616],[13.295508,42.133222],[13.305418,42.167455],[13.36749,42.185176],[13.320359,42.19502],[13.30511,42.219025],[13.272854,42.228693],[13.227546,42.272144],[13.205991,42.318836],[13.157564,42.3445],[13.17835,42.399948],[13.130867,42.430797],[13.13179,42.454846],[13.166572,42.485619],[13.163474,42.512338],[13.137678,42.532212],[13.138601,42.545418],[13.167957,42.551405],[13.190435,42.587682],[13.291311,42.57218],[13.36894,42.585979],[13.386299,42.644426],[13.347957,42.659621],[13.337564,42.687658],[13.429761,42.701731],[13.443713,42.728758],[13.49012,42.744105],[13.536372,42.811155],[13.570628,42.802146],[13.664978,42.811441],[13.691345,42.823899],[13.712791,42.860066],[13.817073,42.887147],[13.905527,42.901561],[13.980479,42.730373],[14.075369,42.598822],[14.220551,42.47016],[14.38738,42.372952]]]}},{"type":"Feature","properties":{"NAMEUNIT":"Molise","COUNTRY":"Italy","boundary_level":"admin1"},"geometry":{"type":"Polygon","coordinates":[[[14.461948,41.423054],[14.222512,41.494806],[14.120867,41.495663],[14.080195,41.447708],[14.105837,41.418759],[14.109089,41.392688],[14.031482,41.398148],[13.98802,41.45809],[13.961807,41.470702],[14.009312,41.524645],[14.008674,41.553308],[13.996128,41.573358],[13.992568,41.62829],[13.945701,41.688176],[14.001248,41.687484],[14.062991,41.728771],[14.094785,41.723454],[14.18294,41.762927],[14.142268,41.824165],[14.160615,41.841842],[14.191619,41.839568],[14.276367,41.905299],[14.348042,41.862046],[14.376716,41.873263],[14.428242,41.842381],[14.433252,41.810476],[14.451709,41.788075],[14.448457,41.766904],[14.514551,41.786131],[14.644563,41.91879],[14.647046,41.947673],[14.744341,42.013042],[14.763357,42.077948],[14.871104,42.031806],[14.993663,42.010647],[15.034516,41.974595],[15.14354,41.931183],[15.134312,41.875691],[15.107329,41.835899],[15.102627,41.763751],[15.113064,41.718334],[15.157097,41.70169],[15.108867,41.683661],[15.017615,41.619732],[14.958025,41.634541],[14.933943,41.620094],[14.935042,41.525996],[14.995291,41.482073],[14.827024,41.425691],[14.779585,41.444675],[14.746824,41.409717],[14.659197,41.403213],[14.58761,41.370133],[14.555684,41.389359],[14.49594,41.390392],[14.461948,41.423054]]]}},{"type":"Feature","properties":{"NAMEUNIT":"Apulia","COUNTRY":"Italy","boundary_level":"admin1"},"geometry":{"type":"MultiPolygon","coordinates":[[[[16.0125,40.9408479964697],[15.981841,40.962024],[16.0125,40.975588355361594],[16.0125,40.9408479964697]]],[[[16.0125,41.03557191335424],[15.95332,41.085379],[15.89606,41.102836],[15.858333,41.136817],[15.771101,41.10455],[15.596397,41.109351],[15.561658,41.086148],[15.55856,41.055122],[15.455376,41.079358],[15.406026,41.105626],[15.280342,41.103847],[15.202866,41.153384],[15.20302,41.1657],[15.2527,41.207151],[15.244636,41.226421],[15.266016,41.235419],[15.262456,41.247537],[15.178696,41.289054],[15.143452,41.274618],[15.128247,41.307709],[15.075337,41.330396],[15.066658,41.358455],[15.101858,41.390601],[15.097046,41.425845],[14.93458,41.529402],[14.939063,41.626554],[14.958025,41.634541],[15.017615,41.619732],[15.108867,41.683661],[15.157097,41.70169],[15.113064,41.718334],[15.102627,41.763751],[15.107329,41.835899],[15.134312,41.875691],[15.14354,41.931183],[15.446056,41.906928],[15.611339,41.928046],[15.774425,41.92121],[16.0125,41.94275579456635],[16.0125,41.674059323422654],[15.925304,41.640041],[15.900076,41.614651],[15.891368,41.57685],[15.911794,41.502875],[16.0125,41.4325901202628],[16.0125,41.03557191335424]]]]}},{"type":"Feature","properties":{"NAMEUNIT":"Basilicata","COUNTRY":"Italy","boundary_level":"admin1"},"geometry":{"type":"MultiPolygon","coordinates":[[[[16.0125,39.951659422603115],[16.010889,39.961642],[16.0125,39.9650664392249],[16.0125,39.951659422603115]]],[[[16.0125,39.98549862958992],[15.976875,39.980637],[15.946355,40.00562],[15.915901,40.002214],[15.903508,39.985515],[15.851214,40.007477],[15.776528,39.965333],[15.745808,39.924604],[15.728038,39.964179],[15.646651,40.046932],[15.664336,40.066957],[15.649768,40.080811],[15.69679,40.138588],[15.695559,40.166097],[15.775452,40.219821],[15.789141,40.261832],[15.716961,40.318445],[15.701294,40.379573],[15.598418,40.428539],[15.537883,40.484635],[15.539597,40.520011],[15.517581,40.564703],[15.445598,40.605661],[15.487302,40.647024],[15.48761,40.661856],[15.435161,40.679434],[15.386162,40.718347],[15.368914,40.802184],[15.34426,40.820685],[15.365816,40.843866],[15.369221,40.898952],[15.470867,40.901797],[15.536653,40.933262],[15.57794,41.011034],[15.554736,41.069196],[15.571282,41.096508],[15.596397,41.109351],[15.771101,41.10455],[15.858333,41.136817],[15.89606,41.102836],[15.962461,41.080336],[16.0125,41.03557191335424],[16.0125,40.975588355361594],[15.981687,40.95608],[16.0125,40.9408479964697],[16.0125,39.98549862958992]]]]}},{"type":"Feature","properties":{"NAMEUNIT":"Calabria","COUNTRY":"Italy","boundary_level":"admin1"},"geometry":{"type":"MultiPolygon","coordinates":[[[[16.0125,37.923416279930166],[15.942149,37.933092],[15.761485,37.925238],[15.708263,37.940985],[15.645518,37.988349],[15.638357,38.027737],[15.658458,38.042548],[15.624034,38.092108],[15.647797,38.143134],[15.632823,38.220282],[15.650564,38.241034],[15.786469,38.278022],[15.812836,38.300605],[15.829763,38.35102],[15.904796,38.473944],[15.916026,38.55036],[15.900076,38.578274],[15.83546,38.628241],[15.836599,38.648993],[16.0125,38.72590513187954],[16.0125,37.923416279930166]]],[[[15.995396,39.438768],[15.933116,39.513658],[15.867524,39.56391],[15.836599,39.652655],[15.806407,39.695502],[15.788748,39.796617],[15.769705,39.830146],[15.781912,39.868598],[15.745808,39.924604],[15.776528,39.965333],[15.851214,40.007477],[15.897312,39.98624],[15.920252,40.004016],[15.946355,40.00562],[15.981995,39.978901],[16.0125,39.98549862958992],[16.0125,39.39735906147912],[15.995396,39.438768]]]]}},{"type":"Feature","properties":{"NAMEUNIT":"Campania","COUNTRY":"Italy","boundary_level":"admin1"},"geometry":{"type":"MultiPolygon","coordinates":[[[[15.624278,40.077786],[15.534923,40.077786],[15.4101,39.99397],[15.34316,40.004149],[15.314301,40.033759],[15.261241,40.029364],[15.279145,40.047675],[15.263438,40.073717],[15.127208,40.169623],[15.047211,40.168931],[15.003122,40.210259],[14.911143,40.241645],[14.906912,40.258612],[14.939138,40.307074],[14.932384,40.333726],[14.99449,40.358434],[14.998267,40.397559],[14.888845,40.573065],[14.809744,40.652981],[14.752208,40.676703],[14.69044,40.649115],[14.613292,40.645901],[14.5713,40.617743],[14.5442,40.613593],[14.486583,40.632636],[14.422048,40.615546],[14.342621,40.570624],[14.329845,40.584459],[14.337738,40.624416],[14.38738,40.636949],[14.444211,40.685987],[14.47637,40.695102],[14.474132,40.729682],[14.460623,40.744208],[14.394433,40.761566],[14.2942,40.838772],[14.223643,40.831366],[14.203461,40.801215],[14.08253,40.831285],[14.08253,40.783515],[14.047697,40.789589],[14.052257,40.837592],[14.021344,40.921829],[13.965343,40.996405],[13.917979,41.023668],[13.910655,41.064643],[13.851725,41.147316],[13.743664,41.237603],[13.804922,41.253733],[13.81749,41.276629],[13.865435,41.302468],[13.875564,41.388502],[13.862183,41.425999],[13.961807,41.470702],[13.98802,41.45809],[14.031482,41.398148],[14.104431,41.390392],[14.105837,41.418759],[14.080195,41.447708],[14.120867,41.495663],[14.266458,41.485171],[14.461948,41.423054],[14.49594,41.390392],[14.555684,41.389359],[14.58761,41.370133],[14.659197,41.403213],[14.746824,41.409717],[14.779585,41.444675],[14.827024,41.425691],[14.995291,41.482073],[15.09364,41.430239],[15.101858,41.390601],[15.066658,41.358455],[15.075337,41.330396],[15.128247,41.307709],[15.143452,41.274618],[15.187068,41.287044],[15.245867,41.26384],[15.26617,41.241615],[15.244636,41.226421],[15.2527,41.207151],[15.20302,41.1657],[15.202866,41.153384],[15.280342,41.103847],[15.406026,41.105626],[15.455376,41.079358],[15.55856,41.055122],[15.576248,41.026591],[15.536653,40.933262],[15.470867,40.901797],[15.369221,40.898952],[15.365816,40.843866],[15.34426,40.820685],[15.368914,40.802184],[15.386162,40.718347],[15.435161,40.679434],[15.48761,40.661856],[15.487302,40.647024],[15.445598,40.605661],[15.517581,40.564703],[15.539597,40.520011],[15.537883,40.484635],[15.598418,40.428539],[15.701294,40.379573],[15.716961,40.318445],[15.789141,40.261832],[15.775452,40.219821],[15.695559,40.166097],[15.693076,40.130524],[15.649768,40.080811],[15.662952,40.061013],[15.646651,40.046932],[15.624278,40.077786]]],[[[13.890147,40.694159],[13.849132,40.715277],[13.870128,40.748725],[13.862804,40.762397],[13.965831,40.735053],[13.965831,40.715277],[13.944672,40.701606],[13.890147,40.694159]]]]}},{"type":"Feature","properties":{"NAMEUNIT":"Lazio","COUNTRY":"Italy","boundary_level":"admin1"},"geometry":{"type":"MultiPolygon","coordinates":[[[[13.426931,40.790839],[13.414724,40.785875],[13.431977,40.801459],[13.426931,40.790839]]],[[[13.663341,41.250678],[13.656586,41.259589],[13.594412,41.253119],[13.56365,41.237982],[13.57545,41.208075],[13.543956,41.20661],[13.514415,41.229682],[13.499685,41.221747],[13.480235,41.239163],[13.324392,41.294827],[13.285818,41.295722],[13.187022,41.278022],[13.114513,41.250881],[13.090505,41.226549],[13.044607,41.227525],[12.979503,41.331],[12.893565,41.399319],[12.841563,41.418402],[12.748546,41.423733],[12.653982,41.465644],[12.635265,41.447496],[12.448009,41.630764],[12.327159,41.711371],[12.239024,41.736274],[12.21518,41.768134],[12.206228,41.827338],[12.170177,41.879584],[12.038829,41.965155],[12.020356,41.993069],[11.982188,41.999742],[11.91684,42.037909],[11.827485,42.034166],[11.750173,42.127916],[11.736176,42.168891],[11.658214,42.279364],[11.539073,42.348863],[11.451496,42.374371],[11.471931,42.41857],[11.498145,42.434049],[11.601812,42.447387],[11.607854,42.487333],[11.56593,42.516117],[11.58553,42.535903],[11.588166,42.566138],[11.620554,42.560139],[11.671157,42.577036],[11.735229,42.616159],[11.753884,42.643284],[11.786909,42.651249],[11.788931,42.710982],[11.807124,42.742512],[11.750479,42.806332],[11.769243,42.820362],[11.808047,42.813352],[11.889016,42.850387],[11.933093,42.791105],[11.973457,42.760288],[11.927996,42.716596],[11.954341,42.687471],[12.025137,42.645558],[12.128738,42.657346],[12.152358,42.675814],[12.235833,42.64758],[12.245479,42.585518],[12.271538,42.566105],[12.280217,42.510404],[12.300674,42.489915],[12.342839,42.491925],[12.393596,42.462504],[12.417371,42.428468],[12.451516,42.42103],[12.43106,42.393092],[12.438706,42.389038],[12.509854,42.389401],[12.533013,42.368472],[12.592603,42.401002],[12.611675,42.433797],[12.612136,42.463119],[12.652017,42.443816],[12.722153,42.454],[12.717649,42.494046],[12.755222,42.500297],[12.780029,42.52707],[12.880115,42.564688],[12.879192,42.590319],[12.901978,42.6096],[12.999294,42.608875],[13.017576,42.631561],[13.059346,42.62375],[13.11876,42.645954],[13.149368,42.64324],[13.187798,42.690316],[13.183315,42.715167],[13.194478,42.734602],[13.282478,42.739513],[13.31168,42.719254],[13.347957,42.659621],[13.386299,42.644426],[13.36894,42.585979],[13.291311,42.57218],[13.186106,42.586913],[13.167957,42.551405],[13.136294,42.542287],[13.163474,42.512338],[13.16688,42.490277],[13.13179,42.454846],[13.12946,42.436192],[13.141875,42.415318],[13.17835,42.399948],[13.156487,42.362276],[13.160046,42.340775],[13.205991,42.318836],[13.227546,42.272144],[13.272854,42.228693],[13.30511,42.219025],[13.320359,42.19502],[13.36749,42.185176],[13.305418,42.167455],[13.295508,42.133222],[13.260769,42.138616],[13.241499,42.129058],[13.09426,42.173135],[13.073298,42.141253],[13.013709,42.108458],[13.01696,42.054647],[13.036231,42.028027],[13.097051,42.023666],[13.280149,41.946817],[13.311768,41.943949],[13.363755,41.912484],[13.369863,41.898784],[13.353538,41.845534],[13.361118,41.828659],[13.405217,41.831603],[13.545205,41.768201],[13.599192,41.77799],[13.646631,41.81052],[13.714812,41.794788],[13.744255,41.754611],[13.800747,41.752622],[13.891846,41.723651],[13.970178,41.664874],[13.993953,41.625005],[14.009312,41.524645],[13.961807,41.470702],[13.860161,41.423032],[13.875366,41.3936],[13.865435,41.302468],[13.81749,41.276629],[13.804922,41.253733],[13.743664,41.237603],[13.708507,41.256415],[13.663341,41.250678]],[[12.453983,41.903862],[12.452714,41.903016],[12.454035,41.902752],[12.453983,41.903862]]]]}},{"type":"Feature","properties":{"NAMEUNIT":"Toscana","COUNTRY":"Italy","boundary_level":"admin1"},"geometry":{"type":"MultiPolygon","coordinates":[[[[10.294444,42.32803],[10.306407,42.351549],[10.315929,42.340766],[10.313243,42.32392],[10.294444,42.32803]]],[[[10.085785,42.572455],[10.050304,42.581936],[10.084321,42.614691],[10.097911,42.587958],[10.085785,42.572455]]],[[[10.430024,42.787584],[10.388845,42.763495],[10.425141,42.74079],[10.430675,42.722113],[10.415538,42.708889],[10.381358,42.722561],[10.337901,42.764838],[10.325043,42.764838],[10.313731,42.742987],[10.304535,42.759752],[10.265391,42.744574],[10.245372,42.75727],[10.235199,42.735907],[10.147227,42.737291],[10.106781,42.757392],[10.10141,42.784003],[10.111664,42.801256],[10.158214,42.817288],[10.242198,42.803168],[10.26588,42.804429],[10.259044,42.811916],[10.272146,42.827338],[10.326834,42.826239],[10.322113,42.811713],[10.347341,42.805854],[10.412364,42.873358],[10.44337,42.845445],[10.430024,42.787584]]],[[[9.842127,43.024956],[9.801498,43.007805],[9.784595,43.028442],[9.806944,43.066408],[9.825777,43.07463],[9.854811,43.044275],[9.842127,43.024956]]],[[[10.543468,42.938788],[10.518565,42.925279],[10.47755,42.990058],[10.5171,43.023912],[10.539073,43.079413],[10.54656,43.147121],[10.528168,43.246772],[10.437022,43.388577],[10.317231,43.492621],[10.29477,43.568549],[10.264008,43.809394],[10.210134,43.920233],[10.105805,44.01675],[10.028458,44.049255],[10.053157,44.099533],[9.989853,44.117616],[9.968166,44.159968],[9.898645,44.166395],[9.902226,44.199882],[9.884802,44.204386],[9.861709,44.185929],[9.852085,44.252594],[9.751846,44.305559],[9.686982,44.3636],[9.751384,44.389231],[9.835649,44.476254],[9.896645,44.479506],[9.989853,44.448041],[10.00196,44.432638],[9.985063,44.416258],[9.99126,44.406568],[10.072602,44.35213],[10.121799,44.348197],[10.199363,44.318281],[10.249021,44.269854],[10.287825,44.282389],[10.350974,44.274918],[10.400171,44.235884],[10.47123,44.22459],[10.483931,44.186808],[10.570393,44.125625],[10.610537,44.125702],[10.645474,44.156892],[10.707393,44.162012],[10.919209,44.067804],[10.99073,44.139995],[11.015076,44.136996],[11.001277,44.112661],[11.041487,44.091809],[11.246008,44.106894],[11.255149,44.119033],[11.203008,44.138292],[11.200217,44.156629],[11.291118,44.17079],[11.334272,44.206605],[11.375713,44.211725],[11.396499,44.234148],[11.41856,44.232182],[11.495969,44.166472],[11.551055,44.162682],[11.571841,44.17369],[11.604119,44.162528],[11.610798,44.152289],[11.590166,44.13537],[11.593748,44.125889],[11.644482,44.117462],[11.745666,44.130075],[11.695239,44.038394],[11.652393,44.017729],[11.650701,43.990856],[11.685615,43.96205],[11.685417,43.938528],[11.708577,43.919599],[11.708884,43.884838],[11.809277,43.826424],[11.884995,43.815415],[11.968601,43.77314],[12.067764,43.754331],[12.131067,43.764043],[12.185229,43.742862],[12.213816,43.762967],[12.278196,43.771261],[12.357627,43.722603],[12.324756,43.683436],[12.301926,43.728909],[12.277734,43.689688],[12.19582,43.653356],[12.204807,43.616826],[12.137483,43.531605],[12.097581,43.518279],[12.133857,43.481167],[12.038167,43.421127],[12.073652,43.411195],[12.077739,43.373864],[12.132627,43.357252],[12.138713,43.299992],[12.173452,43.296784],[12.198457,43.318778],[12.215046,43.294872],[12.096658,43.245521],[12.029004,43.250224],[12.00958,43.196929],[11.956208,43.17633],[11.922722,43.13757],[11.929841,43.068565],[11.963547,43.073135],[11.977346,43.052206],[11.93217,42.927204],[11.950627,42.902396],[11.948145,42.885961],[11.808047,42.813352],[11.77467,42.820955],[11.752654,42.80865],[11.747227,42.798477],[11.807124,42.742512],[11.788931,42.710982],[11.786909,42.651249],[11.753884,42.643284],[11.735229,42.616159],[11.671157,42.577036],[11.620554,42.560139],[11.588166,42.566138],[11.58553,42.535903],[11.56593,42.516117],[11.607854,42.487333],[11.601812,42.447387],[11.487136,42.43049],[11.451496,42.374371],[11.376638,42.406887],[11.333018,42.40058],[11.245616,42.422309],[11.211274,42.418891],[11.183849,42.366278],[11.155935,42.366278],[11.106619,42.391262],[11.086762,42.418362],[11.099132,42.442857],[11.164191,42.439828],[11.188448,42.480267],[11.18686,42.520819],[11.158458,42.564032],[11.128673,42.558051],[11.097423,42.606879],[11.080903,42.612698],[11.07781,42.632229],[11.005707,42.667914],[10.990001,42.710273],[10.943614,42.742987],[10.731293,42.804429],[10.764903,42.835273],[10.765636,42.877102],[10.77768,42.894721],[10.76352,42.91828],[10.632498,42.958482],[10.583263,42.959703],[10.539073,42.949123],[10.543468,42.938788]]],[[[10.923331,42.318728],[10.861827,42.366278],[10.882986,42.392157],[10.91346,42.375241],[10.939764,42.33066],[10.923331,42.318728]]],[[[12.236052,43.810988],[12.23937,43.799485],[12.199336,43.780468],[12.170837,43.804605],[12.177561,43.821666],[12.236052,43.810988]]]]}},{"type":"Feature","properties":{"NAMEUNIT":"Valenciana","COUNTRY":"Spain","boundary_level":"admin1"},"geometry":{"type":"MultiPolygon","coordinates":[[[[0.06308,38.860785],[0.153982,38.831],[0.185313,38.803534],[0.170909,38.796088],[0.227712,38.770209],[0.234548,38.742255],[0.176768,38.724026],[0.14503,38.686347],[0.083018,38.660956],[0.073131,38.645209],[0.080577,38.631008],[-0.01476,38.624416],[-0.042958,38.611721],[-0.060048,38.55272],[-0.075429,38.539944],[-0.176991,38.527248],[-0.329416,38.470038],[-0.395172,38.413764],[-0.413686,38.364814],[-0.460194,38.360053],[-0.474355,38.336737],[-0.509836,38.338365],[-0.518788,38.298651],[-0.504018,38.207221],[-0.515452,38.195502],[-0.591379,38.189643],[-0.623687,38.162421],[-0.645009,38.116034],[-0.65453,37.989325],[-0.708852,37.956285],[-0.760575,37.845898],[-0.787104,37.844279],[-0.838703,37.867973],[-0.916683,37.933551],[-1.025849,38.078865],[-1.028097,38.135347],[-0.985955,38.195188],[-0.96916,38.270843],[-0.994662,38.324948],[-1.076673,38.349701],[-1.083959,38.374609],[-1.082099,38.431143],[-1.016547,38.498426],[-1.005437,38.590306],[-1.022128,38.65454],[-0.957145,38.658829],[-0.903479,38.685081],[-0.953683,38.762647],[-0.920481,38.791767],[-0.912574,38.819801],[-0.926217,38.855251],[-0.920946,38.886154],[-0.959187,38.940027],[-0.981304,38.949535],[-1.134396,38.937985],[-1.255809,39.047281],[-1.254982,39.096064],[-1.178579,39.220552],[-1.177726,39.304113],[-1.329086,39.337935],[-1.406239,39.370595],[-1.445746,39.3669],[-1.455513,39.394237],[-1.518274,39.446016],[-1.498353,39.496091],[-1.503159,39.552935],[-1.421484,39.651378],[-1.37203,39.683573],[-1.30175,39.671016],[-1.269943,39.686777],[-1.267049,39.743466],[-1.225579,39.796305],[-1.202867,39.863304],[-1.196846,39.918184],[-1.206613,39.93857],[-1.196226,39.950637],[-1.14548,39.972289],[-1.129383,39.964047],[-1.053496,39.978826],[-0.972467,39.974046],[-0.908776,39.942911],[-0.912109,39.906402],[-0.896891,39.859686],[-0.846997,39.855345],[-0.79129,39.87754],[-0.832502,39.919424],[-0.83121,39.974821],[-0.775089,40.001383],[-0.753902,40.039779],[-0.683855,40.044429],[-0.61435,40.07174],[-0.617657,40.107087],[-0.570037,40.153518],[-0.549961,40.235064],[-0.451621,40.235916],[-0.397929,40.256871],[-0.390927,40.295577],[-0.286489,40.371748],[-0.289098,40.389215],[-0.339896,40.4427],[-0.272174,40.475721],[-0.297935,40.513703],[-0.294369,40.605765],[-0.374597,40.618193],[-0.37731,40.660154],[-0.345813,40.6739],[-0.304498,40.663255],[-0.234089,40.694803],[-0.223418,40.745317],[-0.183885,40.779423],[-0.152156,40.774902],[-0.074486,40.730847],[0.01817,40.726145],[0.036205,40.696689],[0.093152,40.719505],[0.219294,40.730537],[0.243789,40.703046],[0.287714,40.683822],[0.276242,40.654315],[0.29314,40.632145],[0.418404,40.59083],[0.456076,40.549205],[0.52376,40.526163],[0.350597,40.284898],[0.205251,40.171536],[0.144542,40.078843],[0.066173,40.031928],[-0.028676,39.901801],[-0.091298,39.847927],[-0.194488,39.71544],[-0.208933,39.664089],[-0.257436,39.616238],[-0.323354,39.516221],[-0.320668,39.388129],[-0.30134,39.322008],[-0.215493,39.181839],[-0.242182,39.166275],[-0.210027,39.07869],[-0.105946,38.93651],[-0.009755,38.869696],[0.06308,38.860785]]],[[[-1.294592,40.201629],[-1.234674,40.122952],[-1.125843,40.097915],[-1.079954,40.065772],[-1.078766,40.045127],[-1.139072,40.016214],[-1.242968,39.997378],[-1.378308,40.022131],[-1.412931,40.104788],[-1.452335,40.130677],[-1.448537,40.149798],[-1.343556,40.143131],[-1.319423,40.156464],[-1.314229,40.195273],[-1.294592,40.201629]]]]}},{"type":"Feature","properties":{"NAMEUNIT":"Murcia","COUNTRY":"Spain","boundary_level":"admin1"},"geometry":{"type":"MultiPolygon","coordinates":[[[[-0.740142,37.70246],[-0.726471,37.665188],[-0.746897,37.683783],[-0.754506,37.7744],[-0.732737,37.747748],[-0.740142,37.70246]]],[[[-0.760732,37.796129],[-0.787994,37.822821],[-0.812408,37.770087],[-0.856109,37.742499],[-0.809926,37.666897],[-0.754791,37.641303],[-0.734853,37.63935],[-0.726471,37.651516],[-0.707997,37.643012],[-0.705312,37.619534],[-0.736643,37.599433],[-0.886708,37.574286],[-0.92516,37.555894],[-0.9735,37.576402],[-1.087758,37.580878],[-1.119985,37.559027],[-1.105767,37.532135],[-1.167057,37.543755],[-1.178585,37.563883],[-1.242699,37.579203],[-1.261671,37.557661],[-1.323735,37.561991],[-1.353261,37.549913],[-1.413686,37.506537],[-1.4641122227645174,37.4875],[-1.8649226073842802,37.4875],[-2.004239,37.663955],[-1.995196,37.735475],[-2.002818,37.78803],[-1.975688,37.865854],[-2.125472,37.898746],[-2.1718,37.896447],[-2.232235,37.926419],[-2.296237,38.000575],[-2.338534,38.026491],[-2.32422,38.06238],[-2.250529,38.136277],[-2.211927,38.195938],[-2.12741,38.235186],[-2.042893,38.29836],[-1.992793,38.279524],[-1.926182,38.291048],[-1.750534,38.380345],[-1.690873,38.370216],[-1.681933,38.331562],[-1.654596,38.314664],[-1.567315,38.326214],[-1.481015,38.388277],[-1.485718,38.483698],[-1.501996,38.534909],[-1.454273,38.589686],[-1.433628,38.655832],[-1.371487,38.702703],[-1.334202,38.686735],[-1.243174,38.738075],[-1.174186,38.754095],[-1.119926,38.740065],[-1.105302,38.707508],[-1.022128,38.65454],[-1.005437,38.590306],[-1.019441,38.490622],[-1.075614,38.442124],[-1.08445,38.415692],[-1.076673,38.349701],[-0.994662,38.324948],[-0.96916,38.270843],[-0.985955,38.195188],[-1.028097,38.135347],[-1.025849,38.078865],[-0.8887,37.908022],[-0.838703,37.867973],[-0.787104,37.844279],[-0.760575,37.845898],[-0.760732,37.796129]]]]}},{"type":"Feature","properties":{"NAMEUNIT":"Lisbon","COUNTRY":"Portugal","boundary_level":"admin1"},"geometry":{"type":"MultiPolygon","coordinates":[[[[-8.804815,37.901873],[-8.820669,37.927267],[-8.894846,37.952541],[-8.867502,37.973619],[-8.815683,38.062115],[-8.774396,38.186949],[-8.795071,38.359227],[-8.878285,38.449164],[-8.942616,38.481391],[-8.927317,38.493801],[-8.90453,38.486396],[-8.80016,38.439114],[-8.798573,38.426093],[-8.65689,38.405951],[-8.606801,38.418687],[-8.66275,38.424506],[-8.736155,38.45185],[-8.752512,38.487982],[-8.737172,38.522366],[-8.76122,38.538072],[-8.757639,38.5633],[-8.773346,38.565334],[-8.792958,38.533596],[-8.812856,38.528551],[-8.780263,38.505439],[-8.788401,38.481391],[-8.905832,38.512397],[-8.95489,38.505144],[-8.999765,38.464253],[-8.991864,38.459478],[-9.048595,38.440671],[-9.145657,38.431383],[-9.200357,38.412481],[-9.230621,38.418687],[-9.231068,38.43769],[-9.190027,38.472532],[-9.183793,38.551537],[-9.252675,38.665484],[-9.145042,38.681068],[-9.107737,38.658881],[-9.113922,38.679389],[-9.052398,38.693671],[-8.942616,38.77558],[-8.970286,38.835435],[-8.963124,38.850653],[-8.986318,38.849433],[-9.011545,38.913398],[-8.943227,39.015204],[-8.790354,39.070624],[-8.817312,39.039685],[-8.854364,39.03139],[-8.840463,39.016068],[-8.955753,38.840911],[-8.930586,38.800604],[-8.919424,38.750142],[-8.901312,38.740581],[-8.830773,38.754896],[-8.778968,38.733863],[-8.74698,38.753656],[-8.703158,38.8344],[-8.64373,38.815305],[-8.602674,38.828121],[-8.606007,38.791948],[-8.593217,38.772466],[-8.50485,38.76089],[-8.496298,38.747713],[-8.531748,38.688259],[-8.615463,38.642293],[-8.651585,38.606171],[-8.638124,38.55036],[-8.516555,38.519406],[-8.508648,38.542557],[-8.461881,38.519096],[-8.368502,38.535736],[-8.330855,38.500079],[-8.320029,38.44786],[-8.288558,38.424838],[-8.30835,38.377038],[-8.162132,38.317558],[-8.130093,38.250715],[-8.135079,38.223249],[-8.222723,38.20157],[-8.241662,38.179375],[-8.277267,38.180564],[-8.295741,38.14439],[-8.335015,38.150023],[-8.362921,38.107338],[-8.391188,38.101654],[-8.401342,38.075997],[-8.394082,38.055093],[-8.35982,38.028971],[-8.309487,38.01277],[-8.293364,37.981532],[-8.299462,37.90872],[-8.328556,37.846734],[-8.432477,37.866552],[-8.521671,37.853013],[-8.572805,37.810871],[-8.595801,37.759039],[-8.623577,37.755138],[-8.664168,37.770511],[-8.683547,37.757541],[-8.734113,37.813454],[-8.781086,37.81007],[-8.801369,37.826759],[-8.804815,37.901873]]],[[[-9.035268,38.870551],[-9.07315,38.818183],[-9.079661,38.820136],[-9.035268,38.870551]]],[[[-8.935862,39.040717],[-9.10025,38.830227],[-9.098248,38.737858],[-9.112503,38.714182],[-9.220171,38.693895],[-9.285209,38.698758],[-9.321777,38.670325],[-9.404775,38.704088],[-9.491689,38.707587],[-9.484731,38.744696],[-9.497467,38.80976],[-9.455496,38.850469],[-9.422725,38.931404],[-9.436635,39.029486],[-9.422549,39.078625],[-9.35086,39.197309],[-9.347591,39.292478],[-9.299659,39.293157],[-9.231188,39.31636],[-9.169357,39.221198],[-9.067038,39.311658],[-8.994148,39.298997],[-8.984097,39.260395],[-8.914851,39.244788],[-8.874647,39.254245],[-8.816588,39.200915],[-8.888108,39.185748],[-8.902707,39.171511],[-8.791754,39.082415],[-8.836415,39.056708],[-8.935862,39.040717]]]]}},{"type":"Feature","properties":{"NAMEUNIT":"Norte, Centro","COUNTRY":"Portugal","boundary_level":"admin1"},"geometry":{"type":"Polygon","coordinates":[[[-8.785789,40.520886],[-8.750356,40.643948],[-8.744618,40.619045],[-8.710276,40.653469],[-8.690012,40.646918],[-8.696156,40.673651],[-8.662099,40.669867],[-8.641591,40.694159],[-8.666331,40.713202],[-8.663645,40.724066],[-8.603871,40.735785],[-8.572662,40.755561],[-8.639882,40.740058],[-8.668446,40.747463],[-8.683705,40.783108],[-8.645579,40.823676],[-8.655263,40.844916],[-8.663197,40.814927],[-8.675689,40.824449],[-8.689809,40.804104],[-8.714263,40.709052],[-8.750803,40.653144],[-8.655201,41.016652],[-8.585491,41.015068],[-8.526089,41.032224],[-8.484309,41.01729],[-8.448135,41.055479],[-8.389612,41.011864],[-8.392273,41.039666],[-8.346178,41.043955],[-8.290186,41.083384],[-8.22957,41.053825],[-8.224376,41.009409],[-8.149264,40.982047],[-8.087744,41.006696],[-8.12893,40.935977],[-8.109758,40.872079],[-8.115391,40.853476],[-8.157765,40.862209],[-8.249646,40.855362],[-8.239647,40.818852],[-8.268947,40.774204],[-8.32499,40.727178],[-8.296206,40.678964],[-8.2883,40.637572],[-8.248638,40.618968],[-8.301994,40.593905],[-8.283907,40.547112],[-8.253237,40.51453],[-8.331346,40.484351],[-8.321631,40.445025],[-8.354239,40.402883],[-8.358347,40.356323],[-8.399198,40.343739],[-8.449763,40.289841],[-8.522446,40.296765],[-8.520818,40.322397],[-8.486479,40.376425],[-8.504928,40.420065],[-8.565596,40.404407],[-8.57668,40.439341],[-8.570479,40.463784],[-8.608875,40.483989],[-8.642077,40.431693],[-8.675382,40.43469],[-8.785789,40.520886]]]}},{"type":"Feature","properties":{"NAMEUNIT":"Asturias","COUNTRY":"Spain","boundary_level":"admin1"},"geometry":{"type":"Polygon","coordinates":[[[-7.044586,43.479193],[-7.001373,43.556667],[-6.943959,43.565985],[-6.770823,43.56863],[-6.703725,43.557563],[-6.648671,43.579047],[-6.510121,43.547471],[-6.462961,43.554958],[-6.469106,43.575385],[-6.417633,43.561143],[-6.314605,43.56863],[-6.222768,43.595893],[-6.178049,43.575385],[-6.069163,43.569688],[-6.023508,43.588446],[-5.907379,43.588446],[-5.907379,43.636827],[-5.863515,43.641425],[-5.852203,43.66295],[-5.803822,43.650499],[-5.708852,43.56863],[-5.696767,43.582831],[-5.67748,43.561143],[-5.424224,43.561143],[-5.39387,43.555243],[-5.390736,43.541327],[-5.420806,43.513373],[-5.41393,43.506537],[-5.372426,43.520209],[-5.356801,43.538601],[-5.299875,43.537665],[-5.177887,43.489366],[-5.091664,43.486274],[-5.057037,43.468614],[-4.975168,43.458767],[-4.941029,43.471747],[-4.734934,43.4171],[-4.51383,43.402834],[-4.513259,43.384355],[-4.537314,43.34831],[-4.518711,43.305987],[-4.537159,43.277204],[-4.592608,43.298158],[-4.643174,43.272191],[-4.715676,43.264698],[-4.727949,43.207751],[-4.742677,43.192144],[-4.83187,43.188682],[-4.859414,43.223409],[-4.90848,43.237309],[-5.06289,43.17876],[-5.118132,43.108583],[-5.15955,43.113183],[-5.212002,43.093959],[-5.307474,43.085484],[-5.374008,43.08967],[-5.398502,43.056494],[-5.473381,43.051119],[-5.49077,43.02864],[-5.541,43.021793],[-5.705176,43.048794],[-5.729981,43.040577],[-5.778686,42.974664],[-5.804834,42.970607],[-5.844832,42.971693],[-5.918651,42.998797],[-5.95467,43.017581],[-5.987794,43.062333],[-6.079107,43.065098],[-6.122024,43.027917],[-6.199745,43.041042],[-6.234446,43.014352],[-6.364851,43.051429],[-6.392757,43.042205],[-6.418698,43.000528],[-6.480271,42.987867],[-6.444847,42.957714],[-6.501561,42.929706],[-6.5621,42.916657],[-6.70111,42.924512],[-6.763483,42.892834],[-6.828286,42.914797],[-6.83689,42.962701],[-6.868852,42.988668],[-6.913707,42.99474],[-6.951327,43.025126],[-6.966391,42.994275],[-6.988457,43.019338],[-6.945204,43.076725],[-6.877223,43.091789],[-6.831541,43.120159],[-6.847587,43.159226],[-6.873813,43.174626],[-6.898462,43.149124],[-6.943421,43.132613],[-6.959285,43.13884],[-6.973781,43.159226],[-6.965564,43.195012],[-7.050959,43.237309],[-7.071268,43.297719],[-7.121601,43.336787],[-7.13005,43.378619],[-7.170125,43.39084],[-7.160901,43.429132],[-7.112739,43.429339],[-7.044586,43.479193]]]}},{"type":"Feature","properties":{"NAMEUNIT":"Cantabria","COUNTRY":"Spain","boundary_level":"admin1"},"geometry":{"type":"MultiPolygon","coordinates":[[[[-4.508168,43.402452],[-4.481679,43.383612],[-4.432525,43.402615],[-4.379262,43.383612],[-4.359364,43.399685],[-4.188588,43.405382],[-4.097727,43.435614],[-4.029205,43.438259],[-4.012766,43.452501],[-3.981435,43.438259],[-3.961008,43.445095],[-3.974599,43.458767],[-3.922719,43.482611],[-3.885854,43.479193],[-3.826731,43.497016],[-3.769154,43.479193],[-3.844309,43.445095],[-3.820221,43.424262],[-3.772288,43.452501],[-3.744985,43.438259],[-3.755523,43.471747],[-3.728871,43.465522],[-3.717926,43.482733],[-3.554351,43.516913],[-3.556264,43.499701],[-3.428293,43.461737],[-3.428619,43.446845],[-3.470041,43.454169],[-3.501698,43.430772],[-3.46109,43.412462],[-3.447011,43.430772],[-3.436187,43.419013],[-3.392486,43.424587],[-3.21052,43.389838],[-3.150602,43.360155],[-3.149544,43.324436],[-3.160241,43.307796],[-3.203546,43.292293],[-3.322944,43.300096],[-3.430896,43.243459],[-3.44503,43.224235],[-3.423791,43.140623],[-3.500065,43.1407],[-3.647808,43.176176],[-3.766225,43.093442],[-3.838287,43.084657],[-3.854901,43.047657],[-3.952621,42.999236],[-3.98479,42.92583],[-3.94611,42.904358],[-3.901953,42.920378],[-3.881334,42.943865],[-3.848519,42.940997],[-3.834102,42.921566],[-3.869681,42.899992],[-3.898154,42.89857],[-3.90464,42.861544],[-3.885313,42.851235],[-3.862084,42.872009],[-3.831389,42.872319],[-3.815756,42.810049],[-3.883039,42.79713],[-3.917404,42.773462],[-3.965205,42.762506],[-4.00019,42.769793],[-4.002773,42.823588],[-4.047163,42.770103],[-4.085766,42.763127],[-4.11039,42.785968],[-4.158578,42.793512],[-4.185243,42.811961],[-4.184674,42.823485],[-4.13553,42.839504],[-4.141163,42.858831],[-4.201314,42.842347],[-4.221391,42.850201],[-4.239917,42.950247],[-4.35655,42.985413],[-4.409648,43.038329],[-4.462875,43.050938],[-4.552378,43.023937],[-4.726864,43.015928],[-4.738723,43.048096],[-4.770453,43.078637],[-4.827891,43.108067],[-4.83187,43.188682],[-4.734538,43.196899],[-4.715676,43.264698],[-4.643174,43.272191],[-4.592608,43.298158],[-4.56354,43.294205],[-4.545169,43.275808],[-4.529821,43.2817],[-4.518711,43.305987],[-4.537314,43.34831],[-4.508168,43.402452]]],[[[-3.304197,43.260683],[-3.26736,43.227394],[-3.299199,43.216869],[-3.304197,43.260683]]]]}},{"type":"Feature","properties":{"NAMEUNIT":"Pays de la Loire","COUNTRY":"France","boundary_level":"admin1"},"geometry":{"type":"MultiPolygon","coordinates":[[[[-1.214345,46.310696],[-1.213206,46.27912],[-1.240102,46.284247],[-1.277415,46.319525],[-1.370229,46.354193],[-1.44872,46.343411],[-1.465484,46.38996],[-1.504465,46.419338],[-1.62564,46.431138],[-1.617177,46.443549],[-1.633453,46.454291],[-1.686757,46.460883],[-1.761138,46.492011],[-1.789174,46.532945],[-1.781728,46.495429],[-1.7954,46.494534],[-1.827056,46.576972],[-1.822662,46.594387],[-1.89977,46.666246],[-1.909901,46.691799],[-1.956451,46.704291],[-1.994618,46.752021],[-2.050282,46.79206],[-2.118764,46.819973],[-2.128774,46.893459],[-2.096344,46.91649],[-2.102162,46.93065],[-2.049224,46.957465],[-2.00829,47.026353],[-1.990716,47.035387],[-2.003774,47.070014],[-2.030019,47.092108],[-2.090159,47.11518],[-2.241119,47.142483],[-2.165191,47.167873],[-2.158681,47.204495],[-2.172109,47.235256],[-2.160553,47.271186],[-2.127675,47.286811],[-2.014556,47.300116],[-1.947865,47.279364],[-1.917063,47.284166],[-1.898427,47.273424],[-1.918853,47.266018],[-1.803944,47.21898],[-1.72704,47.210761],[-1.788238,47.225572],[-1.905629,47.293931],[-2.010121,47.319729],[-2.148101,47.313218],[-2.206288,47.273424],[-2.278391,47.246405],[-2.31607,47.251654],[-2.371409,47.286444],[-2.404897,47.286444],[-2.419179,47.266018],[-2.448394,47.266588],[-2.541982,47.300116],[-2.476064,47.290676],[-2.436187,47.307034],[-2.480621,47.347886],[-2.501698,47.320624],[-2.514801,47.364936],[-2.556386,47.383246],[-2.476796,47.415676],[-2.439036,47.40998],[-2.439036,47.396308],[-2.391835,47.423651],[-2.44815,47.430609],[-2.439036,47.44477],[-2.461097,47.452644],[-2.452889,47.461855],[-2.345739,47.459482],[-2.292357,47.505888],[-2.253366,47.495264],[-2.202521,47.506767],[-2.197643,47.487804],[-2.179263,47.482476],[-2.109972,47.542318],[-2.081034,47.649809],[-2.030695,47.671221],[-1.958251,47.675846],[-1.865845,47.702796],[-1.806135,47.692337],[-1.685318,47.718484],[-1.592011,47.775481],[-1.461713,47.823437],[-1.409495,47.82359],[-1.351312,47.791862],[-1.251006,47.780392],[-1.167697,47.960799],[-1.134936,47.983167],[-1.040629,48.001514],[-1.041794,48.062334],[-1.070391,48.09058],[-1.082333,48.152411],[-1.070292,48.174318],[-1.101658,48.267394],[-1.069776,48.318184],[-1.079081,48.498689],[-0.862706,48.501798],[-0.816893,48.454382],[-0.78579,48.456996],[-0.754369,48.441286],[-0.730463,48.461852],[-0.6744,48.473212],[-0.64099,48.454612],[-0.554297,48.468312],[-0.483139,48.506292],[-0.337933,48.493735],[-0.319124,48.512334],[-0.248866,48.526803],[-0.233497,48.561278],[-0.162854,48.539877],[-0.154406,48.489856],[-0.062242,48.439418],[-0.052728,48.380641],[0.061311,48.379576],[0.073725,48.401702],[0.115473,48.412809],[0.152585,48.445472],[0.309931,48.471564],[0.371521,48.448515],[0.377893,48.356482],[0.416081,48.315756],[0.493183,48.304594],[0.499072,48.274414],[0.515178,48.265845],[0.60041,48.249772],[0.655341,48.252892],[0.750285,48.184349],[0.798383,48.185953],[0.847097,48.160992],[0.912883,48.147193],[0.831606,48.102852],[0.852238,48.076243],[0.797614,48.062807],[0.814709,48.029364],[0.844152,48.021641],[0.833298,47.978542],[0.840593,47.954646],[0.779619,47.907098],[0.770017,47.842454],[0.744704,47.787522],[0.613264,47.722901],[0.60197,47.701477],[0.608166,47.67076],[0.477824,47.640042],[0.443833,47.618849],[0.397426,47.630912],[0.381298,47.617454],[0.385012,47.581441],[0.241772,47.602886],[0.214328,47.548515],[0.221777,47.50224],[0.173986,47.414734],[0.177063,47.377447],[0.105256,47.299081],[0.06676,47.153688],[-0.004047,47.156556],[-0.053068,47.096252],[-0.09185,47.086144],[-0.118228,47.057338],[-0.143013,47.062809],[-0.170578,47.098262],[-0.269697,47.097229],[-0.473196,47.06638],[-0.537741,47.070258],[-0.558461,47.0548],[-0.549156,47.02517],[-0.63241,46.992431],[-0.851126,46.98964],[-0.941357,47.013305],[-0.946004,47.000385],[-0.833614,46.919251],[-0.812421,46.862825],[-0.712017,46.802049],[-0.724728,46.767508],[-0.662282,46.683045],[-0.652999,46.642527],[-0.626774,46.606558],[-0.615953,46.54755],[-0.640134,46.514943],[-0.624115,46.461429],[-0.629927,46.408507],[-0.569338,46.38704],[-0.558154,46.362343],[-0.612074,46.35206],[-0.649516,46.325725],[-0.695252,46.32355],[-0.756589,46.301204],[-0.85061,46.334306],[-0.959935,46.320067],[-0.973118,46.329219],[-0.955002,46.353708],[-0.969833,46.362442],[-1.090287,46.339546],[-1.11919,46.311011],[-1.132476,46.324123],[-1.177235,46.326158],[-1.214345,46.310696]]],[[[-2.268951,46.697414],[-2.371409,46.704291],[-2.382924,46.722642],[-2.337229,46.731594],[-2.268951,46.697414]]],[[[-2.144846,46.957465],[-2.142568,46.909857],[-2.194814,46.961859],[-2.220204,46.973863],[-2.247304,46.964301],[-2.295644,47.033189],[-2.200022,47.024359],[-2.200103,46.985419],[-2.144846,46.957465]]]]}},{"type":"Feature","properties":{"NAMEUNIT":"Bretagne","COUNTRY":"France","boundary_level":"admin1"},"geometry":{"type":"MultiPolygon","coordinates":[[[[-3.062815,47.320624],[-3.067006,47.301947],[-3.093617,47.296617],[-3.223459,47.312161],[-3.240956,47.320624],[-3.23762,47.336371],[-3.262074,47.383246],[-3.242991,47.395331],[-3.176503,47.371487],[-3.114654,47.331488],[-3.062815,47.320624]]],[[[-2.49474,47.491197],[-2.363922,47.506171],[-2.425364,47.506171],[-2.517486,47.528388],[-2.631988,47.519843],[-2.599355,47.52912],[-2.576812,47.553941],[-2.638254,47.540269],[-2.617787,47.526679],[-2.665517,47.533515],[-2.667104,47.509589],[-2.680735,47.504218],[-2.714019,47.512397],[-2.817128,47.499213],[-2.868967,47.542182],[-2.90925,47.558417],[-2.865305,47.566636],[-2.850575,47.546536],[-2.816396,47.546536],[-2.80956,47.567613],[-2.794016,47.555121],[-2.741444,47.551337],[-2.720204,47.560777],[-2.727651,47.567613],[-2.68399,47.622992],[-2.706532,47.642727],[-2.695627,47.623358],[-2.714019,47.616034],[-2.699778,47.609198],[-2.720204,47.601752],[-2.77538,47.629096],[-2.734486,47.62226],[-2.746327,47.633857],[-2.789133,47.642727],[-2.77538,47.636542],[-2.847727,47.626166],[-2.86677,47.607164],[-2.919423,47.595526],[-2.912668,47.609198],[-2.939931,47.601752],[-2.944814,47.624091],[-2.933095,47.636542],[-2.957997,47.642157],[-2.97468,47.663804],[-2.963612,47.602607],[-2.933095,47.574449],[-2.939931,47.560777],[-2.994496,47.595526],[-2.988596,47.582261],[-3.003407,47.578681],[-3.01179,47.607164],[-3.015696,47.581244],[-3.042388,47.58808],[-3.073842,47.576483],[-3.12328,47.598782],[-3.131703,47.58808],[-3.118031,47.581244],[-3.12328,47.518988],[-3.084543,47.478217],[-3.131703,47.478217],[-3.145375,47.516099],[-3.131703,47.55744],[-3.141184,47.598049],[-3.200592,47.639594],[-3.18635,47.680609],[-3.111195,47.704169],[-3.118031,47.732123],[-3.13915,47.724677],[-3.13915,47.75259],[-3.153188,47.742011],[-3.193186,47.746405],[-3.169667,47.735419],[-3.159088,47.711005],[-3.207387,47.697333],[-3.193186,47.683743],[-3.224192,47.656399],[-3.262074,47.683743],[-3.358266,47.697333],[-3.282623,47.691148],[-3.298451,47.703843],[-3.358266,47.711005],[-3.340566,47.739488],[-3.317291,47.738959],[-3.282623,47.78734],[-3.331776,47.752509],[-3.383168,47.737047],[-3.364491,47.718451],[-3.446441,47.704576],[-3.52831,47.779934],[-3.625152,47.779934],[-3.649037,47.793606],[-3.706166,47.796942],[-3.723215,47.813381],[-3.77538,47.793606],[-3.789906,47.803209],[-3.851715,47.801011],[-3.886464,47.83747],[-3.885854,47.855048],[-3.961822,47.89997],[-3.988271,47.903469],[-3.979237,47.883002],[-4.008901,47.851264],[-4.029205,47.855048],[-4.001943,47.869289],[-4.036692,47.855048],[-4.106557,47.880113],[-4.132192,47.923896],[-4.14273,47.912014],[-4.111195,47.869289],[-4.15274,47.855048],[-4.17162,47.877021],[-4.185618,47.874416],[-4.188466,47.862128],[-4.173899,47.855048],[-4.180043,47.841986],[-4.15274,47.841986],[-4.185211,47.813381],[-4.225168,47.802436],[-4.371816,47.807196],[-4.371816,47.834459],[-4.347646,47.838324],[-4.34732,47.862942],[-4.371978,47.915839],[-4.434641,47.975653],[-4.533274,48.026313],[-4.572011,48.005927],[-4.601959,48.02558],[-4.728139,48.040595],[-4.700795,48.074774],[-4.683705,48.067328],[-4.361928,48.115709],[-4.304758,48.104071],[-4.28539,48.115383],[-4.275706,48.143622],[-4.302358,48.196357],[-4.366119,48.215155],[-4.379262,48.232367],[-4.404368,48.226142],[-4.457631,48.248969],[-4.485463,48.242621],[-4.531646,48.183092],[-4.557485,48.177191],[-4.543772,48.205064],[-4.563629,48.232367],[-4.54719,48.25259],[-4.554067,48.262763],[-4.626332,48.266547],[-4.626332,48.287055],[-4.575185,48.290025],[-4.57726,48.307522],[-4.546702,48.346829],[-4.530141,48.34162],[-4.543202,48.304674],[-4.515533,48.295844],[-4.426503,48.300035],[-4.388987,48.287055],[-4.262603,48.300035],[-4.289906,48.29385],[-4.269358,48.288398],[-4.187489,48.307522],[-4.218821,48.306057],[-4.234731,48.321723],[-4.257721,48.311347],[-4.275706,48.324856],[-4.324696,48.321723],[-4.269399,48.362738],[-4.324696,48.348456],[-4.324696,48.362738],[-4.337717,48.348456],[-4.384185,48.338121],[-4.406606,48.335395],[-4.406606,48.348456],[-4.453725,48.335395],[-4.396596,48.387763],[-4.289906,48.431586],[-4.599355,48.350165],[-4.690541,48.362738],[-4.704498,48.34162],[-4.768381,48.345404],[-4.783355,48.37641],[-4.76476,48.377631],[-4.766347,48.390448],[-4.784901,48.436184],[-4.768056,48.468655],[-4.749257,48.472602],[-4.774648,48.491278],[-4.764556,48.520209],[-4.721995,48.568183],[-4.700795,48.560736],[-4.708241,48.568183],[-4.692291,48.575507],[-4.642486,48.581855],[-4.57726,48.568183],[-4.607737,48.603013],[-4.530141,48.601711],[-4.557485,48.609117],[-4.563629,48.629625],[-4.406606,48.643256],[-4.426503,48.657538],[-4.343251,48.67886],[-4.299143,48.663642],[-4.306508,48.641547],[-4.242055,48.657538],[-4.193756,48.650092],[-4.213002,48.6612],[-4.173899,48.691107],[-4.079254,48.696926],[-4.064036,48.684882],[-4.056549,48.712144],[-3.973988,48.732815],[-3.972727,48.707709],[-3.961008,48.704739],[-3.967763,48.691107],[-3.951039,48.679389],[-3.954742,48.657538],[-3.911936,48.68122],[-3.891998,48.678046],[-3.906321,48.664374],[-3.851715,48.629625],[-3.844309,48.650092],[-3.8579,48.684882],[-3.837473,48.6706],[-3.837148,48.707261],[-3.829254,48.718451],[-3.816965,48.712144],[-3.810129,48.733222],[-3.797109,48.721177],[-3.731923,48.71898],[-3.686635,48.698554],[-3.638173,48.704739],[-3.638539,48.687812],[-3.584788,48.682807],[-3.570546,48.687974],[-3.580474,48.733222],[-3.52831,48.739488],[-3.577382,48.774237],[-3.581532,48.790595],[-3.542592,48.807807],[-3.515289,48.841946],[-3.419749,48.821438],[-3.433339,48.807807],[-3.397613,48.807318],[-3.213612,48.869818],[-3.207753,48.835924],[-3.227895,48.807807],[-3.22053,48.794135],[-3.178822,48.84101],[-3.103749,48.876654],[-3.08434,48.862209],[-3.090728,48.835679],[-3.077056,48.828274],[-3.125478,48.759955],[-3.0655,48.823961],[-3.008168,48.821438],[-3.008168,48.807807],[-3.042388,48.787909],[-2.933095,48.767401],[-2.946685,48.733222],[-2.826975,48.657538],[-2.812978,48.598578],[-2.714019,48.560736],[-2.734486,48.534003],[-2.682362,48.509019],[-2.676137,48.540229],[-2.620025,48.543606],[-2.569407,48.58869],[-2.459543,48.636461],[-2.487457,48.650092],[-2.44286,48.659084],[-2.421051,48.656968],[-2.412262,48.643256],[-2.38622,48.650092],[-2.31607,48.698554],[-2.281972,48.6706],[-2.330312,48.629625],[-2.312652,48.620185],[-2.250966,48.650092],[-2.213694,48.581855],[-2.195546,48.593451],[-2.192616,48.615912],[-2.174062,48.582953],[-2.159088,48.58869],[-2.172109,48.601711],[-2.161041,48.613023],[-2.124338,48.609117],[-2.144846,48.636461],[-2.052358,48.650092],[-2.022043,48.598944],[-2.000885,48.58869],[-2.00829,48.575019],[-1.976389,48.535631],[-1.980295,48.513577],[-1.939361,48.534003],[-1.967275,48.547065],[-1.980295,48.58869],[-1.952952,48.575019],[-2.000478,48.601304],[-2.025543,48.651313],[-1.976959,48.691107],[-1.843739,48.712144],[-1.836334,48.691107],[-1.861195,48.664211],[-1.860951,48.640855],[-1.838206,48.623765],[-1.722808,48.615302],[-1.589671,48.641808],[-1.528763,48.530736],[-1.498693,48.494866],[-1.448255,48.465752],[-1.381689,48.4704],[-1.303016,48.504117],[-1.265728,48.535483],[-1.120676,48.515828],[-1.079081,48.498689],[-1.069776,48.318184],[-1.101658,48.267394],[-1.070292,48.174318],[-1.082333,48.152411],[-1.070391,48.09058],[-1.041794,48.062334],[-1.040629,48.001514],[-1.134936,47.983167],[-1.167697,47.960799],[-1.251006,47.780392],[-1.351312,47.791862],[-1.409495,47.82359],[-1.461713,47.823437],[-1.592011,47.775481],[-1.685318,47.718484],[-1.806135,47.692337],[-1.865845,47.702796],[-1.958251,47.675846],[-2.030695,47.671221],[-2.081034,47.649809],[-2.109972,47.542318],[-2.179263,47.482476],[-2.197643,47.487804],[-2.202521,47.506767],[-2.253366,47.495264],[-2.292357,47.505888],[-2.345739,47.459482],[-2.404109,47.455603],[-2.433102,47.465832],[-2.461097,47.452644],[-2.488922,47.459174],[-2.480621,47.478217],[-2.49474,47.491197]]],[[[-5.03661,48.472602],[-5.087961,48.447211],[-5.10554,48.444648],[-5.091868,48.451483],[-5.097768,48.46133],[-5.132802,48.458319],[-5.069,48.485053],[-5.03661,48.472602]]]]}},{"type":"Feature","properties":{"NAMEUNIT":"Normandie","COUNTRY":"France","boundary_level":"admin1"},"geometry":{"type":"Polygon","coordinates":[[[0.457286,49.467434],[0.493175,49.493598],[0.42213,49.464423],[0.256847,49.464057],[0.104421,49.493598],[0.078624,49.51553],[0.076589,49.53498],[0.13087,49.603502],[0.170909,49.691636],[0.23585,49.729315],[0.59669,49.857245],[0.674815,49.8758],[0.760916,49.875067],[1.172618,49.961005],[1.373069,50.06572],[1.516384,50.000674],[1.680871,49.888482],[1.750349,49.783705],[1.754546,49.765622],[1.719499,49.745418],[1.679157,49.697045],[1.734858,49.685345],[1.680871,49.64508],[1.693571,49.626996],[1.712534,49.509893],[1.769487,49.498764],[1.716555,49.423804],[1.721213,49.382056],[1.78344,49.251209],[1.760808,49.247507],[1.725564,49.270435],[1.692165,49.252319],[1.698054,49.230664],[1.619875,49.082591],[1.444533,49.042688],[1.451521,48.986153],[1.488303,48.973321],[1.492807,48.939549],[1.448093,48.917268],[1.451367,48.870763],[1.372397,48.830795],[1.334055,48.780225],[1.248999,48.749738],[1.162756,48.757439],[1.108901,48.778215],[1.096816,48.752375],[1.038918,48.747727],[0.999499,48.717592],[0.872739,48.69897],[0.816423,48.665088],[0.822773,48.620572],[0.850371,48.582976],[0.951071,48.515674],[0.949072,48.469499],[0.979812,48.433112],[0.916464,48.368732],[0.783815,48.331368],[0.775114,48.312867],[0.797922,48.28951],[0.796823,48.253233],[0.827409,48.208991],[0.810227,48.190808],[0.770632,48.180833],[0.726247,48.194654],[0.655341,48.252892],[0.60041,48.249772],[0.515178,48.265845],[0.499072,48.274414],[0.493183,48.304594],[0.443195,48.304704],[0.400832,48.324161],[0.374025,48.369732],[0.376662,48.439682],[0.351943,48.458853],[0.280598,48.474091],[0.192487,48.460193],[0.142653,48.439836],[0.115473,48.412809],[0.073725,48.401702],[0.061311,48.379576],[-0.052728,48.380641],[-0.062242,48.439418],[-0.154406,48.489856],[-0.162854,48.539877],[-0.233497,48.561278],[-0.248866,48.526803],[-0.319124,48.512334],[-0.337933,48.493735],[-0.483139,48.506292],[-0.554297,48.468312],[-0.64099,48.454612],[-0.6744,48.473212],[-0.730463,48.461852],[-0.754369,48.441286],[-0.78579,48.456996],[-0.816893,48.454382],[-0.862706,48.501798],[-0.936193,48.507325],[-1.02872,48.493108],[-1.24782,48.53701],[-1.381689,48.4704],[-1.448255,48.465752],[-1.498693,48.494866],[-1.528763,48.530736],[-1.589671,48.641808],[-1.500559,48.636461],[-1.393137,48.652411],[-1.356557,48.643256],[-1.372304,48.66059],[-1.432851,48.6706],[-1.443267,48.662828],[-1.4558,48.683417],[-1.502675,48.695502],[-1.516469,48.725165],[-1.553619,48.747138],[-1.566762,48.82217],[-1.602935,48.841946],[-1.571848,48.874213],[-1.56371,48.922105],[-1.542795,48.935248],[-1.563059,48.957587],[-1.545766,49.030341],[-1.507965,49.027533],[-1.549713,49.039781],[-1.579457,49.01317],[-1.59675,49.037421],[-1.589345,49.082099],[-1.608754,49.091498],[-1.595937,49.128485],[-1.569488,49.143541],[-1.589345,49.143541],[-1.610422,49.215888],[-1.602651,49.225409],[-1.548411,49.225491],[-1.616851,49.238227],[-1.624664,49.219306],[-1.671864,49.280097],[-1.658193,49.287543],[-1.699086,49.313544],[-1.706654,49.329169],[-1.686187,49.335354],[-1.699127,49.355862],[-1.714752,49.338528],[-1.775502,49.370103],[-1.767974,49.383734],[-1.816477,49.383734],[-1.819407,49.452053],[-1.884674,49.530911],[-1.843739,49.571845],[-1.839508,49.619778],[-1.869496,49.661689],[-1.945627,49.677965],[-1.935211,49.724107],[-1.908355,49.726386],[-1.829457,49.712714],[-1.816477,49.691636],[-1.617177,49.664293],[-1.606679,49.650051],[-1.572865,49.664293],[-1.511464,49.662543],[-1.455719,49.702216],[-1.409495,49.711575],[-1.263051,49.695502],[-1.227773,49.624091],[-1.253326,49.61225],[-1.264027,49.58926],[-1.301422,49.581773],[-1.306264,49.558092],[-1.261586,49.49315],[-1.175689,49.415229],[-1.181996,49.356187],[-1.151723,49.362698],[-1.122874,49.345445],[-1.103424,49.349026],[-1.113759,49.36579],[-1.106353,49.379462],[-1.072255,49.396796],[-0.940419,49.392279],[-0.822133,49.362698],[-0.583363,49.345893],[-0.546946,49.358954],[-0.479482,49.34276],[-0.411122,49.34276],[-0.219472,49.280097],[-0.194081,49.295233],[0.012869,49.334621],[0.162364,49.415188],[0.457286,49.467434]]]}},{"type":"Feature","properties":{"NAMEUNIT":"Holanda Meridional","COUNTRY":"Netherlands","boundary_level":"admin1"},"geometry":{"type":"Polygon","coordinates":[[[4.109874,51.650865],[4.125662,51.679633],[4.176931,51.685858],[4.071544,51.71719],[4.033946,51.784247],[3.981456,51.810004],[3.871593,51.788275],[3.862315,51.816067],[3.962657,51.847357],[4.047618,51.833686],[4.077647,51.843573],[4.032074,51.882025],[4.043468,51.908677],[4.015636,51.987698],[4.107677,51.991889],[4.141856,52.005601],[4.284679,52.112942],[4.406912,52.223456],[4.508149,52.336371],[4.499033,52.326057],[4.548591,52.312518],[4.609724,52.313448],[4.567711,52.270505],[4.548126,52.220379],[4.605538,52.213196],[4.710286,52.23459],[4.725634,52.21149],[4.767854,52.221206],[4.86268,52.167979],[4.853689,52.163431],[4.8633,52.133872],[4.825577,52.140487],[4.79085,52.119713],[4.819829,52.108847],[4.832529,52.071596],[4.877718,52.071396],[4.831153,52.052548],[4.799405,52.022705],[4.849567,52.020165],[4.854011,52.008101],[4.824336,51.996826],[4.88733,51.941171],[4.988977,51.980187],[5.030422,51.974347],[5.104888,52.003803],[5.182557,51.966854],[5.11791,51.89151],[5.120546,51.876214],[5.00448,51.850944],[5.009286,51.825209],[4.908982,51.829912],[4.870328,51.808104],[4.790385,51.802678],[4.675554,51.719374],[4.544876,51.695968],[4.403113,51.708264],[4.372736,51.673547],[4.333678,51.656911],[4.196955,51.637727],[4.130656,51.658305],[4.109874,51.650865]]]}},{"type":"Feature","properties":{"NAMEUNIT":"Holanda Septentrional","COUNTRY":"Netherlands","boundary_level":"admin1"},"geometry":{"type":"MultiPolygon","coordinates":[[[[4.499033,52.326057],[4.596934,52.506578],[4.669444,52.796576],[4.711681,52.863105],[4.72641,52.9383],[4.745453,52.967597],[4.816905,52.967597],[4.824392,52.96015],[4.809418,52.929592],[4.832774,52.911322],[4.913097,52.905585],[4.978282,52.935696],[5.078136,52.954006],[5.179773,53.008995],[5.260189,52.865358],[5.370323,52.790339],[5.358882,52.689004],[5.308726,52.698712],[5.277986,52.685768],[5.261806,52.648556],[5.09516,52.582221],[5.119429,52.515886],[5.167967,52.472202],[5.193854,52.428518],[5.159877,52.428518],[5.10325,52.39616],[5.104868,52.363801],[5.159877,52.328207],[5.28284,52.318499],[5.3676,52.283315],[5.263793,52.275879],[5.202039,52.187409],[5.182351,52.179038],[5.045028,52.16811],[5.034022,52.204515],[5.058172,52.23738],[5.030422,52.267146],[5.065769,52.279238],[4.993628,52.285439],[4.736228,52.208286],[4.710286,52.23459],[4.605538,52.213196],[4.548126,52.220379],[4.567711,52.270505],[4.609724,52.313448],[4.566471,52.310089],[4.499033,52.326057]]],[[[4.913097,53.104804],[4.865245,53.050198],[4.818126,53.02676],[4.795665,53.000312],[4.726817,53.003079],[4.707693,53.028469],[4.733653,53.084215],[4.805675,53.133002],[4.85434,53.18773],[4.885753,53.186713],[4.885753,53.166205],[4.910167,53.134589],[4.892589,53.104804],[4.913097,53.104804]]]]}},{"type":"Feature","properties":{"NAMEUNIT":"Frisia","COUNTRY":"Netherlands","boundary_level":"admin1"},"geometry":{"type":"MultiPolygon","coordinates":[[[[5.312755,53.082831],[5.379242,53.097357],[5.447439,53.220893],[5.591563,53.302802],[5.659679,53.311957],[5.980805,53.406073],[6.186021,53.410996],[6.170301,53.386096],[6.180068,53.36434],[6.273654,53.344703],[6.276134,53.313594],[6.287141,53.308891],[6.253965,53.288169],[6.217946,53.240575],[6.226008,53.220576],[6.176037,53.174429],[6.173711,53.131486],[6.309517,53.092057],[6.307657,53.078414],[6.354631,53.063635],[6.36755,53.028495],[6.433799,52.969325],[6.401966,52.931912],[6.347964,52.908399],[6.265437,52.925659],[6.129476,52.853415],[6.05191,52.839307],[6.032376,52.821066],[5.993102,52.822823],[5.959254,52.841581],[5.879362,52.805924],[5.822415,52.815019],[5.785156,52.803702],[5.740456,52.838739],[5.680849,52.837854],[5.557887,52.792552],[5.371825,52.789316],[5.260189,52.865358],[5.179773,53.008995],[5.312755,53.082831]]],[[[5.054454,53.313788],[5.104828,53.302802],[5.036469,53.291815],[4.910167,53.21247],[4.878917,53.220893],[4.986501,53.289984],[5.054454,53.313788]]],[[[5.562022,53.434312],[5.475434,53.426947],[5.4817,53.412665],[5.468598,53.408515],[5.208344,53.352688],[5.179861,53.353095],[5.167654,53.368232],[5.178884,53.385443],[5.250173,53.40644],[5.585297,53.453599],[5.562022,53.434312]]],[[[5.752778,53.447414],[5.678966,53.430121],[5.636078,53.448676],[5.658865,53.471869],[5.913829,53.473863],[5.9546,53.461086],[5.752778,53.447414]]],[[[6.338715,53.508857],[6.153168,53.468817],[6.133311,53.453599],[6.122813,53.481635],[6.211762,53.508857],[6.338715,53.508857]]]]}},{"type":"Feature","properties":{"NAMEUNIT":"Bremen","COUNTRY":"Germany","boundary_level":"admin1"},"geometry":{"type":"MultiPolygon","coordinates":[[[[8.49605,53.224038],[8.590205,53.215357],[8.690302,53.188433],[8.745544,53.191611],[8.778617,53.170269],[8.823886,53.168073],[8.903984,53.13761],[8.93623,53.162802],[8.975349,53.137015],[8.957831,53.121926],[8.989922,53.093607],[8.972714,53.052576],[8.914526,53.024619],[8.86595,53.047512],[8.844091,53.033197],[8.771796,53.054643],[8.704875,53.049553],[8.701774,53.083427],[8.638005,53.130297],[8.617231,53.176858],[8.513,53.19975],[8.49605,53.224038]]],[[[8.560802,53.551703],[8.513038,53.617097],[8.630874,53.603964],[8.620177,53.587608],[8.642656,53.531901],[8.623588,53.502213],[8.599506,53.489733],[8.572996,53.501851],[8.557203,53.519941],[8.560802,53.551703]]]]}},{"type":"Feature","properties":{"NAMEUNIT":"Hamburgo","COUNTRY":"Germany","boundary_level":"admin1"},"geometry":{"type":"Polygon","coordinates":[[[9.763972,53.54768],[9.832042,53.543606],[9.819591,53.556627],[9.74081,53.572575],[9.768427,53.629182],[9.810027,53.617864],[9.806151,53.599054],[9.816073,53.593111],[9.927332,53.645666],[9.98428,53.646881],[10.013632,53.673003],[10.060192,53.677964],[10.086392,53.718892],[10.147991,53.713673],[10.18742,53.727522],[10.192846,53.717703],[10.164734,53.684527],[10.205403,53.662358],[10.222767,53.633652],[10.210674,53.584352],[10.173157,53.573784],[10.183234,53.528955],[10.320693,53.455652],[10.32798,53.432656],[10.275993,53.430796],[10.241577,53.406611],[10.186541,53.404389],[10.083137,53.450898],[10.032391,53.440976],[10.027895,53.427489],[9.985365,53.41506],[9.912915,53.415603],[9.900047,53.446609],[9.857207,53.432863],[9.768427,53.508155],[9.763972,53.54768]]]}},{"type":"Feature","properties":{"NAMEUNIT":"Sicily","COUNTRY":"Italy","boundary_level":"admin1"},"geometry":{"type":"MultiPolygon","coordinates":[[[[13.16965466866592,37.4875],[13.016856,37.497545],[13.000011,37.535468],[12.942638,37.568508],[12.862153,37.576402],[12.659353,37.565131],[12.57781,37.652004],[12.506196,37.665513],[12.427013,37.797024],[12.427419,37.809272],[12.465017,37.822821],[12.478689,37.881171],[12.464122,37.912909],[12.50294,37.997056],[12.492931,38.02143],[12.576345,38.071723],[12.608409,38.062405],[12.651622,38.091498],[12.662446,38.116278],[12.7046,38.110826],[12.725352,38.125922],[12.7199,38.175482],[12.731781,38.192776],[12.737804,38.180976],[12.760916,38.180976],[12.81837,38.077948],[12.901134,38.028062],[12.944184,38.032864],[13.061371,38.083482],[13.0713,38.095526],[13.054698,38.141832],[13.089366,38.166002],[13.083751,38.174709],[13.100922,38.19009],[13.207205,38.176093],[13.230317,38.184638],[13.239024,38.207017],[13.318126,38.220649],[13.32838,38.200181],[13.371918,38.172797],[13.391368,38.103176],[13.51352,38.110541],[13.54127,38.094062],[13.547374,38.05622],[13.651134,38.000963],[13.711925,37.987942],[13.705089,37.980455],[13.790782,37.973619],[14.020518,38.049384],[14.083263,38.02383],[14.151378,38.028876],[14.273204,38.015123],[14.384613,38.029527],[14.431895,38.049384],[14.464122,38.037177],[14.511729,38.044379],[14.634613,38.081488],[14.733735,38.15762],[14.798106,38.160346],[14.907074,38.18769],[14.944998,38.181789],[14.969737,38.159247],[15.049001,38.151801],[15.087901,38.128241],[15.177419,38.156317],[15.240733,38.241156],[15.237153,38.264797],[15.245372,38.217231],[15.29184,38.207017],[15.399669,38.232571],[15.528656,38.302639],[15.651622,38.275295],[15.569672,38.226955],[15.559906,38.199774],[15.575938,38.200181],[15.500336,38.084947],[15.392589,37.976142],[15.266287,37.811916],[15.213064,37.761461],[15.206554,37.747748],[15.220225,37.706732],[15.202159,37.68537],[15.163829,37.567694],[15.094589404526166,37.4875],[13.16965466866592,37.4875]]],[[[12.31422,37.946357],[12.368826,37.925238],[12.357677,37.914049],[12.299653,37.919257],[12.273204,37.939521],[12.31422,37.946357]]],[[[12.030447,37.984361],[12.064464,37.986233],[12.079275,37.950263],[12.047618,37.960761],[12.030447,37.984361]]],[[[13.195974,38.711493],[13.153494,38.69477],[13.157888,38.709866],[13.195974,38.711493]]],[[[15.007335,38.377672],[14.986827,38.364081],[14.948253,38.39643],[14.958832,38.432929],[15.007335,38.377672]]],[[[14.966075,38.516262],[14.958832,38.501858],[14.97934,38.481391],[14.952647,38.481391],[14.966319,38.453437],[14.948741,38.450914],[14.899425,38.481676],[14.909679,38.515326],[14.966075,38.516262]]],[[[14.357188,38.551215],[14.36085,38.539049],[14.346446,38.535142],[14.342784,38.547268],[14.357188,38.551215]]],[[[14.85141,38.584906],[14.876964,38.569525],[14.861664,38.539293],[14.793793,38.571601],[14.85141,38.584906]]],[[[14.551606,38.561591],[14.542491,38.586859],[14.563975,38.58454],[14.58546,38.55744],[14.551606,38.561591]]],[[[15.22462,38.776801],[15.206065,38.775214],[15.187022,38.792711],[15.212087,38.810452],[15.23463,38.807807],[15.22462,38.776801]]]]}},{"type":"Feature","properties":{"NAMEUNIT":"Islas Baleares","COUNTRY":"Spain","boundary_level":"admin1"},"geometry":{"type":"MultiPolygon","coordinates":[[[[1.581391,38.653062],[1.523448,38.6494],[1.458086,38.681341],[1.412792,38.646446],[1.38295,38.642061],[1.393728,38.70421],[1.382823,38.711575],[1.401002,38.730326],[1.418142,38.727891],[1.435395,38.755357],[1.486095,38.694566],[1.526383,38.677768],[1.565684,38.691486],[1.582367,38.674913],[1.581391,38.653062]]],[[[1.623057,39.029202],[1.593272,39.02025],[1.576182,38.985826],[1.541189,38.96776],[1.509776,38.930162],[1.458669,38.900133],[1.444998,38.913153],[1.414728,38.890622],[1.403105,38.832278],[1.37065,38.831809],[1.343516,38.862372],[1.307791,38.857896],[1.283458,38.87462],[1.259939,38.857896],[1.216645,38.885077],[1.22755,38.942003],[1.218435,38.954088],[1.300955,38.96776],[1.292817,39.033271],[1.356781,39.077623],[1.403331,39.077623],[1.450694,39.101793],[1.53712,39.118028],[1.605968,39.091295],[1.623057,39.029202]]],[[[2.930867,39.118176],[2.913614,39.151963],[2.980582,39.18556],[2.982308,39.139184],[2.962154,39.116062],[2.930867,39.118176]]],[[[3.474376,39.749701],[3.474376,39.715522],[3.453868,39.659695],[3.401866,39.623236],[3.406016,39.591986],[3.323253,39.523871],[3.291759,39.475775],[3.282481,39.420111],[3.268809,39.427558],[3.252615,39.386176],[3.221039,39.35989],[3.060802,39.26907],[3.001313,39.317694],[2.991384,39.347276],[2.958832,39.363227],[2.82545,39.363593],[2.786632,39.375922],[2.761729,39.400214],[2.751231,39.454779],[2.736583,39.462104],[2.754893,39.502631],[2.7435,39.523383],[2.681651,39.558661],[2.655284,39.564724],[2.569102,39.531521],[2.520193,39.472846],[2.492686,39.470242],[2.469005,39.505886],[2.480642,39.516221],[2.453949,39.537421],[2.438162,39.525214],[2.425955,39.537421],[2.391856,39.523749],[2.350759,39.576483],[2.357677,39.611884],[2.468272,39.659369],[2.517589,39.700141],[2.569672,39.71308],[2.631358,39.770128],[2.651866,39.770128],[2.710623,39.818549],[2.813243,39.872585],[2.843598,39.872585],[2.933279,39.914496],[3.075694,39.936103],[3.179454,39.968777],[3.214203,39.955105],[3.115489,39.908759],[3.096934,39.91352],[3.094737,39.881212],[3.130219,39.87641],[3.206798,39.893012],[3.187185,39.854356],[3.126313,39.831855],[3.136485,39.788764],[3.223888,39.749701],[3.292491,39.749701],[3.354503,39.784369],[3.474376,39.749701]]],[[[4.330333,39.867174],[4.302908,39.8876],[4.300059,39.821763],[4.248139,39.816474],[3.981375,39.936062],[3.869314,39.925523],[3.830658,39.936062],[3.850515,39.983873],[3.803152,40.018134],[3.821869,40.047634],[3.891531,40.059556],[4.052013,40.058173],[4.105072,40.079413],[4.139089,40.045925],[4.142263,40.024807],[4.170502,40.064602],[4.17864,40.038845],[4.264903,39.986396],[4.27239,39.955349],[4.254568,39.949693],[4.298025,39.941962],[4.330333,39.867174]]]]}},{"type":"Feature","properties":{"NAMEUNIT":"Sardegna","COUNTRY":"Italy","boundary_level":"admin1"},"geometry":{"type":"MultiPolygon","coordinates":[[[[8.47641,39.06977],[8.459321,39.049791],[8.437022,38.96719],[8.409841,38.961819],[8.349294,39.062161],[8.346039,39.097724],[8.360362,39.11815],[8.385916,39.105048],[8.444591,39.102729],[8.458018,39.068061],[8.47641,39.06977]]],[[[8.269379,39.100165],[8.22462,39.15705],[8.229991,39.172797],[8.305837,39.193305],[8.312022,39.120307],[8.305837,39.10456],[8.269379,39.100165]]],[[[8.552094,39.056708],[8.504405,39.062934],[8.518077,39.083441],[8.504405,39.090888],[8.482758,39.08039],[8.465099,39.119452],[8.442231,39.11815],[8.435395,39.165961],[8.418793,39.177314],[8.409516,39.169338],[8.371755,39.230618],[8.43214,39.301825],[8.417247,39.339016],[8.382091,39.359687],[8.374034,39.378852],[8.40504,39.427191],[8.386892,39.469794],[8.46339,39.57685],[8.442231,39.714667],[8.446056,39.762519],[8.468598,39.75495],[8.516938,39.702135],[8.565766,39.701077],[8.504405,39.721503],[8.545258,39.782945],[8.518077,39.762519],[8.552094,39.820787],[8.545258,39.878567],[8.494151,39.912421],[8.463064,39.91413],[8.435395,39.898993],[8.46339,39.898993],[8.435395,39.858059],[8.437511,39.876776],[8.394542,39.912665],[8.394542,39.98843],[8.407074,40.022203],[8.394542,40.0362],[8.377208,40.033759],[8.401378,40.049872],[8.459727,40.057318],[8.487315,40.089545],[8.459646,40.21601],[8.476085,40.292141],[8.441254,40.331448],[8.385997,40.351793],[8.390473,40.442328],[8.365571,40.492133],[8.331716,40.510688],[8.312022,40.57807],[8.291515,40.595364],[8.267345,40.594062],[8.216319,40.570624],[8.195974,40.57807],[8.216319,40.612209],[8.19337,40.617499],[8.176606,40.606594],[8.161794,40.563788],[8.153087,40.577786],[8.140636,40.62519],[8.173839,40.641588],[8.197439,40.69123],[8.1338,40.728909],[8.215343,40.881415],[8.209727,40.914455],[8.178884,40.928168],[8.182302,40.945299],[8.202159,40.975287],[8.229015,40.962551],[8.233165,40.910102],[8.277843,40.865424],[8.310232,40.850653],[8.520518,40.826972],[8.598399,40.852973],[8.640961,40.89647],[8.709158,40.92064],[8.764415,40.913804],[8.82252,40.947333],[8.88795,41.016262],[8.881114,41.023668],[8.922699,41.03677],[9.005544,41.121894],[9.107758,41.139472],[9.13559,41.160305],[9.141856,41.152777],[9.163422,41.184149],[9.171072,41.242906],[9.230642,41.262641],[9.268077,41.23664],[9.267426,41.201972],[9.278331,41.195014],[9.28533,41.221747],[9.28533,41.195014],[9.312511,41.201239],[9.333018,41.187567],[9.335216,41.211656],[9.388194,41.180732],[9.422374,41.180732],[9.408702,41.160305],[9.442882,41.132961],[9.442882,41.091986],[9.470063,41.126125],[9.456554,41.140367],[9.469086,41.146186],[9.508067,41.140367],[9.523936,41.149726],[9.52475,41.132961],[9.559581,41.126125],[9.562266,41.097113],[9.545909,41.077704],[9.539073,41.091986],[9.511892,41.016262],[9.532237,41.016262],[9.52475,41.030504],[9.543142,41.036933],[9.557628,41.025051],[9.552745,41.009467],[9.615733,41.019599],[9.662608,41.002631],[9.651215,40.991116],[9.604259,41.002631],[9.587576,40.995795],[9.566417,40.948635],[9.571137,40.934882],[9.504242,40.926907],[9.511974,40.915188],[9.539073,40.92064],[9.573253,40.906399],[9.6421,40.92064],[9.614106,40.893378],[9.655772,40.876044],[9.663259,40.858222],[9.683116,40.865424],[9.723969,40.844916],[9.681,40.829779],[9.689789,40.810777],[9.657888,40.799872],[9.668793,40.790351],[9.66977,40.801459],[9.703949,40.759426],[9.744477,40.680487],[9.756521,40.59516],[9.826427,40.529608],[9.808767,40.470771],[9.761729,40.390692],[9.712413,40.3664],[9.62615,40.263088],[9.631114,40.196194],[9.654633,40.144599],[9.73227,40.08393],[9.687266,39.961168],[9.696625,39.933783],[9.717784,39.933783],[9.684337,39.894232],[9.683116,39.865546],[9.696625,39.851874],[9.670258,39.793769],[9.67628,39.718085],[9.651134,39.652493],[9.653005,39.56684],[9.628429,39.501776],[9.644867,39.483954],[9.602061,39.355658],[9.603526,39.326239],[9.634613,39.296942],[9.581879,39.266303],[9.567556,39.238105],[9.565603,39.205064],[9.579926,39.187079],[9.566417,39.149237],[9.522716,39.124905],[9.518565,39.10456],[9.496349,39.133612],[9.442882,39.124416],[9.292166,39.221259],[9.28533,39.213813],[9.216319,39.228013],[9.166026,39.187079],[9.136892,39.194322],[9.073009,39.248521],[9.013927,39.263902],[9.037852,39.227118],[9.079845,39.224595],[9.018321,39.146145],[9.018728,39.103949],[9.044932,39.051256],[9.025727,38.995307],[9.004649,38.995307],[8.853282,38.877997],[8.805431,38.905951],[8.805431,38.885443],[8.766612,38.920396],[8.716563,38.932603],[8.668793,38.91059],[8.651622,38.891547],[8.655121,38.871161],[8.640961,38.864325],[8.642833,38.88996],[8.599864,38.899075],[8.615489,38.947577],[8.603282,38.964911],[8.580089,38.960517],[8.552094,39.056708]]],[[[8.209646,40.995795],[8.228852,41.041734],[8.275645,41.06977],[8.277843,41.105658],[8.302094,41.105048],[8.326182,41.126125],[8.341319,41.074123],[8.25115,41.043769],[8.24643,40.993638],[8.209646,40.995795]]],[[[9.479503,41.224189],[9.470388,41.172105],[9.437022,41.18594],[9.459972,41.242377],[9.479503,41.224189]]],[[[9.373057,41.22191],[9.39796,41.256049],[9.427419,41.254096],[9.435313,41.217027],[9.395274,41.210598],[9.373057,41.22191]]]]}},{"type":"Feature","properties":{"NAMEUNIT":"Corse","COUNTRY":"France","boundary_level":"admin1"},"geometry":{"type":"MultiPolygon","coordinates":[[[[9.394298,41.847968],[9.401622,41.706448],[9.367035,41.674221],[9.380707,41.674221],[9.373057,41.645168],[9.345225,41.640326],[9.34669,41.619574],[9.292166,41.62641],[9.278575,41.598375],[9.345063,41.604478],[9.350597,41.581204],[9.264659,41.530829],[9.264659,41.502875],[9.279145,41.491645],[9.264659,41.476142],[9.270844,41.468736],[9.210704,41.448228],[9.223318,41.427314],[9.210704,41.407294],[9.250336,41.427802],[9.223155,41.372504],[9.206716,41.365912],[9.096446,41.40351],[9.121349,41.434638],[9.06658,41.4619],[9.079845,41.482367],[9.038748,41.4619],[9.038748,41.476142],[9.018321,41.468736],[9.000987,41.483059],[8.93572,41.489203],[8.848399,41.526109],[8.83961,41.530829],[8.853282,41.54385],[8.791759,41.561225],[8.796397,41.580552],[8.778087,41.59162],[8.792003,41.625149],[8.801768,41.639065],[8.819021,41.632636],[8.872569,41.651068],[8.922699,41.694648],[8.788829,41.712551],[8.776134,41.722398],[8.784923,41.742499],[8.695567,41.729438],[8.702973,41.742499],[8.655121,41.749905],[8.71754,41.77204],[8.709158,41.804511],[8.784923,41.824408],[8.750824,41.845526],[8.791759,41.859117],[8.778087,41.872789],[8.805431,41.906928],[8.764415,41.934272],[8.614268,41.900784],[8.614431,41.944078],[8.586274,41.96898],[8.65504,41.978705],[8.668793,41.996324],[8.656098,42.002875],[8.664561,42.014472],[8.743419,42.044135],[8.744965,42.056586],[8.699229,42.10932],[8.660899,42.105455],[8.647716,42.122016],[8.586274,42.13349],[8.593761,42.146552],[8.559581,42.153998],[8.593761,42.174506],[8.565766,42.174506],[8.581798,42.194525],[8.565766,42.208564],[8.574067,42.219916],[8.545258,42.232856],[8.687755,42.272935],[8.625173,42.319159],[8.605317,42.310452],[8.599864,42.321926],[8.634776,42.338935],[8.612804,42.352444],[8.552094,42.338935],[8.559581,42.346381],[8.549083,42.377102],[8.552094,42.386705],[8.598643,42.3876],[8.618663,42.419582],[8.659516,42.429877],[8.676768,42.47248],[8.657074,42.480048],[8.667491,42.509711],[8.716563,42.530707],[8.709158,42.579169],[8.723481,42.565497],[8.786957,42.561998],[8.807465,42.58511],[8.805431,42.606431],[9.049978,42.662177],[9.052989,42.681586],[9.117849,42.732001],[9.236827,42.722561],[9.292166,42.67475],[9.34254,42.749091],[9.33546,42.807603],[9.305675,42.83926],[9.333018,42.867133],[9.330251,42.903551],[9.360199,42.928616],[9.343435,42.97309],[9.34669,43.00373],[9.422374,43.017401],[9.464041,42.990058],[9.453868,42.963813],[9.470063,42.942288],[9.484386,42.832424],[9.442882,42.64057],[9.456554,42.634426],[9.456554,42.606431],[9.476899,42.579169],[9.511892,42.565497],[9.489594,42.612616],[9.528087,42.563544],[9.533376,42.456244],[9.545909,42.435126],[9.532237,42.373725],[9.559581,42.294582],[9.559581,42.146552],[9.545584,42.10399],[9.403168,41.952948],[9.394298,41.847968]]],[[[9.476817,42.619086],[9.456554,42.647406],[9.482107,42.620103],[9.476817,42.619086]]]]}},{"type":"Feature","properties":{"NAMEUNIT":"Jersey","COUNTRY":"Jersey","boundary_level":"admin1"},"geometry":{"type":"Polygon","coordinates":[[[-2.151682,49.267035],[-2.02066,49.235256],[-2.00829,49.21247],[-2.024526,49.171332],[-2.096995,49.183661],[-2.137929,49.205634],[-2.168691,49.17829],[-2.200103,49.191962],[-2.233632,49.184516],[-2.226471,49.206],[-2.241119,49.26024],[-2.182729,49.254055],[-2.151682,49.267035]]]}},{"type":"Feature","properties":{"NAMEUNIT":"Sark","COUNTRY":"Guernsey","boundary_level":"admin1"},"geometry":{"type":"MultiPolygon","coordinates":[[[[-2.3544,49.427802],[-2.373525,49.411566],[-2.378082,49.412746],[-2.366119,49.445746],[-2.3544,49.427802]]],[[[-2.518219,49.51553],[-2.501698,49.506659],[-2.541982,49.430894],[-2.673451,49.433498],[-2.651845,49.445217],[-2.650258,49.46369],[-2.518219,49.51553]]],[[[-2.170318,49.728746],[-2.216868,49.70303],[-2.226226,49.707831],[-2.170318,49.728746]]]]}},{"type":"Feature","properties":{"NAMEUNIT":"Isla de Man","COUNTRY":"Isle of Man","boundary_level":"admin1"},"geometry":{"type":"MultiPolygon","coordinates":[[[[-4.801015,54.057929],[-4.812205,54.040432],[-4.830596,54.049628],[-4.801015,54.057929]]],[[[-4.631256,54.070624],[-4.656402,54.063788],[-4.704498,54.084866],[-4.766225,54.059231],[-4.790151,54.063788],[-4.728139,54.142564],[-4.710276,54.220649],[-4.663971,54.233547],[-4.598378,54.276597],[-4.530995,54.366116],[-4.442006,54.404364],[-4.351308,54.413804],[-4.3756,54.348334],[-4.358225,54.317613],[-4.324696,54.310207],[-4.31192,54.287177],[-4.365631,54.235053],[-4.399159,54.222073],[-4.390777,54.194729],[-4.549794,54.100653],[-4.590932,54.091051],[-4.612131,54.056952],[-4.631256,54.070624]]]]}},{"type":"Feature","properties":{"NAMEUNIT":"Selandia","COUNTRY":"Denmark","boundary_level":"admin1"},"geometry":{"type":"MultiPolygon","coordinates":[[[[11.855479,54.743598],[11.806977,54.707994],[11.846446,54.697821],[11.842621,54.676215],[11.81072,54.655097],[11.766124,54.646552],[11.610525,54.666409],[11.512218,54.646552],[11.474376,54.626125],[11.187755,54.732245],[11.030528,54.760647],[10.999197,54.78677],[11.005707,54.803656],[11.089692,54.810614],[11.108165,54.831529],[11.018809,54.886176],[11.0324,54.919257],[11.073985,54.948188],[11.2317,54.961249],[11.338878,54.919135],[11.368907,54.88109],[11.594737,54.811103],[11.572765,54.847968],[11.656261,54.866278],[11.644786,54.889635],[11.649425,54.91352],[11.787283,54.831529],[11.77296,54.824693],[11.787608,54.806871],[11.848643,54.773179],[11.855479,54.743598]]],[[[12.553722,54.968085],[12.526215,54.948676],[12.348399,54.960028],[12.28004,54.934556],[12.207774,54.886176],[12.115001,54.907294],[12.149099,54.940823],[12.129161,54.954413],[12.177013,54.968085],[12.177013,54.989203],[12.232188,54.975531],[12.286876,54.989203],[12.281261,55.007148],[12.2942,55.023383],[12.252696,55.04385],[12.247569,55.05386],[12.261974,55.064276],[12.335297,55.033271],[12.504731,55.019761],[12.537608,55.002387],[12.553722,54.968085]]],[[[11.213433135417537,55.4125],[12.352061,55.404446],[12.41212,55.379136],[12.444591,55.348863],[12.465017,55.290269],[12.392426,55.255316],[12.182791,55.2272],[12.121104,55.191067],[12.10906,55.170722],[12.115001,55.153713],[12.098969,55.141425],[12.08074,55.146877],[12.088145,55.168362],[12.076671,55.181952],[12.056407,55.185696],[12.014659,55.167467],[12.012462,55.157131],[12.046641,55.140082],[12.16863,55.128485],[12.171397,55.095445],[12.1185,55.073554],[12.163341,55.023383],[12.162283,55.004381],[12.03297,54.968085],[11.910167,55.009711],[11.91684,55.002875],[11.897146,54.995429],[11.901541,54.976386],[11.882823,54.940823],[11.918468,54.921942],[11.931163,54.92772],[11.923676,54.940823],[11.957856,54.948188],[12.023936,54.898017],[12.096446,54.898098],[12.170177,54.838324],[12.067149,54.786811],[12.022716,54.735297],[11.960704,54.694078],[11.969005,54.56977],[11.949067,54.56859],[11.869151,54.659613],[11.870616,54.680365],[11.910167,54.721666],[11.875824,54.729722],[11.882823,54.756415],[11.809093,54.804918],[11.793468,54.84455],[11.749685,54.873114],[11.742035,54.925442],[11.711436,54.940823],[11.759288,54.968085],[11.803966,54.948188],[11.837576,54.966132],[11.862478,54.96369],[11.882823,54.981757],[11.841807,55.030219],[11.72877,55.064276],[11.665538,55.066392],[11.615896,55.092231],[11.827485,55.050686],[11.717621,55.125718],[11.803966,55.134833],[11.806977,55.146877],[11.785411,55.157213],[11.728526,55.154771],[11.711436,55.167914],[11.734711,55.188666],[11.717621,55.208319],[11.695079,55.208075],[11.649425,55.180976],[11.423188,55.22191],[11.299978,55.208319],[11.320486,55.194648],[11.260997,55.200588],[11.238536,55.242418],[11.267833,55.235907],[11.286306,55.25609],[11.241954,55.248684],[11.241547,55.27851],[11.152843,55.328437],[11.188243,55.335273],[11.190115,55.345445],[11.142345,55.352281],[11.108165,55.331855],[11.087738,55.358547],[11.204356,55.391832],[11.213433135417537,55.4125]]]]}},{"type":"Feature","properties":{"NAMEUNIT":"Capital","COUNTRY":"Denmark","boundary_level":"admin1"},"geometry":{"type":"Polygon","coordinates":[[[15.151378,55.133205],[15.144705,55.087104],[15.106619,55.044664],[15.113242,55.018295],[15.072666,54.991638],[14.98287,55.001013],[14.780833,55.051128],[14.684173,55.101347],[14.697045,55.122654],[14.709239,55.235826],[14.760916,55.309272],[14.851422,55.2482],[14.926799,55.215799],[14.973399,55.216132],[15.000499,55.188422],[15.131602,55.145453],[15.151378,55.133205]]]}},{"type":"Feature","properties":{"NAMEUNIT":"Berna","COUNTRY":"Switzerland","boundary_level":"admin1"},"geometry":{"type":"MultiPolygon","coordinates":[[[[8.436622,46.750635],[8.448095,46.694773],[8.401689,46.688675],[8.409441,46.655654],[8.37952,46.638084],[8.354198,46.578501],[8.2664,46.535196],[8.184441,46.52176],[8.114161,46.547159],[8.003057,46.557443],[7.965178,46.53995],[7.966108,46.515714],[7.901875,46.485587],[7.844927,46.481298],[7.723126,46.420164],[7.624424,46.443367],[7.540966,46.405643],[7.55988,46.395205],[7.509599,46.375671],[7.404231,46.378565],[7.32961,46.348541],[7.308319,46.371588],[7.227807,46.331436],[7.233233,46.364147],[7.200367,46.384663],[7.211684,46.409209],[7.203158,46.437218],[7.231528,46.455821],[7.234008,46.486026],[7.252612,46.512665],[7.242535,46.556073],[7.319068,46.587648],[7.319688,46.639608],[7.330695,46.648316],[7.378031,46.655602],[7.382682,46.690794],[7.312712,46.72273],[7.304443,46.74818],[7.314882,46.8559],[7.355655,46.860603],[7.355655,46.891247],[7.205948,46.906155],[7.216025,46.929591],[7.203623,46.964059],[7.236489,46.985608],[7.225172,47.002454],[7.062391,46.978218],[7.021102,46.989664],[7.043787,47.035889],[7.091123,47.05656],[7.090348,47.091389],[7.039757,47.109631],[7.039137,47.123351],[6.877286,47.089736],[6.890153,47.133015],[6.849794,47.16508],[6.901781,47.155701],[7.029628,47.202132],[7.067817,47.242336],[7.154737,47.247504],[7.174891,47.297113],[7.278243,47.286261],[7.319223,47.294736],[7.369039,47.324709],[7.387177,47.312616],[7.496576,47.306622],[7.556314,47.318171],[7.542827,47.297992],[7.346198,47.211796],[7.398805,47.160248],[7.475906,47.190918],[7.487585,47.159292],[7.444435,47.14981],[7.430017,47.121207],[7.37493,47.115574],[7.397564,47.091751],[7.436838,47.097978],[7.446295,47.075447],[7.474666,47.085757],[7.47203,47.112293],[7.553369,47.164977],[7.637446,47.152523],[7.675325,47.175674],[7.655791,47.210168],[7.602875,47.247246],[7.583444,47.277554],[7.686332,47.294219],[7.731807,47.261534],[7.822913,47.268976],[7.87831,47.168775],[7.887147,47.128338],[7.874124,47.101415],[7.873349,47.048136],[7.897534,47.011498],[7.952466,47.002713],[7.928075,46.946179],[7.875675,46.924371],[7.87521,46.894761],[7.860895,46.877914],[7.870507,46.850319],[7.983317,46.777662],[8.075352,46.78717],[8.158086,46.759007],[8.198704,46.767637],[8.280043,46.758774],[8.368151,46.789496],[8.401069,46.769678],[8.446234,46.769213],[8.436622,46.750635]],[[7.225947,46.933208],[7.237419,46.941218],[7.222536,46.938324],[7.225947,46.933208]]],[[[7.554454,47.344036],[7.567476,47.321117],[7.536626,47.323882],[7.554454,47.344036]]]]}},{"type":"Feature","properties":{"NAMEUNIT":"Lucerna","COUNTRY":"Switzerland","boundary_level":"admin1"},"geometry":{"type":"Polygon","coordinates":[[[8.351408,47.15676],[8.442358,47.1133],[8.406185,47.097022],[8.387891,47.062192],[8.459722,47.050772],[8.501786,47.02297],[8.498221,47.005271],[8.465148,46.993282],[8.43192,47.011291],[8.412231,46.998553],[8.365981,47.007725],[8.268106,46.997907],[8.226196,46.988269],[8.227126,46.971629],[8.154831,46.960441],[8.155916,46.93897],[8.111836,46.905354],[8.08822,46.907886],[8.073492,46.893365],[8.046517,46.83926],[8.060005,46.806136],[8.043726,46.788333],[7.977116,46.77885],[7.870507,46.850319],[7.860895,46.877914],[7.87521,46.894761],[7.875675,46.924371],[7.928075,46.946179],[7.952466,47.002713],[7.897534,47.011498],[7.873349,47.048136],[7.874124,47.101415],[7.887147,47.128338],[7.875055,47.176707],[7.839346,47.231846],[7.948745,47.246574],[7.955566,47.275358],[7.982697,47.277399],[8.02042,47.243008],[8.089305,47.26125],[8.160412,47.242879],[8.159327,47.229934],[8.183511,47.223862],[8.243714,47.281094],[8.260612,47.282282],[8.288569,47.268071],[8.351408,47.15676]]]}},{"type":"Feature","properties":{"NAMEUNIT":"Zug","COUNTRY":"Switzerland","boundary_level":"admin1"},"geometry":{"type":"Polygon","coordinates":[[[8.442358,47.1133],[8.405565,47.142317],[8.393007,47.219521],[8.407425,47.245514],[8.415952,47.226627],[8.462357,47.214793],[8.570826,47.217325],[8.631649,47.172186],[8.701929,47.156657],[8.648547,47.105859],[8.575787,47.08723],[8.497756,47.09263],[8.480341,47.119501],[8.442358,47.1133]]]}},{"type":"Feature","properties":{"NAMEUNIT":"Uri","COUNTRY":"Switzerland","boundary_level":"admin1"},"geometry":{"type":"Polygon","coordinates":[[[8.594856,46.988114],[8.60917,46.959563],[8.687356,46.945636],[8.702394,46.924371],[8.761202,46.941218],[8.817529,46.933156],[8.844866,46.890239],[8.930339,46.922201],[8.948219,46.880472],[8.871841,46.845901],[8.871686,46.815437],[8.825591,46.790814],[8.803732,46.737199],[8.7488,46.733013],[8.715623,46.704953],[8.672629,46.690535],[8.652733,46.638756],[8.673404,46.617491],[8.6779,46.583591],[8.6363,46.571163],[8.529692,46.583074],[8.509848,46.550854],[8.47693,46.531837],[8.437397,46.546617],[8.411611,46.581188],[8.421688,46.645939],[8.401689,46.688675],[8.448095,46.694773],[8.437708,46.755389],[8.446234,46.769213],[8.478635,46.776034],[8.470574,46.803603],[8.500081,46.847632],[8.472589,46.855719],[8.459412,46.904734],[8.54504,46.943233],[8.561679,46.988114],[8.594856,46.988114]]]}},{"type":"Feature","properties":{"NAMEUNIT":"Schwyz","COUNTRY":"Switzerland","boundary_level":"admin1"},"geometry":{"type":"Polygon","coordinates":[[[8.687356,46.945636],[8.60917,46.959563],[8.59098,46.989225],[8.489539,46.981577],[8.465148,46.993282],[8.498221,47.005271],[8.498066,47.026561],[8.459722,47.050772],[8.393317,47.05718],[8.387736,47.070926],[8.406185,47.097022],[8.462822,47.121956],[8.480341,47.119501],[8.497756,47.09263],[8.575787,47.08723],[8.63754,47.100174],[8.701929,47.156657],[8.683481,47.165364],[8.677279,47.186707],[8.732057,47.21456],[8.95535,47.213914],[8.95194,47.195698],[8.985116,47.16893],[8.957366,47.080253],[8.889876,47.026484],[8.958606,46.961268],[8.95163,46.929591],[8.844866,46.890239],[8.817529,46.933156],[8.761202,46.941218],[8.708285,46.922976],[8.687356,46.945636]]]}},{"type":"Feature","properties":{"NAMEUNIT":"Glaris","COUNTRY":"Switzerland","boundary_level":"admin1"},"geometry":{"type":"Polygon","coordinates":[[[8.95163,46.929591],[8.958606,46.961268],[8.889876,47.026484],[8.957366,47.080253],[8.985116,47.16893],[9.007027,47.174692],[9.074671,47.13627],[9.179884,47.12224],[9.169342,47.060642],[9.132239,47.041677],[9.157819,47.031238],[9.202364,47.038524],[9.218693,47.026742],[9.237762,46.992326],[9.230166,46.957909],[9.240863,46.92034],[9.196008,46.887138],[9.115031,46.863961],[9.042373,46.871765],[9.0247,46.835384],[8.980465,46.812285],[8.915766,46.800399],[8.871686,46.815437],[8.871841,46.845901],[8.948219,46.880472],[8.930339,46.922201],[8.95163,46.929591]]]}},{"type":"Feature","properties":{"NAMEUNIT":"Nidwalden","COUNTRY":"Switzerland","boundary_level":"admin1"},"geometry":{"type":"Polygon","coordinates":[[[8.489539,46.981577],[8.56323,46.982042],[8.540854,46.939926],[8.459412,46.904734],[8.472589,46.855719],[8.424013,46.854479],[8.405255,46.867527],[8.376058,46.858225],[8.363965,46.872178],[8.372802,46.820605],[8.422463,46.783191],[8.391612,46.775104],[8.326758,46.817504],[8.333425,46.913519],[8.29167,46.936722],[8.307638,46.967289],[8.22232,46.979252],[8.251001,46.995478],[8.365981,47.007725],[8.412231,46.998553],[8.43192,47.011291],[8.489539,46.981577]]]}},{"type":"Feature","properties":{"NAMEUNIT":"Friburgo","COUNTRY":"Switzerland","boundary_level":"admin1"},"geometry":{"type":"MultiPolygon","coordinates":[[[[7.228737,46.998785],[7.234318,46.981913],[7.203623,46.964059],[7.216025,46.929591],[7.205948,46.906155],[7.355655,46.891247],[7.355655,46.860603],[7.314882,46.8559],[7.304443,46.74818],[7.312712,46.72273],[7.382682,46.690794],[7.378031,46.655602],[7.319688,46.639608],[7.314572,46.583358],[7.155202,46.5276],[7.000328,46.444504],[6.974696,46.490444],[6.919196,46.518918],[6.837857,46.506361],[6.819563,46.530959],[6.82809,46.542896],[6.866589,46.537056],[6.904726,46.569251],[6.859871,46.583074],[6.807006,46.580671],[6.809176,46.651365],[6.87217,46.66431],[6.93997,46.741023],[6.94369,46.749343],[6.921366,46.760609],[6.96927,46.795128],[6.973301,46.819158],[7.001413,46.844376],[6.98777,46.849647],[6.984515,46.881402],[6.96648,46.872695],[6.907362,46.925456],[6.945861,46.947186],[7.041462,46.852386],[7.067507,46.86577],[7.084405,46.894967],[7.106936,46.900858],[7.073243,46.93729],[7.062391,46.978218],[7.228737,46.998785]]],[[[6.791762,46.73291],[6.772745,46.718854],[6.756208,46.735391],[6.786801,46.751927],[6.791762,46.73291]]],[[[6.859561,46.773424],[6.8885,46.751927],[6.87031,46.729603],[6.797549,46.73043],[6.859561,46.773424]]],[[[6.922451,46.872126],[6.901005,46.866907],[6.929893,46.855409],[6.911237,46.808435],[6.929893,46.802802],[6.913098,46.782933],[6.806024,46.78624],[6.770988,46.819106],[6.766027,46.84528],[6.875116,46.907163],[6.922451,46.872126]]],[[[7.237729,46.937652],[7.222536,46.938324],[7.237419,46.941218],[7.237729,46.937652]]]]}},{"type":"Feature","properties":{"NAMEUNIT":"Obwalden","COUNTRY":"Switzerland","boundary_level":"admin1"},"geometry":{"type":"MultiPolygon","coordinates":[[[[8.420138,46.781331],[8.372802,46.820605],[8.363965,46.872178],[8.376058,46.858225],[8.405255,46.867527],[8.424013,46.854479],[8.499461,46.84944],[8.470574,46.803603],[8.478635,46.776034],[8.391612,46.775104],[8.420138,46.781331]]],[[[8.290895,46.761694],[8.158086,46.759007],[8.094576,46.784276],[8.043726,46.788333],[8.060005,46.806136],[8.046517,46.83926],[8.076748,46.898223],[8.111836,46.905354],[8.155916,46.93897],[8.154831,46.960441],[8.259527,46.979407],[8.301747,46.971448],[8.29167,46.936722],[8.333425,46.913519],[8.326758,46.817504],[8.368151,46.789496],[8.290895,46.761694]]]]}},{"type":"Feature","properties":{"NAMEUNIT":"Osrednjeslovenska","COUNTRY":"Slovenia","boundary_level":"admin1"},"geometry":{"type":"Polygon","coordinates":[[[14.325669,45.887329],[14.299159,45.885727],[14.276473,45.846117],[14.199681,45.87242],[14.125991,45.868803],[14.100669,45.913968],[14.114829,45.951562],[14.108576,45.969287],[14.206813,46.060083],[14.211154,46.088143],[14.267326,46.106488],[14.325048,46.098323],[14.337813,46.1346],[14.414294,46.170541],[14.406542,46.191754],[14.500697,46.202865],[14.564052,46.247255],[14.569943,46.261466],[14.543691,46.298751],[14.553148,46.321333],[14.53594,46.360323],[14.568703,46.368798],[14.639913,46.366369],[14.646734,46.333865],[14.680117,46.290611],[14.705697,46.286917],[14.714069,46.263068],[14.854835,46.252862],[14.930076,46.218781],[14.898915,46.208678],[14.892662,46.179249],[14.816801,46.170515],[14.840573,46.148966],[14.839332,46.129588],[14.890492,46.127779],[14.892352,46.108865],[14.911318,46.092872],[14.999891,46.119097],[15.004697,46.098944],[14.99307,46.085275],[15.002371,46.056362],[15.071463,46.064708],[15.116111,46.004195],[15.04056,46.000552],[15.024127,45.970218],[14.954467,45.975075],[14.888787,45.94133],[14.868788,45.887354],[14.876539,45.857098],[14.847394,45.850923],[14.855765,45.807824],[14.804554,45.797515],[14.813701,45.757672],[14.795872,45.7431],[14.687714,45.817979],[14.564207,45.790074],[14.505089,45.840768],[14.490155,45.880869],[14.393055,45.860405],[14.325669,45.887329]]]}},{"type":"Feature","properties":{"NAMEUNIT":"Zasavska","COUNTRY":"Slovenia","boundary_level":"admin1"},"geometry":{"type":"Polygon","coordinates":[[[15.106344,46.093518],[15.088981,46.067886],[15.002371,46.056362],[14.99307,46.085275],[15.004697,46.098944],[14.999891,46.119097],[14.908062,46.093569],[14.890492,46.127779],[14.839332,46.129588],[14.840573,46.148966],[14.816801,46.170515],[14.892662,46.179249],[14.898915,46.208678],[14.910077,46.210539],[14.937363,46.191858],[14.999891,46.198989],[15.110995,46.18731],[15.188458,46.110881],[15.173214,46.102251],[15.144998,46.109666],[15.163447,46.092484],[15.106344,46.093518]]]}},{"type":"Feature","properties":{"NAMEUNIT":"Appenzell Rodas Exteriores","COUNTRY":"Switzerland","boundary_level":"admin1"},"geometry":{"type":"Polygon","coordinates":[[[9.489581,47.404859],[9.488186,47.353389],[9.456095,47.354061],[9.34344,47.383826],[9.342665,47.364034],[9.308972,47.332873],[9.302771,47.303547],[9.331503,47.253111],[9.196628,47.281094],[9.208255,47.290499],[9.201899,47.319257],[9.218022,47.336853],[9.186086,47.357704],[9.22598,47.400311],[9.40938,47.411835],[9.425658,47.433953],[9.522344,47.468111],[9.608437,47.449766],[9.548389,47.441239],[9.583167,47.415246],[9.540483,47.397236],[9.542808,47.422997],[9.52777,47.433746],[9.511182,47.426046],[9.513973,47.414677],[9.489581,47.404859]]]}},{"type":"Feature","properties":{"NAMEUNIT":"Appenzell Rodas Interiores","COUNTRY":"Switzerland","boundary_level":"admin1"},"geometry":{"type":"MultiPolygon","coordinates":[[[[9.451599,47.271534],[9.375531,47.239701],[9.344681,47.246574],[9.304631,47.294943],[9.305562,47.326982],[9.337394,47.354526],[9.349797,47.388012],[9.488186,47.353389],[9.451599,47.271534]]],[[[9.486636,47.393619],[9.523894,47.433126],[9.542808,47.422997],[9.540483,47.397236],[9.486636,47.393619]]],[[[9.581462,47.424392],[9.549939,47.435089],[9.548389,47.441239],[9.608437,47.449766],[9.581462,47.424392]]]]}},{"type":"Feature","properties":{"NAMEUNIT":"La Rioja","COUNTRY":"Spain","boundary_level":"admin1"},"geometry":{"type":"Polygon","coordinates":[[[-2.462041,42.507251],[-2.343262,42.48304],[-2.278383,42.489862],[-2.191385,42.442939],[-2.076509,42.442578],[-2.05527,42.428418],[-2.069558,42.414776],[-2.055605,42.399066],[-1.976747,42.393046],[-1.863472,42.304912],[-1.857271,42.277575],[-1.829314,42.277575],[-1.697074,42.215821],[-1.688186,42.143061],[-1.823423,42.145619],[-1.90148,42.061929],[-1.890603,42.025316],[-1.852414,42.001209],[-1.844533,41.982037],[-1.857736,41.954804],[-1.967885,41.918449],[-2.10537,41.957078],[-2.117204,41.984931],[-2.106662,42.009219],[-2.14945,42.050767],[-2.148985,42.064771],[-2.123224,42.083685],[-2.137874,42.101565],[-2.256291,42.089421],[-2.296133,42.13779],[-2.410467,42.138565],[-2.481523,42.108231],[-2.508394,42.11035],[-2.515655,42.068802],[-2.572938,42.00015],[-2.664147,41.999556],[-2.7436,42.022526],[-2.74745,42.036039],[-2.712568,42.101255],[-2.725203,42.117765],[-2.762229,42.118101],[-2.795044,42.084951],[-2.801632,42.047305],[-2.87093,42.014748],[-2.910179,42.02343],[-2.934156,42.082703],[-3.026321,42.087974],[-3.12045,42.196288],[-3.087894,42.269953],[-3.107867,42.348966],[-3.071952,42.359379],[-3.056035,42.380282],[-3.049214,42.452344],[-3.083191,42.491464],[-3.070014,42.529136],[-3.077843,42.539755],[-3.115153,42.540763],[-3.060531,42.599416],[-3.072107,42.632075],[-3.014152,42.640886],[-2.906716,42.626262],[-2.837315,42.644116],[-2.836023,42.621456],[-2.812665,42.611094],[-2.826773,42.596005],[-2.821037,42.584274],[-2.77998,42.585618],[-2.761841,42.614505],[-2.733988,42.61572],[-2.689133,42.589494],[-2.684663,42.537766],[-2.617871,42.507716],[-2.595056,42.517508],[-2.583454,42.496683],[-2.557745,42.510842],[-2.522037,42.510351],[-2.524026,42.525105],[-2.501521,42.537662],[-2.462041,42.507251]]]}},{"type":"Feature","properties":{"NAMEUNIT":"Castilla-La Mancha","COUNTRY":"Spain","boundary_level":"admin1"},"geometry":{"type":"Polygon","coordinates":[[[-1.109255,38.713761],[-1.119926,38.740065],[-1.174186,38.754095],[-1.243174,38.738075],[-1.334202,38.686735],[-1.363503,38.701307],[-1.385776,38.696915],[-1.433628,38.655832],[-1.454273,38.589686],[-1.501996,38.534909],[-1.47794,38.403677],[-1.494709,38.37311],[-1.567315,38.326214],[-1.626743,38.311409],[-1.678057,38.326912],[-1.690873,38.370216],[-1.750534,38.380345],[-1.926182,38.291048],[-1.992793,38.279524],[-2.042893,38.29836],[-2.12741,38.235186],[-2.211927,38.195938],[-2.350936,38.023623],[-2.547384,38.080647],[-2.444806,38.188186],[-2.448863,38.222267],[-2.430621,38.265623],[-2.477569,38.308127],[-2.488731,38.398742],[-2.567409,38.422797],[-2.571388,38.499873],[-2.598751,38.509949],[-2.675206,38.500234],[-2.756028,38.533126],[-2.878992,38.460598],[-2.923459,38.476334],[-2.966558,38.468608],[-2.992732,38.451968],[-3.000871,38.430058],[-3.060609,38.482613],[-3.137348,38.452795],[-3.322815,38.482406],[-3.361882,38.473259],[-3.395937,38.42644],[-3.457329,38.40484],[-3.519082,38.41334],[-3.553602,38.45016],[-3.576753,38.443494],[-3.588742,38.407682],[-3.607061,38.401687],[-3.778368,38.427345],[-3.823094,38.415201],[-3.839683,38.392618],[-3.893736,38.381611],[-4.256065,38.402773],[-4.27485,38.387993],[-4.275496,38.350915],[-4.290043,38.348874],[-4.405695,38.37957],[-4.460058,38.400912],[-4.543051,38.472923],[-4.610488,38.496979],[-4.632735,38.52354],[-4.727975,38.579764],[-4.849285,38.614853],[-4.865899,38.635006],[-4.873495,38.680688],[-4.945972,38.683737],[-5.036586,38.728412],[-4.98137,38.749599],[-4.947522,38.839361],[-4.919746,38.877162],[-4.845719,38.892045],[-4.840061,38.939639],[-4.920624,38.964134],[-4.954137,39.045576],[-4.928583,39.051518],[-4.877294,39.032605],[-4.834712,39.047591],[-4.833627,39.062887],[-4.863987,39.08162],[-4.867398,39.10614],[-4.847037,39.165491],[-4.806781,39.198796],[-4.727329,39.196497],[-4.658392,39.17394],[-4.715676,39.232076],[-4.75619,39.306154],[-4.749394,39.324577],[-4.710947,39.344136],[-4.677874,39.417594],[-4.692731,39.449815],[-4.767016,39.404649],[-4.880136,39.366874],[-4.966487,39.406225],[-5.039248,39.478107],[-5.079245,39.492835],[-5.196447,39.587661],[-5.151825,39.663006],[-5.141722,39.720315],[-5.165364,39.747187],[-5.15924,39.771785],[-5.175725,39.796486],[-5.208746,39.792739],[-5.253989,39.753956],[-5.30812,39.758297],[-5.314347,39.793437],[-5.28931,39.861702],[-5.321504,39.887488],[-5.386151,39.881029],[-5.391009,39.920406],[-5.365042,40.093264],[-5.327964,40.115898],[-5.150662,40.09161],[-5.032323,40.15481],[-5.014546,40.150883],[-5.0031,40.117086],[-4.966177,40.117862],[-4.922407,40.140289],[-4.903494,40.173956],[-4.826961,40.217649],[-4.800761,40.265656],[-4.700044,40.275604],[-4.672009,40.206745],[-4.625474,40.197598],[-4.571886,40.212016],[-4.520571,40.198839],[-4.439749,40.239172],[-4.365852,40.309478],[-4.349936,40.298316],[-4.340996,40.249275],[-4.296037,40.220801],[-4.234103,40.268886],[-4.174675,40.283665],[-4.132559,40.251807],[-4.097961,40.245528],[-4.057292,40.258267],[-3.999027,40.221576],[-3.853558,40.182664],[-3.827978,40.16419],[-3.79382,40.164991],[-3.758654,40.137757],[-3.673336,40.131943],[-3.614115,40.106493],[-3.611634,40.081559],[-3.633674,40.043448],[-3.778601,39.953737],[-3.873867,39.926736],[-3.825704,39.895446],[-3.797695,39.896015],[-3.735916,39.938958],[-3.638713,39.96831],[-3.632667,39.991719],[-3.52673,40.023242],[-3.502055,40.048667],[-3.406221,40.045618],[-3.371752,40.0574],[-3.341909,40.044636],[-3.187268,40.088354],[-3.163548,40.066185],[-3.093759,40.072645],[-3.062236,40.10533],[-3.085672,40.145664],[-3.084121,40.158583],[-3.072753,40.157601],[-3.083114,40.227674],[-3.115386,40.276095],[-3.171093,40.242505],[-3.185924,40.249456],[-3.177966,40.312578],[-3.153058,40.336246],[-3.138666,40.394744],[-3.15714,40.425388],[-3.196466,40.443527],[-3.204528,40.513031],[-3.24853,40.541531],[-3.292998,40.535511],[-3.293075,40.568532],[-3.325967,40.597781],[-3.318164,40.646253],[-3.355474,40.649715],[-3.389193,40.686406],[-3.434307,40.675476],[-3.458801,40.694958],[-3.439655,40.723199],[-3.446373,40.76144],[-3.498437,40.796218],[-3.469783,40.86301],[-3.447381,40.880451],[-3.451644,40.907038],[-3.409786,41.0122],[-3.436451,41.077415],[-3.484045,41.095011],[-3.541613,41.144207],[-3.545773,41.161751],[-3.519625,41.162216],[-3.411311,41.213609],[-3.406531,41.244046],[-3.416892,41.264097],[-3.339765,41.253555],[-3.249176,41.266629],[-3.198791,41.3012],[-3.083811,41.280762],[-2.982267,41.287248],[-2.909714,41.322129],[-2.879638,41.314584],[-2.863851,41.278747],[-2.844084,41.267921],[-2.805896,41.259937],[-2.728097,41.272778],[-2.698124,41.247974],[-2.618258,41.220094],[-2.591929,41.22198],[-2.588596,41.209966],[-2.610042,41.191698],[-2.579501,41.172371],[-2.586322,41.149582],[-2.522786,41.152631],[-2.460387,41.079741],[-2.422482,41.065427],[-2.364475,41.080671],[-2.326881,41.065246],[-2.288356,41.067519],[-2.237041,41.088965],[-2.177613,41.09067],[-2.137099,41.118317],[-2.065269,41.076873],[-2.053228,41.150357],[-1.971864,41.169942],[-1.944863,41.164413],[-1.767328,41.064987],[-1.732809,41.026023],[-1.621885,40.946752],[-1.610155,40.927735],[-1.608837,40.871872],[-1.544551,40.81738],[-1.539616,40.800714],[-1.556695,40.735395],[-1.537058,40.684132],[-1.551192,40.595093],[-1.595711,40.569772],[-1.677799,40.585275],[-1.698599,40.542384],[-1.699762,40.493343],[-1.808256,40.40203],[-1.779292,40.39216],[-1.720639,40.335368],[-1.719037,40.289763],[-1.6601,40.28302],[-1.541709,40.197908],[-1.43939,40.192379],[-1.452335,40.130677],[-1.412931,40.104788],[-1.369549,40.016343],[-1.242968,39.997378],[-1.162714,40.01146],[-1.14548,39.972289],[-1.206613,39.93857],[-1.196846,39.918184],[-1.202867,39.863304],[-1.225579,39.796305],[-1.267049,39.743466],[-1.269943,39.686777],[-1.30175,39.671016],[-1.37203,39.683573],[-1.421484,39.651378],[-1.503159,39.552935],[-1.498353,39.496091],[-1.518274,39.446016],[-1.455513,39.394237],[-1.445746,39.3669],[-1.406239,39.370595],[-1.329086,39.337935],[-1.177726,39.304113],[-1.178579,39.220552],[-1.254982,39.096064],[-1.255809,39.047281],[-1.134396,38.937985],[-0.981304,38.949535],[-0.959187,38.940027],[-0.920946,38.886154],[-0.926217,38.855251],[-0.912574,38.819801],[-0.920481,38.791767],[-0.953683,38.762647],[-0.903479,38.685081],[-0.957145,38.658829],[-1.022128,38.65454],[-1.109255,38.713761]]]}},{"type":"Feature","properties":{"NAMEUNIT":"Flevoland","COUNTRY":"Netherlands","boundary_level":"admin1"},"geometry":{"type":"Polygon","coordinates":[[[5.75012,52.83507],[5.785156,52.803702],[5.904787,52.75647],[5.945302,52.688774],[5.926543,52.671669],[6.019767,52.637614],[5.939565,52.616685],[5.89502,52.619476],[5.832503,52.597107],[5.865929,52.505455],[5.815251,52.44076],[5.771043,52.413804],[5.600679,52.357734],[5.579114,52.344795],[5.532749,52.276866],[5.497167,52.269318],[5.406594,52.26824],[5.28284,52.318499],[5.159877,52.328207],[5.104868,52.363801],[5.10325,52.39616],[5.159877,52.428518],[5.193854,52.428518],[5.167967,52.472202],[5.119429,52.515886],[5.09516,52.582221],[5.261806,52.648556],[5.277986,52.685768],[5.308726,52.698712],[5.358882,52.689004],[5.370323,52.790339],[5.557887,52.792552],[5.65658,52.834618],[5.75012,52.83507]]]}},{"type":"Feature","properties":{"NAMEUNIT":"Utrecht","COUNTRY":"Netherlands","boundary_level":"admin1"},"geometry":{"type":"Polygon","coordinates":[[[5.40875,52.267161],[5.396911,52.219862],[5.438666,52.195936],[5.424093,52.17542],[5.512821,52.136249],[5.508481,52.11346],[5.468638,52.082299],[5.509256,52.071809],[5.553336,52.10483],[5.572249,52.019047],[5.616484,51.97781],[5.615709,51.948251],[5.461972,51.987628],[5.310508,51.959723],[5.254336,51.97905],[5.172946,51.967784],[5.104888,52.003803],[5.030422,51.974347],[4.988977,51.980187],[4.88733,51.941171],[4.824336,51.996826],[4.854011,52.008101],[4.849567,52.020165],[4.799405,52.022705],[4.831153,52.052548],[4.877718,52.071396],[4.832529,52.071596],[4.819829,52.108847],[4.79085,52.119713],[4.825577,52.140487],[4.8633,52.133872],[4.853689,52.163431],[4.86268,52.167979],[4.767854,52.221206],[4.911256,52.255622],[4.933115,52.275466],[4.986342,52.285491],[5.065769,52.279238],[5.030422,52.267146],[5.058172,52.23738],[5.034022,52.204515],[5.045028,52.16811],[5.202039,52.187409],[5.268289,52.277481],[5.366119,52.283151],[5.40875,52.267161]]]}},{"type":"Feature","properties":{"NAMEUNIT":"Midlands","COUNTRY":"Ireland","boundary_level":"admin1"},"geometry":{"type":"Polygon","coordinates":[[[-6.93293,52.841374],[-6.944764,52.821014],[-7.047394,52.79316],[-7.075092,52.820807],[-7.119741,52.832228],[-7.138034,52.869176],[-7.183458,52.888193],[-7.248002,52.850935],[-7.304897,52.854138],[-7.340296,52.821221],[-7.362155,52.823598],[-7.391714,52.802255],[-7.453364,52.785616],[-7.562401,52.818895],[-7.618728,52.785616],[-7.668234,52.779828],[-7.678001,52.812539],[-7.712831,52.853725],[-7.702548,52.887315],[-7.657382,52.925555],[-7.708025,52.936821],[-7.728489,52.955941],[-7.813135,52.96917],[-7.85396,52.946329],[-7.847293,52.934599],[-7.856957,52.921731],[-7.920002,52.883077],[-7.951318,52.888348],[-7.94615,52.871398],[-7.965684,52.853105],[-8.027747,52.893516],[-8.042889,52.929018],[-7.995708,52.926744],[-7.973332,52.940438],[-7.968888,52.954184],[-7.994106,52.982709],[-7.945995,52.992218],[-7.960258,53.025239],[-7.927702,53.042137],[-7.915868,53.079654],[-7.941189,53.117688],[-8.07653,53.170398],[-7.994726,53.197218],[-7.969198,53.224659],[-8.047643,53.282123],[-8.012503,53.323877],[-7.932921,53.375709],[-7.957674,53.454567],[-7.962997,53.524278],[-8.032347,53.619156],[-7.949354,53.735532],[-7.887239,53.769638],[-7.887601,53.788913],[-7.922017,53.811599],[-7.889203,53.82302],[-7.859644,53.808499],[-7.850342,53.828859],[-7.792878,53.815217],[-7.772311,53.85661],[-7.678931,53.917433],[-7.638676,53.935209],[-7.598781,53.933142],[-7.540077,53.888752],[-7.566639,53.858832],[-7.486282,53.859038],[-7.443029,53.807207],[-7.388768,53.778992],[-7.338539,53.795373],[-7.287172,53.776821],[-7.226298,53.734136],[-7.21374,53.70649],[-7.053595,53.648509],[-6.997836,53.671453],[-6.950759,53.653883],[-6.981455,53.580502],[-7.01246,53.571821],[-7.0075,53.539678],[-7.023002,53.506398],[-7.053492,53.49937],[-7.061036,53.468261],[-7.181597,53.427592],[-7.0738,53.375657],[-7.070855,53.362014],[-6.987759,53.307186],[-7.011892,53.279332],[-7.018042,53.249877],[-7.060881,53.227449],[-7.014993,53.21391],[-7.028997,53.187658],[-7.143667,53.182801],[-7.062483,53.159805],[-7.091009,53.136292],[-7.046774,53.055935],[-7.077056,52.997954],[-7.050701,52.975268],[-6.991066,52.970824],[-6.970654,52.958008],[-6.934377,52.912223],[-6.93293,52.841374]]]}},{"type":"Feature","properties":{"NAMEUNIT":"Hesse","COUNTRY":"Germany","boundary_level":"admin1"},"geometry":{"type":"Polygon","coordinates":[[[9.949243,51.381799],[9.923767,51.356297],[9.947021,51.303949],[10.049134,51.27656],[10.048514,51.25775],[10.077246,51.224884],[10.172847,51.206074],[10.232895,51.179874],[10.198737,51.116338],[10.173622,51.144837],[10.125977,51.136104],[10.169075,51.115485],[10.141014,51.058693],[10.205403,51.031717],[10.191141,50.996629],[10.051149,51.007016],[10.026189,50.995725],[10.023554,50.982108],[10.043088,50.961644],[10.041382,50.940922],[9.951879,50.935909],[9.955599,50.924799],[9.969707,50.929088],[9.974203,50.906144],[10.008516,50.92051],[10.055955,50.882631],[10.026034,50.858756],[10.023089,50.833306],[9.949398,50.815193],[9.946246,50.776591],[9.920666,50.763775],[9.935549,50.750985],[9.933379,50.732821],[9.913225,50.692668],[9.881237,50.667114],[9.877671,50.643602],[9.882632,50.634016],[9.947693,50.627427],[9.960405,50.639648],[9.950949,50.662748],[10.004175,50.676545],[10.060348,50.665874],[10.076005,50.622001],[10.045878,50.60549],[10.056885,50.554434],[10.044483,50.521904],[10.055025,50.516503],[10.000868,50.448446],[9.918341,50.413771],[9.847441,50.397958],[9.80181,50.419248],[9.778969,50.414262],[9.742848,50.347108],[9.748584,50.30556],[9.673498,50.275123],[9.658253,50.254349],[9.661199,50.23435],[9.59774,50.224015],[9.507926,50.23559],[9.498418,50.178798],[9.52901,50.166861],[9.506686,50.108105],[9.406744,50.092343],[9.377547,50.123246],[9.329126,50.139291],[9.235127,50.14433],[9.193527,50.136527],[9.188101,50.119835],[9.149292,50.097563],[9.154873,50.111205],[9.110845,50.125881],[9.012143,50.099061],[9.005942,50.06635],[8.976589,50.052785],[9.02594,50.044956],[9.053122,49.981652],[9.028111,49.985425],[9.026716,49.907393],[9.068935,49.831429],[9.091259,49.843315],[9.099166,49.800268],[9.14092,49.787349],[9.119681,49.761924],[9.148982,49.743579],[9.135029,49.697949],[9.099476,49.686425],[9.11131,49.639813],[9.072656,49.610874],[9.11069,49.575114],[9.074671,49.56682],[9.126813,49.508167],[9.076377,49.518993],[9.035087,49.50132],[8.953645,49.502741],[8.927238,49.481528],[8.940313,49.447318],[8.914061,49.437655],[8.901349,49.446595],[8.852308,49.39745],[8.814429,49.403005],[8.812723,49.422255],[8.832619,49.435432],[8.830914,49.468557],[8.852308,49.484732],[8.876957,49.475482],[8.890496,49.506126],[8.828433,49.502819],[8.807607,49.523489],[8.764923,49.523799],[8.718104,49.541783],[8.691542,49.573693],[8.691697,49.602296],[8.675729,49.622501],[8.598886,49.609995],[8.616611,49.545038],[8.566175,49.527313],[8.474449,49.585759],[8.41683,49.579455],[8.360555,49.664462],[8.36226,49.690921],[8.37921,49.710403],[8.439103,49.726526],[8.47662,49.767505],[8.423807,49.767298],[8.340091,49.891012],[8.355129,49.925635],[8.33544,49.959638],[8.228108,50.038186],[8.173796,50.045783],[8.048532,50.018368],[7.961923,49.983099],[7.878155,49.972945],[7.849836,50.010746],[7.771392,50.053483],[7.838881,50.084359],[7.85919,50.118698],[7.921718,50.108802],[7.930452,50.136346],[7.895984,50.162313],[7.922183,50.200089],[7.99329,50.228356],[8.023056,50.215876],[8.043571,50.236417],[8.033598,50.245719],[8.041711,50.261842],[8.122068,50.27166],[8.10734,50.31109],[8.049463,50.371293],[7.973395,50.400257],[8.01918,50.454905],[7.999336,50.465912],[8.004452,50.520741],[8.052873,50.546011],[8.114626,50.528777],[8.137261,50.541566],[8.163822,50.585802],[8.120053,50.64988],[8.143927,50.697784],[8.166923,50.707861],[8.174985,50.74388],[8.13416,50.781345],[8.283453,50.879427],[8.303297,50.879634],[8.320195,50.861805],[8.36412,50.861599],[8.427114,50.908728],[8.463752,50.914489],[8.490624,50.972961],[8.544884,51.020659],[8.524731,51.093316],[8.660846,51.088174],[8.70627,51.106338],[8.695728,51.130497],[8.75221,51.177936],[8.722755,51.268706],[8.617231,51.240232],[8.575632,51.270204],[8.68162,51.362007],[8.935145,51.391282],[8.949614,51.412366],[8.917006,51.421461],[8.900883,51.476212],[9.015398,51.509156],[9.078547,51.488485],[9.084903,51.457066],[9.108674,51.442907],[9.153788,51.438282],[9.212441,51.456963],[9.224275,51.487038],[9.29626,51.517579],[9.335999,51.553959],[9.355068,51.592639],[9.333053,51.606669],[9.417751,51.627133],[9.440075,51.649044],[9.466792,51.655013],[9.486946,51.653282],[9.492062,51.634265],[9.507771,51.628399],[9.549319,51.640259],[9.585338,51.625996],[9.620891,51.631112],[9.686055,51.571943],[9.671327,51.559282],[9.637789,51.57215],[9.644766,51.550032],[9.619651,51.552487],[9.61252,51.523677],[9.594795,51.518199],[9.638254,51.470295],[9.636239,51.403736],[9.578982,51.397587],[9.562859,51.38136],[9.57092,51.361387],[9.534747,51.366581],[9.541258,51.358312],[9.682644,51.314956],[9.722022,51.290461],[9.769513,51.314878],[9.784757,51.338701],[9.750754,51.331337],[9.712565,51.362602],[9.792043,51.390352],[9.796384,51.408387],[9.832816,51.397587],[9.860928,51.372058],[9.875501,51.381722],[9.862789,51.408697],[9.901598,51.418981],[9.905783,51.403684],[9.949243,51.381799]]]}},{"type":"Feature","properties":{"NAMEUNIT":"Turingia","COUNTRY":"Germany","boundary_level":"admin1"},"geometry":{"type":"Polygon","coordinates":[[[9.947021,51.303949],[9.923767,51.356297],[9.930433,51.371697],[10.041692,51.432261],[10.069184,51.420066],[10.084687,51.431073],[10.149696,51.431796],[10.146751,51.440633],[10.172227,51.449341],[10.18959,51.477892],[10.232275,51.470089],[10.291238,51.491276],[10.364618,51.542436],[10.37485,51.58574],[10.431023,51.590701],[10.514222,51.556285],[10.618453,51.573441],[10.645325,51.561142],[10.654161,51.578247],[10.629202,51.600985],[10.64889,51.619744],[10.697621,51.637365],[10.803455,51.632559],[10.945565,51.594732],[10.951921,51.576955],[10.91921,51.576129],[10.912078,51.565483],[10.971506,51.466575],[10.972592,51.418205],[11.288955,51.388853],[11.367193,51.357486],[11.45189,51.271496],[11.422435,51.243746],[11.333035,51.216306],[11.388587,51.189899],[11.420265,51.159668],[11.427551,51.129128],[11.416544,51.122203],[11.433287,51.095615],[11.667743,51.100654],[11.693685,51.088329],[11.697405,51.06417],[11.73947,51.014716],[11.860651,51.022622],[11.931396,50.998076],[11.998265,50.949294],[12.067925,50.956115],[12.125648,50.94441],[12.153605,50.953479],[12.200785,50.927899],[12.275406,51.009755],[12.244245,51.036058],[12.264554,51.083756],[12.328943,51.087838],[12.483662,51.058331],[12.491414,51.028462],[12.532393,50.979679],[12.602208,50.952472],[12.646908,50.892398],[12.61089,50.870125],[12.507847,50.88152],[12.424389,50.82434],[12.370542,50.825994],[12.258043,50.792507],[12.256803,50.782327],[12.289049,50.76331],[12.249206,50.742588],[12.241248,50.722176],[12.268895,50.718248],[12.278817,50.679698],[12.321812,50.674013],[12.301503,50.65156],[12.252927,50.626316],[12.186936,50.626367],[12.158721,50.603733],[12.145388,50.562547],[12.081154,50.561255],[12.048547,50.531567],[11.989429,50.546114],[11.927675,50.497357],[11.947054,50.471028],[11.934342,50.442089],[11.872278,50.402712],[11.823702,50.391446],[11.784738,50.414262],[11.621182,50.386796],[11.569816,50.394599],[11.525788,50.379147],[11.487289,50.396717],[11.477212,50.427491],[11.421195,50.443045],[11.420575,50.485704],[11.438713,50.497202],[11.427086,50.513093],[11.346729,50.518725],[11.316292,50.492526],[11.248647,50.47263],[11.259034,50.403229],[11.280273,50.358632],[11.259034,50.320908],[11.265855,50.305043],[11.255313,50.274864],[11.207513,50.285096],[11.19232,50.271557],[11.143279,50.301219],[11.135372,50.309333],[11.156456,50.32915],[11.112531,50.365195],[11.049693,50.347728],[10.997551,50.363645],[10.987939,50.349899],[10.943394,50.387338],[10.788882,50.386253],[10.757824,50.357753],[10.721961,50.357443],[10.714985,50.321942],[10.841127,50.27011],[10.845674,50.246546],[10.738911,50.247683],[10.720566,50.207272],[10.617058,50.224402],[10.594578,50.267578],[10.591323,50.325972],[10.552359,50.358787],[10.497272,50.354472],[10.449471,50.399146],[10.397381,50.39956],[10.399397,50.422943],[10.341054,50.458781],[10.327515,50.489115],[10.2315,50.512628],[10.197187,50.548181],[10.130007,50.548078],[10.126132,50.562857],[10.047428,50.516968],[10.056885,50.554434],[10.045878,50.60549],[10.076005,50.622001],[10.056885,50.66776],[9.997612,50.676235],[9.950949,50.662748],[9.960405,50.639648],[9.947693,50.627427],[9.879532,50.637116],[9.881237,50.667114],[9.913225,50.692668],[9.933379,50.732821],[9.935549,50.750985],[9.920666,50.763775],[9.946246,50.776591],[9.949398,50.815193],[10.023089,50.833306],[10.026034,50.858756],[10.055955,50.882631],[10.008516,50.92051],[9.974203,50.906144],[9.969707,50.929088],[9.952654,50.926504],[9.953274,50.938958],[10.041382,50.940922],[10.043088,50.961644],[10.023554,50.982108],[10.026189,50.995725],[10.051149,51.007016],[10.191141,50.996629],[10.205403,51.031717],[10.141014,51.058693],[10.169075,51.115485],[10.125977,51.136104],[10.173622,51.144837],[10.198737,51.116338],[10.232895,51.179874],[10.172847,51.206074],[10.077246,51.224884],[10.048514,51.25775],[10.049134,51.27656],[9.947021,51.303949]]]}},{"type":"Feature","properties":{"NAMEUNIT":"Sajonia-Anhalt","COUNTRY":"Germany","boundary_level":"admin1"},"geometry":{"type":"Polygon","coordinates":[[[10.697621,51.637365],[10.669044,51.66987],[10.661138,51.711004],[10.583881,51.780302],[10.580161,51.844898],[10.639899,51.883552],[10.635248,51.91156],[10.613027,51.924531],[10.618143,51.943445],[10.64548,51.957087],[10.590238,51.976156],[10.570084,52.0068],[10.621605,52.010521],[10.660828,52.044731],[10.96298,52.05982],[10.969336,52.08354],[10.94882,52.09974],[11.048298,52.139712],[11.054344,52.168392],[11.027214,52.177539],[11.020702,52.19405],[11.085091,52.230714],[11.078425,52.250971],[11.063645,52.243685],[11.0607,52.26141],[11.01476,52.287403],[11.033725,52.306472],[10.999257,52.34032],[11.0638,52.353833],[11.072999,52.372178],[11.010729,52.403468],[10.939054,52.462121],[10.952541,52.494419],[11.001737,52.49814],[10.946495,52.562942],[10.948355,52.588935],[10.976777,52.616272],[10.928202,52.614205],[10.836941,52.710271],[10.800974,52.722467],[10.793843,52.747943],[10.756894,52.786494],[10.758599,52.835096],[10.941689,52.859074],[10.989335,52.882121],[10.998792,52.905867],[11.014656,52.911861],[11.213559,52.897753],[11.253298,52.876153],[11.408741,52.905246],[11.470391,52.940076],[11.502017,52.944159],[11.496281,52.969403],[11.509768,53.003845],[11.551988,53.005654],[11.58134,53.042861],[11.625678,53.050302],[11.636272,53.037125],[11.622268,53.022397],[11.68061,53.012165],[11.694201,52.98395],[11.762879,52.995112],[11.807269,52.960334],[11.850781,52.955114],[11.831867,52.928242],[11.896721,52.901732],[11.982607,52.883051],[12.096967,52.891087],[12.11123,52.866644],[12.174999,52.872484],[12.213808,52.854604],[12.233962,52.809774],[12.195049,52.779234],[12.208692,52.751923],[12.190088,52.736058],[12.228071,52.690169],[12.225745,52.672599],[12.204661,52.64118],[12.161976,52.63609],[12.150814,52.579995],[12.123322,52.552994],[12.161666,52.548963],[12.146318,52.531833],[12.15593,52.515916],[12.192982,52.518965],[12.211792,52.54222],[12.256027,52.514159],[12.295095,52.516123],[12.286723,52.484213],[12.247656,52.444706],[12.257423,52.426878],[12.231946,52.386467],[12.235202,52.350035],[12.205746,52.301692],[12.209002,52.279006],[12.248069,52.252418],[12.19908,52.19392],[12.256338,52.130823],[12.361344,52.057701],[12.365116,52.04008],[12.42563,52.010211],[12.471518,52.019978],[12.561539,51.971712],[12.607634,51.965407],[12.666752,51.994449],[12.794754,51.946235],[12.844105,51.941688],[12.876868,51.910811],[12.962031,51.903706],[13.066159,51.852649],[13.132253,51.857558],[13.16083,51.844381],[13.179124,51.861383],[13.236846,51.855491],[13.157885,51.782111],[13.15897,51.74108],[13.178348,51.696586],[13.061663,51.615093],[13.008746,51.636693],[12.977844,51.627702],[12.901983,51.6554],[12.891027,51.670076],[12.862037,51.668319],[12.781577,51.627004],[12.715328,51.638192],[12.662101,51.60145],[12.45245,51.603776],[12.43059,51.57246],[12.29773,51.551221],[12.235357,51.56215],[12.195359,51.528741],[12.190708,51.47014],[12.15624,51.446111],[12.184611,51.331079],[12.146008,51.313612],[12.132624,51.289014],[12.141668,51.252944],[12.164612,51.226512],[12.168022,51.197444],[12.153295,51.170004],[12.184146,51.164061],[12.179495,51.136827],[12.218304,51.0913],[12.264554,51.083756],[12.244245,51.036058],[12.276026,51.012856],[12.200785,50.927899],[12.153605,50.953479],[12.125648,50.94441],[12.067925,50.956115],[11.998265,50.949294],[11.931396,50.998076],[11.860651,51.022622],[11.73947,51.014716],[11.697405,51.06417],[11.693685,51.088329],[11.667743,51.100654],[11.535245,51.100292],[11.504652,51.089233],[11.429876,51.097166],[11.416544,51.122203],[11.427551,51.129128],[11.420265,51.159668],[11.388587,51.189899],[11.333035,51.216306],[11.422435,51.243746],[11.45189,51.271496],[11.367193,51.357486],[11.288955,51.388853],[10.972592,51.418205],[10.971506,51.466575],[10.912078,51.565483],[10.91921,51.576129],[10.951921,51.576955],[10.941844,51.59853],[10.803455,51.632559],[10.697621,51.637365]]]}},{"type":"Feature","properties":{"NAMEUNIT":"Berlín","COUNTRY":"Germany","boundary_level":"admin1"},"geometry":{"type":"Polygon","coordinates":[[[13.476728,52.661618],[13.501274,52.643505],[13.50329,52.610174],[13.569074,52.563407],[13.64757,52.539274],[13.626331,52.487029],[13.66452,52.489768],[13.750923,52.450287],[13.734335,52.419643],[13.7086,52.404605],[13.701417,52.370008],[13.64447,52.342025],[13.626486,52.3844],[13.528095,52.404915],[13.484376,52.398662],[13.458125,52.416749],[13.424948,52.407344],[13.425672,52.381092],[13.375752,52.38657],[13.34578,52.407396],[13.309193,52.401091],[13.294259,52.415096],[13.252194,52.40476],[13.214057,52.417059],[13.156489,52.396854],[13.0921,52.4137],[13.11675,52.440469],[13.114425,52.4738],[13.156799,52.501033],[13.140935,52.524288],[13.154784,52.599555],[13.216847,52.587436],[13.209251,52.603818],[13.220723,52.625987],[13.261547,52.633067],[13.289143,52.657122],[13.302785,52.656192],[13.310227,52.629656],[13.364229,52.62361],[13.412029,52.648725],[13.438436,52.641593],[13.476728,52.661618]]]}},{"type":"Feature","properties":{"NAMEUNIT":"Zagreb","COUNTRY":"Croatia","boundary_level":"admin1"},"geometry":{"type":"Polygon","coordinates":[[[16.0125,45.92868858134366],[16.0125,45.73795272391423],[15.946167,45.693916],[15.938498,45.642791],[15.921488,45.622384],[15.881284,45.654165],[15.773125,45.700363],[15.782427,45.738087],[15.813241,45.724592],[15.833691,45.755267],[15.813241,45.775717],[15.846919,45.809401],[15.810074,45.840975],[15.768113,45.844179],[15.77142,45.867537],[15.81426,45.877975],[15.820616,45.913684],[15.939472,45.933837],[15.965568,45.911048],[16.0125,45.92868858134366]]]}},{"type":"Feature","properties":{"NAMEUNIT":"Greater London","COUNTRY":"United Kingdom","boundary_level":"admin1"},"geometry":{"type":"Polygon","coordinates":[[[-0.188639,51.339657],[-0.219464,51.328288],[-0.218069,51.35299],[-0.243106,51.373557],[-0.312249,51.324103],[-0.315014,51.34715],[-0.298064,51.370508],[-0.311707,51.392445],[-0.431725,51.430194],[-0.44144,51.453862],[-0.473661,51.458823],[-0.497199,51.477788],[-0.471439,51.549955],[-0.493453,51.590934],[-0.481412,51.616049],[-0.373925,51.614369],[-0.254191,51.644135],[-0.238378,51.672195],[-0.217526,51.654108],[-0.173369,51.66633],[-0.148099,51.689093],[-0.01126,51.677208],[-0.012836,51.649923],[0.083876,51.601037],[0.112195,51.615506],[0.248078,51.627443],[0.270532,51.593544],[0.308307,51.578816],[0.336109,51.539955],[0.272754,51.516597],[0.247742,51.519956],[0.211362,51.456885],[0.160797,51.417172],[0.169142,51.388543],[0.155242,51.354695],[0.09664,51.311029],[0.093824,51.288291],[0.022485,51.28966],[0.016309,51.318522],[-0.026711,51.330769],[-0.1281,51.289118],[-0.188639,51.339657]]]}},{"type":"Feature","properties":{"NAMEUNIT":"Voivodato de Gran Polonia","COUNTRY":"Poland","boundary_level":"admin1"},"geometry":{"type":"Polygon","coordinates":[[[16.0125,51.984251614781385],[15.962985,52.046772],[15.907898,52.064859],[15.857048,52.103745],[15.849813,52.168987],[15.90118,52.28699],[15.899009,52.348485],[15.836584,52.424242],[15.88485,52.433286],[15.884953,52.46331],[15.864903,52.534778],[15.829556,52.593844],[15.825732,52.649655],[15.838031,52.702675],[15.967222,52.727376],[15.976834,52.743086],[15.955337,52.792333],[15.924641,52.809645],[16.0125,52.87798991579867],[16.0125,51.984251614781385]]]}},{"type":"Feature","properties":{"NAMEUNIT":"Vysočina","COUNTRY":"Czech Republic","boundary_level":"admin1"},"geometry":{"type":"Polygon","coordinates":[[[15.986441,49.03589],[15.948252,49.056061],[15.891299,49.029167],[15.877412,49.006084],[15.808155,48.997647],[15.735821,48.954438],[15.68001,48.973741],[15.634131,48.945264],[15.602095,48.971302],[15.574695,48.966215],[15.525037,48.983266],[15.499241,49.001151],[15.501109,49.019652],[15.537891,49.048898],[15.549537,49.076001],[15.59825,49.086669],[15.542703,49.129208],[15.405242,49.123726],[15.34908,49.159025],[15.331722,49.204596],[15.200127,49.232666],[15.163433,49.209683],[15.029685,49.282742],[14.977083,49.269822],[14.920591,49.300287],[14.91312,49.340904],[14.884952,49.368457],[14.9071,49.448218],[14.889522,49.499469],[14.940037,49.516081],[14.941158,49.529956],[14.922788,49.544316],[14.97928,49.580746],[14.982378,49.598324],[15.128562,49.587723],[15.235481,49.615166],[15.22511,49.652344],[15.168003,49.686841],[15.217618,49.74441],[15.265562,49.746036],[15.383028,49.793398],[15.430664,49.795232],[15.454746,49.836629],[15.483135,49.851713],[15.484981,49.875564],[15.528289,49.857019],[15.583902,49.807526],[15.683438,49.806372],[15.769746,49.773545],[15.783304,49.751573],[15.829336,49.732489],[15.85878,49.699827],[15.933904,49.692576],[16.007425,49.729732],[16.0125,49.036606446431556],[15.986441,49.03589]]]}},{"type":"Feature","properties":{"NAMEUNIT":"Bohemia Central","COUNTRY":"Czech Republic","boundary_level":"admin1"},"geometry":{"type":"Polygon","coordinates":[[[15.504734,49.955457],[15.483135,49.851713],[15.454746,49.836629],[15.430664,49.795232],[15.383028,49.793398],[15.265562,49.746036],[15.217618,49.74441],[15.168003,49.686841],[15.22511,49.652344],[15.235481,49.615166],[15.157105,49.590623],[15.034673,49.587371],[14.982378,49.598324],[14.97928,49.580746],[14.916285,49.5437],[14.8846,49.571243],[14.836546,49.575165],[14.826944,49.590162],[14.766848,49.613925],[14.736306,49.591348],[14.725913,49.553006],[14.623323,49.517553],[14.575686,49.530704],[14.415857,49.537548],[14.330537,49.518531],[14.281187,49.55016],[14.247964,49.554082],[14.130806,49.527704],[14.029776,49.543129],[13.996136,49.513774],[13.916968,49.492691],[13.819344,49.512126],[13.755579,49.489494],[13.763643,49.536153],[13.741319,49.561169],[13.73899,49.601785],[13.701109,49.624988],[13.710008,49.644775],[13.693836,49.656299],[13.709546,49.665583],[13.689024,49.682194],[13.805545,49.741366],[13.782451,49.763009],[13.805237,49.856217],[13.835362,49.86727],[13.825144,49.913346],[13.654461,49.994085],[13.572327,49.996073],[13.514934,50.029823],[13.467891,50.041029],[13.410323,50.032713],[13.418079,50.062837],[13.405686,50.087183],[13.491358,50.128525],[13.529502,50.168724],[13.662503,50.217514],[13.72117,50.218338],[13.816465,50.250165],[13.854126,50.244222],[13.942588,50.287376],[13.981656,50.29177],[14.0042,50.331816],[14.237571,50.325202],[14.279934,50.343285],[14.349126,50.349284],[14.370066,50.375431],[14.357827,50.427265],[14.393379,50.423233],[14.451563,50.44938],[14.475271,50.494391],[14.571973,50.495116],[14.597242,50.472561],[14.704314,50.488426],[14.826306,50.53759],[14.904507,50.600431],[14.95867,50.60276],[15.005537,50.595312],[15.043352,50.573196],[15.07596,50.576657],[15.09534,50.534953],[15.130891,50.514595],[15.121443,50.486712],[15.146097,50.413719],[15.118037,50.369433],[15.120191,50.344373],[15.184746,50.323027],[15.208609,50.285673],[15.331809,50.285234],[15.351255,50.272775],[15.382105,50.18361],[15.356682,50.153892],[15.412845,50.105992],[15.391136,50.089974],[15.392849,50.047753],[15.340247,50.034053],[15.504734,49.955457]],[[14.624422,49.996183],[14.652635,50.007027],[14.641165,50.05095],[14.683067,50.092423],[14.537806,50.167482],[14.346028,50.140566],[14.330691,50.114649],[14.283208,50.120878],[14.213533,50.099378],[14.246097,50.077955],[14.240362,50.059278],[14.314366,49.986768],[14.326187,49.951919],[14.49564,49.979154],[14.54231,49.999897],[14.624422,49.996183]]]}},{"type":"Feature","properties":{"NAMEUNIT":"Praga","COUNTRY":"Czech Republic","boundary_level":"admin1"},"geometry":{"type":"Polygon","coordinates":[[[14.537806,50.167482],[14.683067,50.092423],[14.641165,50.05095],[14.654173,50.011784],[14.646746,49.999853],[14.54231,49.999897],[14.49564,49.979154],[14.326187,49.951919],[14.314366,49.986768],[14.240362,50.059278],[14.246097,50.077955],[14.213028,50.096477],[14.283208,50.120878],[14.330691,50.114649],[14.346028,50.140566],[14.537806,50.167482]]]}},{"type":"Feature","properties":{"NAMEUNIT":"Andorra la Vella","COUNTRY":"Andorra","boundary_level":"admin1"},"geometry":{"type":"Polygon","coordinates":[[[1.556351,42.538114],[1.519168,42.497956],[1.49314,42.493494],[1.487191,42.518035],[1.556351,42.538114]]]}},{"type":"Feature","properties":{"NAMEUNIT":"Umbria","COUNTRY":"Italy","boundary_level":"admin1"},"geometry":{"type":"MultiPolygon","coordinates":[[[[12.87717,42.581431],[12.880115,42.564688],[12.780029,42.52707],[12.755222,42.500297],[12.717649,42.494046],[12.722153,42.454],[12.652017,42.443816],[12.612136,42.463119],[12.611675,42.433797],[12.592603,42.401002],[12.533013,42.368472],[12.509854,42.389401],[12.438706,42.389038],[12.43106,42.393092],[12.451516,42.42103],[12.417371,42.428468],[12.393596,42.462504],[12.342839,42.491925],[12.300674,42.489915],[12.280217,42.510404],[12.271538,42.566105],[12.245479,42.585518],[12.235833,42.64758],[12.152358,42.675814],[12.128738,42.657346],[12.025137,42.645558],[11.930303,42.709103],[11.93061,42.722616],[11.963547,42.740678],[11.973457,42.760288],[11.933093,42.791105],[11.889016,42.850387],[11.949836,42.889367],[11.93217,42.927204],[11.977808,43.046361],[11.963547,43.073135],[11.933247,43.063775],[11.917756,43.122431],[11.944563,43.167903],[12.00958,43.196929],[12.029004,43.250224],[12.096658,43.245521],[12.213179,43.291049],[12.198457,43.318778],[12.173452,43.296784],[12.138713,43.299992],[12.132627,43.357252],[12.080837,43.371875],[12.073652,43.411195],[12.037068,43.416524],[12.131287,43.477476],[12.129529,43.496306],[12.097581,43.518279],[12.137483,43.531605],[12.204807,43.616826],[12.285952,43.591602],[12.358857,43.619408],[12.353123,43.573826],[12.309727,43.566696],[12.309089,43.552073],[12.392563,43.522355],[12.431675,43.538428],[12.48832,43.52197],[12.608884,43.428872],[12.638635,43.443605],[12.691084,43.4343],[12.712683,43.453932],[12.758167,43.461227],[12.746499,43.37883],[12.791191,43.319712],[12.795674,43.278469],[12.850935,43.208728],[12.856824,43.175582],[12.833884,43.142953],[12.892837,43.09391],[12.895781,43.007195],[12.91314,42.963425],[12.964666,42.926808],[12.972114,42.888696],[12.990461,42.892838],[12.988594,42.915679],[13.043064,42.919348],[13.137217,42.849453],[13.150444,42.823613],[13.224294,42.847674],[13.239478,42.838544],[13.256287,42.802476],[13.250332,42.770824],[13.199334,42.755971],[13.183315,42.715167],[13.187798,42.690316],[13.15385,42.645097],[13.11876,42.645954],[13.059346,42.62375],[13.017576,42.631561],[12.999294,42.608875],[12.901978,42.6096],[12.87717,42.581431]]],[[[12.445252,43.611044],[12.430727,43.58971],[12.407577,43.610136],[12.429819,43.63147],[12.445252,43.611044]]]]}},{"type":"Feature","properties":{"NAMEUNIT":"Centre-Val de Loire","COUNTRY":"France","boundary_level":"admin1"},"geometry":{"type":"Polygon","coordinates":[[[2.858913,47.544252],[2.932148,47.440179],[2.875041,47.337116],[2.976862,47.260453],[3.033486,47.12219],[3.031618,47.075839],[3.068423,47.045506],[3.075564,46.973952],[3.054162,46.913263],[3.073235,46.870318],[3.029773,46.790941],[2.931379,46.78324],[2.867614,46.754412],[2.838149,46.725935],[2.805542,46.730736],[2.780735,46.714587],[2.722243,46.734307],[2.653293,46.69012],[2.628025,46.689296],[2.619675,46.661369],[2.576213,46.650591],[2.593418,46.628728],[2.585507,46.601394],[2.615786,46.569897],[2.617346,46.551967],[2.399641,46.521765],[2.340051,46.500573],[2.291623,46.468383],[2.253896,46.419801],[2.102329,46.415879],[1.881525,46.438203],[1.831384,46.420472],[1.770739,46.452002],[1.753469,46.442104],[1.75237,46.41489],[1.736879,46.398257],[1.672478,46.401015],[1.628884,46.38125],[1.603923,46.389413],[1.598034,46.407354],[1.525525,46.414429],[1.414431,46.350939],[1.344909,46.396137],[1.290769,46.371593],[1.194067,46.377636],[1.177016,46.387018],[1.194682,46.42792],[1.142387,46.464505],[1.142585,46.512196],[1.111538,46.532532],[1.026789,46.5383],[1.014089,46.564392],[0.924111,46.605734],[0.906994,46.644186],[0.916926,46.69948],[0.902358,46.729814],[0.831452,46.779417],[0.713371,46.90008],[0.671777,46.965976],[0.572439,47.0039],[0.583667,46.965042],[0.572746,46.954989],[0.483713,46.950804],[0.433923,46.932742],[0.326674,46.938532],[0.303581,46.965921],[0.306987,47.042583],[0.27717,47.045297],[0.257944,47.063435],[0.200068,47.055503],[0.19185,47.102294],[0.147158,47.098833],[0.135534,47.127046],[0.100114,47.118576],[0.06676,47.153688],[0.105256,47.299081],[0.177063,47.377447],[0.173986,47.414734],[0.221777,47.50224],[0.214328,47.548515],[0.241772,47.602886],[0.385012,47.581441],[0.381298,47.617454],[0.397426,47.630912],[0.443833,47.618849],[0.477824,47.640042],[0.608166,47.67076],[0.60197,47.701477],[0.613264,47.722901],[0.744704,47.787522],[0.770017,47.842454],[0.779619,47.907098],[0.837187,47.94589],[0.844152,48.021641],[0.814709,48.029364],[0.797614,48.062807],[0.852238,48.076243],[0.831606,48.102852],[0.912883,48.147193],[0.847097,48.160992],[0.798383,48.185953],[0.827409,48.208991],[0.796823,48.253233],[0.797922,48.28951],[0.775114,48.312867],[0.788606,48.334982],[0.916464,48.368732],[0.979812,48.433112],[0.949072,48.469499],[0.951071,48.515674],[0.850371,48.582976],[0.822773,48.620572],[0.816423,48.665088],[0.872739,48.69897],[0.999499,48.717592],[1.038918,48.747727],[1.096816,48.752375],[1.108901,48.778215],[1.162756,48.757439],[1.248999,48.749738],[1.323684,48.775369],[1.372397,48.830795],[1.444226,48.863787],[1.454157,48.880629],[1.448093,48.917268],[1.492807,48.939549],[1.570371,48.845396],[1.570525,48.76803],[1.606384,48.748606],[1.578127,48.710726],[1.578896,48.692895],[1.634773,48.642874],[1.698054,48.611969],[1.709436,48.581966],[1.757819,48.552182],[1.763752,48.501205],[1.784978,48.476783],[1.875153,48.44412],[1.91934,48.444483],[1.923054,48.413062],[1.958166,48.38252],[1.977238,48.335916],[1.998684,48.325523],[1.972273,48.284236],[1.988444,48.276744],[2.133508,48.299068],[2.1675,48.309692],[2.197712,48.338706],[2.255918,48.305605],[2.315969,48.328006],[2.360354,48.310461],[2.399465,48.314515],[2.436884,48.249816],[2.513679,48.206618],[2.500188,48.181195],[2.507483,48.157212],[2.450837,48.146621],[2.466811,48.124319],[2.684824,48.122594],[2.745798,48.154422],[2.788337,48.159959],[2.803235,48.151433],[2.795456,48.13324],[2.811123,48.130812],[2.925644,48.155927],[3.022653,48.131845],[3.04511,48.076397],[3.107995,48.032364],[3.117927,48.000844],[3.085012,47.948758],[2.994572,47.907262],[3.012107,47.847233],[2.992353,47.792378],[2.834897,47.749125],[2.836897,47.71587],[2.875349,47.704191],[2.928435,47.659543],[2.925007,47.619003],[2.96926,47.567587],[2.858913,47.544252]]]}},{"type":"Feature","properties":{"NAMEUNIT":"Île-de-France","COUNTRY":"France","boundary_level":"admin1"},"geometry":{"type":"Polygon","coordinates":[[[2.650986,49.094104],[2.680627,49.075768],[2.712114,49.082096],[2.75573,49.067803],[2.794709,49.086667],[2.859397,49.075043],[2.953593,49.088941],[2.986618,49.078866],[3.079738,49.1062],[3.140866,49.093149],[3.174089,49.055663],[3.165564,49.023726],[3.175957,49.004346],[3.319944,48.919905],[3.36323,48.920476],[3.383093,48.870763],[3.435212,48.848384],[3.477905,48.850098],[3.463952,48.817172],[3.409328,48.81314],[3.42561,48.790486],[3.395529,48.753869],[3.42049,48.750353],[3.451252,48.72436],[3.463337,48.685611],[3.459294,48.642402],[3.508205,48.641709],[3.537802,48.61342],[3.493571,48.587734],[3.461316,48.5398],[3.405923,48.524716],[3.420644,48.498492],[3.391047,48.474454],[3.401111,48.44958],[3.395376,48.411744],[3.346355,48.371468],[3.042341,48.361756],[3.013183,48.314152],[3.029926,48.268317],[3.002329,48.229305],[2.940564,48.199543],[2.925644,48.155927],[2.825119,48.131482],[2.795456,48.13324],[2.803235,48.151433],[2.788337,48.159959],[2.745798,48.154422],[2.684824,48.122594],[2.466811,48.124319],[2.450837,48.146621],[2.507483,48.157212],[2.500188,48.181195],[2.513679,48.206618],[2.436884,48.249816],[2.399465,48.314515],[2.360354,48.310461],[2.315969,48.328006],[2.255918,48.305605],[2.197712,48.338706],[2.1675,48.309692],[2.133508,48.299068],[1.988444,48.276744],[1.971657,48.294937],[1.998684,48.325523],[1.977238,48.335916],[1.958166,48.38252],[1.923054,48.413062],[1.91934,48.444483],[1.875153,48.44412],[1.784978,48.476783],[1.763752,48.501205],[1.757819,48.552182],[1.709436,48.581966],[1.698054,48.611969],[1.634773,48.642874],[1.578896,48.692895],[1.578127,48.710726],[1.606384,48.748606],[1.567734,48.772886],[1.570371,48.845396],[1.492807,48.939549],[1.488303,48.973321],[1.451521,48.986153],[1.455388,49.014937],[1.443457,49.035712],[1.454004,49.048632],[1.619875,49.082591],[1.698054,49.230664],[1.737495,49.189455],[1.8857,49.167801],[1.987522,49.177469],[2.071589,49.211933],[2.134563,49.184961],[2.23779,49.163099],[2.318737,49.179578],[2.509196,49.112561],[2.535695,49.117824],[2.583332,49.084546],[2.650986,49.094104]]]}},{"type":"Feature","properties":{"NAMEUNIT":"Madrid","COUNTRY":"Spain","boundary_level":"admin1"},"geometry":{"type":"MultiPolygon","coordinates":[[[[-3.084121,40.158583],[-3.063037,40.098121],[-3.093759,40.072645],[-3.163548,40.066185],[-3.187268,40.088354],[-3.341909,40.044636],[-3.371752,40.0574],[-3.406221,40.045618],[-3.502055,40.048667],[-3.52673,40.023242],[-3.632667,39.991719],[-3.638713,39.96831],[-3.735916,39.938958],[-3.80971,39.893534],[-3.873867,39.926736],[-3.778601,39.953737],[-3.633674,40.043448],[-3.611634,40.081559],[-3.614115,40.106493],[-3.673336,40.131943],[-3.758654,40.137757],[-3.79382,40.164991],[-3.827978,40.16419],[-3.853558,40.182664],[-3.999027,40.221576],[-4.057292,40.258267],[-4.097961,40.245528],[-4.132559,40.251807],[-4.174675,40.283665],[-4.234103,40.268886],[-4.296037,40.220801],[-4.340996,40.249275],[-4.349936,40.298316],[-4.365852,40.309478],[-4.439749,40.239172],[-4.511244,40.202818],[-4.532999,40.19796],[-4.571886,40.212016],[-4.531578,40.289298],[-4.537624,40.334076],[-4.52499,40.338985],[-4.496361,40.316454],[-4.469463,40.320097],[-4.440292,40.350199],[-4.418795,40.402495],[-4.324821,40.41327],[-4.318981,40.544037],[-4.288622,40.57295],[-4.28596,40.626771],[-4.242087,40.602793],[-4.173952,40.62287],[-4.161291,40.68731],[-4.090107,40.76914],[-4.05985,40.784126],[-3.984092,40.788725],[-3.949908,40.873087],[-3.947893,40.908279],[-3.902082,40.958534],[-3.796223,40.991452],[-3.743022,41.051758],[-3.623882,41.139401],[-3.545773,41.161751],[-3.541613,41.144207],[-3.484045,41.095011],[-3.436451,41.077415],[-3.409786,41.0122],[-3.451644,40.907038],[-3.447381,40.880451],[-3.469783,40.86301],[-3.498437,40.796218],[-3.446373,40.76144],[-3.439655,40.723199],[-3.458801,40.694958],[-3.434307,40.675476],[-3.389193,40.686406],[-3.355474,40.649715],[-3.318164,40.646253],[-3.325967,40.597781],[-3.293075,40.568532],[-3.292998,40.535511],[-3.24853,40.541531],[-3.204528,40.513031],[-3.196466,40.443527],[-3.15714,40.425388],[-3.138666,40.394744],[-3.153058,40.336246],[-3.177966,40.312578],[-3.185924,40.249456],[-3.171093,40.242505],[-3.124842,40.274855],[-3.103759,40.269894],[-3.083114,40.227674],[-3.072753,40.157601],[-3.084121,40.158583]]],[[[-4.321927,40.657879],[-4.318488,40.682356],[-4.29935,40.696232],[-4.276279,40.692661],[-4.258437,40.661647],[-4.321927,40.657879]]]]}}]}